categories,cnv_ptg,time_cnv,time_val,working_rules,abrupt_fail,time_fail,ast_fail,large_file_skip,validation_fail,success
,,,,,0,0,0,1,0,0
,,,,,0,0,0,0,0,0
Canvas Fingerprinting|AudioContext Fingerprinting,,,,,0,0,0,0,0,0
,0.192561983,0.7445,0.4348,replace_literals_recursive|obfuscate_functions|replace_int_arrays|replace_float_arrays|replace_class_defs|replace_if_else|replace_for_loops|replace_while_loops|replace_canvas_api_calls|replace_callee|replace_with_regex|replace_obf_screen,0,0,0,0,0,1
,,,,,0,0,0,1,0,0
,0,0.914,0.3544,replace_literals_recursive|obfuscate_functions|replace_int_arrays|replace_float_arrays|replace_class_defs|replace_if_else|replace_for_loops|replace_while_loops|replace_function_calls_with_no_return|replace_callee|replace_with_regex|replace_obf_screen,0,0,0,0,0,1
,,,,,0,0,0,1,0,0
Canvas Fingerprinting|AudioContext Fingerprinting,,,,,0,0,0,0,0,0
Canvas Fingerprinting,0.000928361,3.0188,0.7107,replace_literals_recursive|obfuscate_functions|replace_float_arrays|replace_class_defs|replace_if_else|replace_while_loops|replace_function_calls_with_no_return|replace_with_regex|replace_obf_screen,0,0,0,0,0,1
,0,0.6239,0.3647,replace_literals_recursive|obfuscate_functions|replace_int_arrays|replace_float_arrays|replace_class_defs|replace_func_defs|replace_if_else|replace_for_loops|replace_while_loops|replace_function_calls_with_no_return|replace_canvas_api_calls|replace_callee|replace_with_regex|replace_obf_screen,0,0,0,0,0,1
,,,,,0,0,0,1,0,0
AudioContext Fingerprinting,,,,,0,0,0,0,0,0
,,,,,0,0,0,1,0,0
,,,,,0,0,1,0,0,0
,,,,,0,0,0,1,0,0
AudioContext Fingerprinting,,,,,0,0,1,0,0,0
AudioContext Fingerprinting,0.000259411,5.7854,1.2241,replace_class_defs|replace_while_loops|replace_with_regex|replace_obf_screen,0,0,0,0,0,1
,,,,,0,0,0,1,0,0
Canvas Fingerprinting|AudioContext Fingerprinting,0.001309029,1.9471,0.4353,replace_literals_recursive|replace_class_defs|replace_for_loops|replace_while_loops|replace_callee|replace_with_regex|replace_obf_screen,0,0,0,0,0,1
AudioContext Fingerprinting,,,,,0,0,0,0,0,0
AudioContext Fingerprinting,,,,,0,0,0,0,0,0
AudioContext Fingerprinting,,,,,0,0,0,0,0,0
,,,,,0,0,0,1,0,0
Canvas Fingerprinting|AudioContext Fingerprinting,0.001317263,2.0047,0.43,replace_literals_recursive|replace_class_defs|replace_for_loops|replace_while_loops|replace_callee|replace_with_regex|replace_obf_screen,0,0,0,0,0,1
Canvas Fingerprinting|AudioContext Fingerprinting,0.18682357,1.089,0.7353,replace_literals_recursive|obfuscate_functions|replace_int_arrays|replace_float_arrays|replace_class_defs|replace_if_else|replace_while_loops|replace_function_calls_with_no_return|replace_canvas_api_calls|replace_callee|replace_with_regex|replace_obf_screen,0,0,0,0,0,1
AudioContext Fingerprinting,,,,,0,0,0,0,0,0
,,,,,0,0,0,1,0,0
,,,,,0,0,0,1,0,0
,,,,,0,0,0,1,0,0
WebRTC Fingerprinting,,,,,0,0,0,0,0,0
AudioContext Fingerprinting,,,,,0,0,1,0,0,0
,,,,,0,0,0,1,0,0
,,,,,0,0,0,1,0,0
,,,,,0,0,0,1,0,0
,0.985225505,4.035,0.3647,replace_literals_recursive|obfuscate_functions|replace_int_arrays|replace_float_arrays|replace_class_defs|replace_func_defs|replace_if_else|replace_for_loops|replace_while_loops|replace_function_calls_with_no_return|replace_canvas_api_calls|replace_callee|replace_with_regex|replace_obf_screen,0,0,0,0,0,1
,0.012704918,0.8218,0.3495,replace_literals_recursive|obfuscate_functions|replace_class_defs|replace_if_else|replace_for_loops|replace_while_loops|replace_callee|replace_with_regex|replace_obf_screen,0,0,0,0,0,1
,,,,,0,0,0,1,0,0
,0.997322624,0.6901,0.455,replace_literals_recursive|obfuscate_functions|replace_int_arrays|replace_float_arrays|replace_class_defs|replace_while_loops|replace_function_calls_with_no_return|replace_canvas_api_calls|replace_callee|replace_with_regex|replace_obf_screen,0,0,0,0,0,1
,,,,,0,0,0,1,0,0
,,,,,0,0,0,0,0,0
WebRTC Fingerprinting,,,,,0,0,0,0,0,0
,,,,,0,0,0,1,0,0
,,,,,0,0,0,1,0,0
Canvas Fingerprinting,,,,,0,0,1,0,0,0
,,,,,0,0,0,1,0,0
,0,2.261,0.4461,replace_literals_recursive|replace_while_loops|replace_callee|replace_with_regex|replace_obf_screen,0,0,0,0,0,1
,,,,,0,0,0,1,0,0
,0.380434783,0.6437,0.4128,replace_literals_recursive|obfuscate_functions|replace_int_arrays|replace_float_arrays|replace_class_defs|replace_func_defs|replace_if_else|replace_for_loops|replace_while_loops|replace_function_calls_with_no_return|replace_canvas_api_calls|replace_callee|replace_with_regex|replace_obf_screen,0,0,0,0,0,1
Canvas Fingerprinting,,,,,0,0,1,0,0,0
,,,,,0,0,0,1,0,0
,,,,,0,0,0,1,0,0
,,,,,0,0,0,1,0,0
Canvas Fingerprinting|AudioContext Fingerprinting,,,,,0,0,1,0,0,0
,,,,,0,0,0,1,0,0
,0.057471264,0.6213,0.4018,replace_literals_recursive|obfuscate_functions|replace_int_arrays|replace_float_arrays|replace_class_defs|replace_func_defs|replace_if_else|replace_for_loops|replace_while_loops|replace_function_calls_with_no_return|replace_canvas_api_calls|replace_callee|replace_with_regex|replace_obf_screen,0,0,0,0,0,1
,,,,replace_literals_recursive|obfuscate_functions|replace_int_arrays|replace_float_arrays|replace_class_defs|replace_while_loops|replace_function_calls_with_no_return|replace_with_regex|replace_obf_screen,1,0,0,0,0,0
AudioContext Fingerprinting,,,,,0,0,1,0,0,0
Canvas Fingerprinting|AudioContext Fingerprinting,,,,,0,0,0,0,0,0
,,,,,0,0,0,1,0,0
Canvas Fingerprinting|AudioContext Fingerprinting,0.001312508,1.9597,0.4327,replace_literals_recursive|replace_class_defs|replace_for_loops|replace_while_loops|replace_callee|replace_with_regex|replace_obf_screen,0,0,0,0,0,1
Canvas Fingerprinting,,,,,0,0,0,0,0,0
Canvas Fingerprinting|AudioContext Fingerprinting,,,,,0,0,1,0,0,0
,,,,,0,0,0,1,0,0
,,,,,0,0,0,1,0,0
Canvas Fingerprinting,,,,,0,0,0,0,0,0
WebRTC Fingerprinting|AudioContext Fingerprinting,0.000429447,98.673,0.407,replace_literals_recursive|obfuscate_functions|replace_int_arrays|replace_float_arrays|replace_class_defs|replace_func_defs|replace_if_else|replace_for_loops|replace_while_loops|replace_function_calls_with_no_return|replace_canvas_api_calls|replace_callee|replace_with_regex|replace_obf_screen,0,0,0,0,0,1
,,,,,0,0,0,1,0,0
,,,,,0,0,0,1,0,0
Canvas Font Fingerprinting,0,25.89,1.9061,obfuscate_functions|replace_class_defs|replace_while_loops|replace_callee|replace_with_regex|replace_obf_screen,0,0,0,0,0,1
WebRTC Fingerprinting|AudioContext Fingerprinting,,,,,0,0,0,0,0,0
,,,,,0,0,0,1,0,0
,,,,,0,0,0,1,0,0
,0,3.9166,0.6645,obfuscate_functions|replace_class_defs|replace_callee|replace_with_regex|replace_obf_screen,0,0,0,0,0,1
,,,,,0,0,0,1,0,0
,,,,,0,0,0,1,0,0
,0.286956522,0.6322,0.4258,replace_literals_recursive|obfuscate_functions|replace_int_arrays|replace_float_arrays|replace_class_defs|replace_func_defs|replace_if_else|replace_for_loops|replace_while_loops|replace_function_calls_with_no_return|replace_canvas_api_calls|replace_callee|replace_with_regex|replace_obf_screen,0,0,0,0,0,1
Canvas Fingerprinting,,,,,0,0,0,0,0,0
,,,,,0,0,0,1,0,0
,,,,,0,0,0,1,0,0
AudioContext Fingerprinting,0.000397951,1.2583,0.6437,replace_literals_recursive|replace_class_defs|replace_callee|replace_with_regex|replace_obf_screen,0,0,0,0,0,1
,0.999355504,2.0331,0.459,replace_literals_recursive|obfuscate_functions|replace_int_arrays|replace_float_arrays|replace_class_defs|replace_if_else|replace_for_loops|replace_while_loops|replace_function_calls_with_no_return|replace_callee|replace_with_regex|replace_obf_screen,0,0,0,0,0,1
,,,,,0,0,0,1,0,0
,,,,,0,0,0,1,0,0
,,,,,0,0,0,1,0,0
Canvas Font Fingerprinting,,,,,0,0,0,0,0,0
,,,,,0,0,0,1,0,0
AudioContext Fingerprinting,0.000213361,8.5039,1.2387,replace_class_defs|replace_while_loops|replace_with_regex|replace_obf_screen,0,0,0,0,0,1
,,,,,0,0,0,1,0,0
,2.53E-05,11.0286,1.7031,replace_class_defs|replace_while_loops|replace_callee|replace_with_regex|replace_obf_screen,0,0,0,0,0,1
,,,,,0,0,0,1,0,0
WebRTC Fingerprinting|AudioContext Fingerprinting,,,,,0,0,0,0,0,0
Canvas Fingerprinting,0.000281779,2.665,0.4744,obfuscate_functions|replace_class_defs|replace_while_loops|replace_callee|replace_with_regex|replace_obf_screen,0,0,0,0,0,1
,,,,,0,0,0,1,0,0
,0.985660377,2.7211,0.377,replace_literals_recursive|obfuscate_functions|replace_int_arrays|replace_float_arrays|replace_class_defs|replace_func_defs|replace_if_else|replace_for_loops|replace_while_loops|replace_function_calls_with_no_return|replace_canvas_api_calls|replace_callee|replace_with_regex|replace_obf_screen,0,0,0,0,0,1
WebRTC Fingerprinting|AudioContext Fingerprinting,0.99942486,4.5008,0.9968,replace_class_defs|replace_while_loops|replace_function_calls_with_no_return|replace_with_regex|replace_obf_screen,0,0,0,0,0,1
Canvas Fingerprinting,,,,replace_literals_recursive|replace_int_arrays|replace_float_arrays|replace_class_defs|replace_while_loops|replace_function_calls_with_no_return|replace_with_regex|replace_obf_screen,1,0,0,0,0,0
,,,,,0,0,0,1,0,0
Canvas Fingerprinting,0.001127984,2.8432,0.6285,replace_literals_recursive|obfuscate_functions|replace_class_defs|replace_while_loops|replace_with_regex|replace_obf_screen,0,0,0,0,0,1
AudioContext Fingerprinting,0.000255351,5.8577,1.3047,replace_class_defs|replace_while_loops|replace_with_regex|replace_obf_screen,0,0,0,0,0,1
WebRTC Fingerprinting,,,,,0,0,1,0,0,0
Canvas Fingerprinting|AudioContext Fingerprinting,,,,,0,0,0,0,0,0
,,,,,0,0,0,1,0,0
Canvas Fingerprinting|AudioContext Fingerprinting,,,,,0,0,0,0,0,0
,,,,,0,0,0,1,0,0
WebRTC Fingerprinting,0.001982623,2.0997,0.465,obfuscate_functions|replace_class_defs|replace_while_loops|replace_with_regex|replace_obf_screen,0,0,0,0,0,1
,,,,,0,0,0,1,0,0
,,,,,0,0,0,1,0,0
WebRTC Fingerprinting|AudioContext Fingerprinting,0.99942486,4.5753,1.0194,replace_class_defs|replace_while_loops|replace_function_calls_with_no_return|replace_with_regex|replace_obf_screen,0,0,0,0,0,1
,,,,,0,0,0,1,0,0
WebRTC Fingerprinting|AudioContext Fingerprinting,,,,,0,0,0,0,0,0
Canvas Fingerprinting|AudioContext Fingerprinting,0.033840294,2.4086,0.5741,replace_literals_recursive|obfuscate_functions|replace_class_defs|replace_while_loops|replace_function_calls_with_no_return|replace_callee|replace_with_regex|replace_obf_screen,0,0,0,0,0,1
,,,,,0,0,0,0,0,0
Canvas Fingerprinting|AudioContext Fingerprinting,0.001359989,1.9404,0.4391,replace_literals_recursive|replace_class_defs|replace_for_loops|replace_while_loops|replace_callee|replace_with_regex|replace_obf_screen,0,0,0,0,0,1
WebRTC Fingerprinting|AudioContext Fingerprinting,,,,,0,0,0,0,0,0
,,,,,0,0,0,0,0,0
,,,,,0,0,0,1,0,0
WebRTC Fingerprinting,,,,,0,0,0,0,0,0
WebRTC Fingerprinting|AudioContext Fingerprinting,0.99942486,4.5178,1.3021,replace_class_defs|replace_while_loops|replace_function_calls_with_no_return|replace_with_regex|replace_obf_screen,0,0,0,0,0,1
,,,,,0,0,0,1,0,0
,,,,,0,0,1,0,0,0
,,,,,0,0,0,1,0,0
,,,,,0,0,0,1,0,0
Canvas Fingerprinting|AudioContext Fingerprinting,,,,,0,0,1,0,0,0
,,,,,0,0,0,1,0,0
,,,,,0,0,0,1,0,0
Canvas Fingerprinting,0.004272326,1.185,0.519,replace_literals_recursive|replace_int_arrays|replace_float_arrays|replace_class_defs|replace_while_loops|replace_with_regex|replace_obf_screen,0,0,0,0,0,1
,,,,,0,0,0,1,0,0
,0,0.6276,0.3837,replace_literals_recursive|obfuscate_functions|replace_int_arrays|replace_float_arrays|replace_class_defs|replace_func_defs|replace_if_else|replace_for_loops|replace_while_loops|replace_function_calls_with_no_return|replace_canvas_api_calls|replace_callee|replace_with_regex|replace_obf_screen,0,0,0,0,0,1
AudioContext Fingerprinting,0.000397951,1.2053,0.46,replace_literals_recursive|replace_class_defs|replace_callee|replace_with_regex|replace_obf_screen,0,0,0,0,0,1
,,,,,0,0,0,1,0,0
,,,,,0,0,0,1,0,0
AudioContext Fingerprinting,,,,replace_literals_recursive|obfuscate_functions|replace_int_arrays|replace_float_arrays|replace_class_defs|replace_callee|replace_with_regex|replace_obf_screen,1,0,0,0,0,0
,,,,,0,0,1,0,0,0
,,,,,0,0,0,1,0,0
,,,,,0,0,0,1,0,0
WebRTC Fingerprinting,,,,replace_literals_recursive|obfuscate_functions|replace_int_arrays|replace_float_arrays|replace_class_defs|replace_while_loops|replace_function_calls_with_no_return|replace_callee|replace_with_regex|replace_obf_screen,1,0,0,0,0,0
WebRTC Fingerprinting,,,,replace_literals_recursive|obfuscate_functions|replace_int_arrays|replace_float_arrays|replace_class_defs|replace_while_loops|replace_function_calls_with_no_return|replace_callee|replace_with_regex|replace_obf_screen,1,0,0,0,0,0
,,,,,0,0,0,1,0,0
WebRTC Fingerprinting,,,,,0,0,0,0,0,0
AudioContext Fingerprinting,0.000397951,1.2366,0.4673,replace_literals_recursive|replace_class_defs|replace_callee|replace_with_regex|replace_obf_screen,0,0,0,0,0,1
WebRTC Fingerprinting|AudioContext Fingerprinting,0.99942486,4.5214,1.0316,replace_class_defs|replace_while_loops|replace_function_calls_with_no_return|replace_with_regex|replace_obf_screen,0,0,0,0,0,1
,,,,,0,0,0,1,0,0
AudioContext Fingerprinting,,,,,0,0,0,0,0,0
Canvas Fingerprinting,,,,replace_literals_recursive|obfuscate_functions|replace_int_arrays|replace_float_arrays|replace_class_defs|replace_if_else|replace_while_loops|replace_function_calls_with_no_return|replace_callee|replace_with_regex|replace_obf_screen,1,0,0,0,0,0
,0.027242375,2.4156,0.4981,obfuscate_functions|replace_class_defs|replace_if_else|replace_while_loops|replace_callee|replace_with_regex|replace_obf_screen,0,0,0,0,0,1
Canvas Fingerprinting,0.011868746,2.3115,0.442,replace_literals_recursive|replace_class_defs|replace_if_else|replace_for_loops|replace_while_loops|replace_with_regex|replace_obf_screen,0,0,0,0,0,1
,,,,,0,0,0,1,0,0
,,,,,0,0,0,0,0,0
,0,1.0622,0.3844,obfuscate_functions|replace_class_defs|replace_while_loops|replace_callee|replace_with_regex|replace_obf_screen,0,0,0,0,0,1
,,,,,0,0,0,1,0,0
Canvas Fingerprinting,0.004272326,1.1824,0.5084,replace_literals_recursive|replace_int_arrays|replace_float_arrays|replace_class_defs|replace_while_loops|replace_with_regex|replace_obf_screen,0,0,0,0,0,1
,,,,,0,0,0,1,0,0
,,,,,0,0,0,1,0,0
,,,,,0,0,0,1,0,0
,0.847457627,0.6369,0.3664,replace_literals_recursive|obfuscate_functions|replace_int_arrays|replace_float_arrays|replace_class_defs|replace_func_defs|replace_if_else|replace_for_loops|replace_while_loops|replace_function_calls_with_no_return|replace_canvas_api_calls|replace_callee|replace_with_regex|replace_obf_screen,0,0,0,0,0,1
,,,,,0,0,0,1,0,0
,0.864864865,0.6817,0.419,replace_literals_recursive|obfuscate_functions|replace_int_arrays|replace_float_arrays|replace_class_defs|replace_if_else|replace_for_loops|replace_while_loops|replace_function_calls_with_no_return|replace_canvas_api_calls|replace_callee|replace_with_regex|replace_obf_screen,0,0,0,0,0,1
,0.5875,0.6475,0.3985,replace_literals_recursive|obfuscate_functions|replace_int_arrays|replace_float_arrays|replace_class_defs|replace_func_defs|replace_if_else|replace_for_loops|replace_while_loops|replace_function_calls_with_no_return|replace_canvas_api_calls|replace_callee|replace_with_regex|replace_obf_screen,0,0,0,0,0,1
Canvas Fingerprinting,0.008519702,0.621,0.4134,replace_literals_recursive,0,0,0,0,1,0
,,,,,0,0,0,1,0,0
Canvas Fingerprinting,0.004272326,1.168,0.5063,replace_literals_recursive|replace_int_arrays|replace_float_arrays|replace_class_defs|replace_while_loops|replace_with_regex|replace_obf_screen,0,0,0,0,0,1
AudioContext Fingerprinting,,,,,0,0,0,0,0,0
,,,,,0,0,0,0,0,0
Canvas Fingerprinting|AudioContext Fingerprinting,0.001312508,1.9501,0.4156,replace_literals_recursive|replace_class_defs|replace_for_loops|replace_while_loops|replace_callee|replace_with_regex|replace_obf_screen,0,0,0,0,0,1
,,,,,0,0,0,1,0,0
WebRTC Fingerprinting,,,,,0,0,0,0,0,0
WebRTC Fingerprinting,0.001956375,5.5969,0.6347,replace_literals_recursive|obfuscate_functions|replace_class_defs|replace_if_else|replace_while_loops|replace_callee|replace_with_regex|replace_obf_screen,0,0,0,0,0,1
,,,,,0,0,0,1,0,0
,,,,,0,0,0,0,0,0
,,,,,0,0,1,0,0,0
,,,,,0,0,0,1,0,0
Canvas Fingerprinting,0.011868746,2.3039,0.4537,replace_literals_recursive|replace_class_defs|replace_if_else|replace_for_loops|replace_while_loops|replace_with_regex|replace_obf_screen,0,0,0,0,0,1
,,,,,0,0,0,1,0,0
,,,,,0,0,0,1,0,0
,,,,,0,0,0,1,0,0
,,,,,0,0,0,1,0,0
,,,,,0,0,0,1,0,0
WebRTC Fingerprinting|AudioContext Fingerprinting,,,,,0,0,0,0,0,0
Canvas Font Fingerprinting,0,25.5523,1.8966,obfuscate_functions|replace_class_defs|replace_while_loops|replace_callee|replace_with_regex|replace_obf_screen,0,0,0,0,0,1
WebRTC Fingerprinting,0.001602022,1.4948,0.4308,replace_literals_recursive|replace_int_arrays|replace_float_arrays|replace_while_loops|replace_with_regex|replace_obf_screen,0,0,0,0,0,1
,,,,,0,0,0,1,0,0
Canvas Fingerprinting,0.000928361,3.0525,0.7064,replace_literals_recursive|obfuscate_functions|replace_float_arrays|replace_class_defs|replace_if_else|replace_while_loops|replace_function_calls_with_no_return|replace_with_regex|replace_obf_screen,0,0,0,0,0,1
,,,,,0,0,1,0,0,0
,,,,,0,0,0,1,0,0
Canvas Fingerprinting,,,,,0,0,0,0,0,0
,0.999055027,0.8112,0.3626,replace_literals_recursive|obfuscate_functions|replace_int_arrays|replace_float_arrays|replace_class_defs|replace_if_else|replace_for_loops|replace_while_loops|replace_function_calls_with_no_return|replace_callee|replace_with_regex|replace_obf_screen,0,0,0,0,0,1
Canvas Fingerprinting|AudioContext Fingerprinting,,,,,0,0,1,0,0,0
Canvas Fingerprinting,0.004398434,1.4946,0.4816,replace_literals_recursive|replace_class_defs|replace_while_loops|replace_with_regex|replace_obf_screen,0,0,0,0,0,1
WebRTC Fingerprinting,,,,replace_literals_recursive|obfuscate_functions|replace_int_arrays|replace_float_arrays|replace_class_defs|replace_while_loops|replace_callee|replace_with_regex|replace_obf_screen,1,0,0,0,0,0
Canvas Font Fingerprinting,0.000372803,17.2146,2.8411,obfuscate_functions|replace_class_defs|replace_callee|replace_with_regex|replace_obf_screen,0,0,0,0,0,1
,,,,,0,0,0,1,0,0
,,,,,0,0,0,1,0,0
AudioContext Fingerprinting,,,,,0,0,0,0,0,0
WebRTC Fingerprinting,,,,replace_literals_recursive|obfuscate_functions|replace_int_arrays|replace_float_arrays|replace_class_defs|replace_while_loops|replace_function_calls_with_no_return|replace_callee|replace_with_regex|replace_obf_screen,1,0,0,0,0,0
,0.028844183,2.2944,0.5009,obfuscate_functions|replace_class_defs|replace_if_else|replace_while_loops|replace_callee|replace_with_regex|replace_obf_screen,0,0,0,0,0,1
,,,,replace_literals_recursive|obfuscate_functions|replace_int_arrays|replace_float_arrays|replace_class_defs|replace_if_else|replace_while_loops|replace_function_calls_with_no_return|replace_canvas_api_calls|replace_callee|replace_with_regex|replace_obf_screen,1,0,0,0,0,0
,,,,,0,0,0,1,0,0
Canvas Fingerprinting,,,,,0,0,1,0,0,0
Canvas Fingerprinting,0.004272326,1.1704,0.5212,replace_literals_recursive|replace_int_arrays|replace_float_arrays|replace_class_defs|replace_while_loops|replace_with_regex|replace_obf_screen,0,0,0,0,0,1
,,,,,0,0,0,1,0,0
,,,,,0,0,0,1,0,0
,,,,,0,0,0,1,0,0
,0,1.182,0.3885,replace_literals_recursive|obfuscate_functions|replace_class_defs|replace_while_loops|replace_callee|replace_with_regex|replace_obf_screen,0,0,0,0,0,1
,,,,,0,0,0,0,0,0
,0.000536854,2.5129,0.4348,replace_literals_recursive|obfuscate_functions|replace_int_arrays|replace_float_arrays|replace_class_defs|replace_func_defs|replace_if_else|replace_for_loops|replace_while_loops|replace_function_calls_with_no_return|replace_canvas_api_calls|replace_callee|replace_with_regex|replace_obf_screen,0,0,0,0,0,1
,0.002429192,5.832,0.6268,replace_literals_recursive|obfuscate_functions|replace_while_loops|replace_function_calls_with_no_return|replace_callee|replace_with_regex|replace_obf_screen,0,0,0,0,0,1
,,,,,0,0,0,1,0,0
,,,,,0,0,0,1,0,0
WebRTC Fingerprinting|AudioContext Fingerprinting,,,,,0,0,0,0,0,0
AudioContext Fingerprinting,,,,,0,0,0,0,0,0
Canvas Fingerprinting|AudioContext Fingerprinting,0.1312435,2.5748,2.1322,replace_literals_recursive|obfuscate_functions|replace_class_defs|replace_while_loops|replace_canvas_api_calls|replace_callee|replace_with_regex|replace_obf_screen,0,0,0,0,0,1
,,,,,0,0,0,1,0,0
,,,,,0,0,0,1,0,0
Canvas Fingerprinting,0.011813417,2.3308,0.6298,replace_literals_recursive|replace_class_defs|replace_if_else|replace_for_loops|replace_while_loops|replace_with_regex|replace_obf_screen,0,0,0,0,0,1
,,,,,0,0,0,1,0,0
,,,,,0,0,0,1,0,0
,0.271186441,0.5849,0.4032,replace_literals_recursive|obfuscate_functions|replace_int_arrays|replace_float_arrays|replace_class_defs|replace_func_defs|replace_if_else|replace_for_loops|replace_while_loops|replace_function_calls_with_no_return|replace_canvas_api_calls|replace_callee|replace_with_regex|replace_obf_screen,0,0,0,0,0,1
AudioContext Fingerprinting,,,,,0,0,0,0,0,0
WebRTC Fingerprinting|AudioContext Fingerprinting,,,,,0,0,0,0,0,0
,,,,,0,0,0,1,0,0
Canvas Fingerprinting|AudioContext Fingerprinting,0.004130253,2.0725,0.4607,replace_literals_recursive|replace_class_defs|replace_for_loops|replace_while_loops|replace_callee|replace_with_regex|replace_obf_screen,0,0,0,0,0,1
,,,,,0,0,0,1,0,0
Canvas Fingerprinting|AudioContext Fingerprinting,0.001312508,1.9553,0.449,replace_literals_recursive|replace_class_defs|replace_for_loops|replace_while_loops|replace_callee|replace_with_regex|replace_obf_screen,0,0,0,0,0,1
,,,,,0,0,0,0,0,0
Canvas Fingerprinting,,,,,0,0,0,0,0,0
,,,,,0,0,0,1,0,0
,,,,,0,0,0,0,0,0
,,,,,0,0,0,1,0,0
AudioContext Fingerprinting,,,,,0,0,1,0,0,0
,,,,,0,0,0,1,0,0
,0.726384365,0.6551,0.4326,replace_literals_recursive|obfuscate_functions|replace_int_arrays|replace_float_arrays|replace_class_defs|replace_if_else|replace_for_loops|replace_while_loops|replace_function_calls_with_no_return|replace_canvas_api_calls|replace_callee|replace_with_regex|replace_obf_screen,0,0,0,0,0,1
WebRTC Fingerprinting,,,,,0,0,0,0,0,0
,0.984615385,2.4663,0.3687,replace_literals_recursive|obfuscate_functions|replace_int_arrays|replace_float_arrays|replace_class_defs|replace_func_defs|replace_if_else|replace_for_loops|replace_while_loops|replace_function_calls_with_no_return|replace_canvas_api_calls|replace_callee|replace_with_regex|replace_obf_screen,0,0,0,0,0,1
Canvas Font Fingerprinting,0,22.6399,1.5982,obfuscate_functions|replace_class_defs|replace_while_loops|replace_callee|replace_with_regex|replace_obf_screen,0,0,0,0,0,1
Canvas Fingerprinting,0.008519702,0.6124,0.4346,replace_literals_recursive,0,0,0,0,1,0
,,,,,0,0,0,1,0,0
AudioContext Fingerprinting,0.363615542,3.1043,0.7078,replace_literals_recursive|obfuscate_functions|replace_class_defs|replace_while_loops|replace_function_calls_with_no_return|replace_callee|replace_with_regex|replace_obf_screen,0,0,0,0,0,1
WebRTC Fingerprinting|AudioContext Fingerprinting,,,,,0,0,0,0,0,0
,,,,,0,0,0,1,0,0
,,,,,0,0,0,1,0,0
WebRTC Fingerprinting|AudioContext Fingerprinting,,,,,0,0,0,0,0,0
,,,,,0,0,0,0,0,0
Canvas Fingerprinting|AudioContext Fingerprinting,,,,,0,0,0,0,0,0
Canvas Fingerprinting,0.005029708,2.564,0.4233,replace_literals_recursive|replace_class_defs|replace_if_else|replace_for_loops|replace_while_loops|replace_callee|replace_with_regex|replace_obf_screen,0,0,0,0,0,1
,0.196078431,0.6557,0.3981,replace_literals_recursive|obfuscate_functions|replace_int_arrays|replace_float_arrays|replace_class_defs|replace_func_defs|replace_if_else|replace_for_loops|replace_while_loops|replace_function_calls_with_no_return|replace_canvas_api_calls|replace_callee|replace_with_regex|replace_obf_screen,0,0,0,0,0,1
,,,,,0,0,0,1,0,0
,0.447368421,0.5985,0.3948,replace_literals_recursive|obfuscate_functions|replace_int_arrays|replace_float_arrays|replace_class_defs|replace_func_defs|replace_if_else|replace_for_loops|replace_while_loops|replace_function_calls_with_no_return|replace_canvas_api_calls|replace_callee|replace_with_regex|replace_obf_screen,0,0,0,0,0,1
WebRTC Fingerprinting|AudioContext Fingerprinting,0.999552578,4.611,1.3295,replace_class_defs|replace_while_loops|replace_function_calls_with_no_return|replace_with_regex|replace_obf_screen,0,0,0,0,0,1
AudioContext Fingerprinting,,,,,0,0,1,0,0,0
,0.921568627,3.8028,0.3944,replace_literals_recursive|obfuscate_functions|replace_int_arrays|replace_float_arrays|replace_class_defs|replace_func_defs|replace_if_else|replace_for_loops|replace_while_loops|replace_function_calls_with_no_return|replace_canvas_api_calls|replace_callee|replace_with_regex|replace_obf_screen,0,0,0,0,0,1
AudioContext Fingerprinting,,,,,0,0,0,0,0,0
,,,,,0,0,0,1,0,0
Canvas Fingerprinting|AudioContext Fingerprinting,0.001312508,1.9602,0.4366,replace_literals_recursive|replace_class_defs|replace_for_loops|replace_while_loops|replace_callee|replace_with_regex|replace_obf_screen,0,0,0,0,0,1
AudioContext Fingerprinting,,,,,0,0,1,0,0,0
AudioContext Fingerprinting,0.000224552,8.2321,1.256,replace_class_defs|replace_while_loops|replace_with_regex|replace_obf_screen,0,0,0,0,0,1
,,,,,0,0,1,0,0,0
,,,,,0,0,0,1,0,0
,,,,,0,0,0,1,0,0
,,,,,0,0,0,1,0,0
WebRTC Fingerprinting|AudioContext Fingerprinting,,,,,0,0,0,0,0,0
AudioContext Fingerprinting,6.95E-05,4.8355,0.6982,replace_class_defs|replace_while_loops|replace_callee|replace_with_regex|replace_obf_screen,0,0,0,0,0,1
,,,,,0,0,0,1,0,0
AudioContext Fingerprinting,,,,,0,0,0,0,0,0
,,,,,0,0,0,1,0,0
,,,,,0,0,0,0,0,0
Canvas Fingerprinting,0.004272326,1.2001,0.5104,replace_literals_recursive|replace_int_arrays|replace_float_arrays|replace_class_defs|replace_while_loops|replace_with_regex|replace_obf_screen,0,0,0,0,0,1
,,,,,0,0,0,1,0,0
,,,,,0,0,1,0,0,0
,,,,,0,0,0,1,0,0
Canvas Fingerprinting|AudioContext Fingerprinting,,,,,0,0,1,0,0,0
,,,,,0,0,0,1,0,0
,0.638434579,0.7128,0.4836,replace_literals_recursive|obfuscate_functions|replace_int_arrays|replace_float_arrays|replace_class_defs|replace_for_loops|replace_while_loops|replace_function_calls_with_no_return|replace_canvas_api_calls|replace_callee|replace_with_regex|replace_obf_screen,0,0,0,0,0,1
,,,,,0,0,0,1,0,0
,,,,,0,0,0,0,0,0
WebRTC Fingerprinting|AudioContext Fingerprinting,,,,,0,0,0,0,0,0
AudioContext Fingerprinting,,,,,0,0,0,0,0,0
,0.007075472,2.3747,0.4383,replace_literals_recursive|obfuscate_functions|replace_class_defs|replace_if_else|replace_for_loops|replace_while_loops|replace_function_calls_with_no_return|replace_callee|replace_with_regex|replace_obf_screen,0,0,0,0,0,1
Canvas Fingerprinting,,,,,0,0,0,0,0,0
Canvas Fingerprinting|AudioContext Fingerprinting,0.001312508,1.944,0.4478,replace_literals_recursive|replace_class_defs|replace_for_loops|replace_while_loops|replace_callee|replace_with_regex|replace_obf_screen,0,0,0,0,0,1
WebRTC Fingerprinting,,,,replace_literals_recursive|obfuscate_functions|replace_int_arrays|replace_float_arrays|replace_class_defs|replace_while_loops|replace_function_calls_with_no_return|replace_callee|replace_with_regex|replace_obf_screen,1,0,0,0,0,0
,,,,,0,0,0,1,0,0
,,,,,0,0,0,0,0,0
,,,,,0,0,0,0,0,0
,0,0.6289,0.4073,replace_literals_recursive|obfuscate_functions|replace_int_arrays|replace_float_arrays|replace_class_defs|replace_func_defs|replace_if_else|replace_for_loops|replace_while_loops|replace_function_calls_with_no_return|replace_canvas_api_calls|replace_callee|replace_with_regex|replace_obf_screen,0,0,0,0,0,1
AudioContext Fingerprinting,,,,,0,0,0,0,0,0
,,,,,0,0,0,1,0,0
Canvas Fingerprinting,,,,,0,0,0,0,0,0
,,,,,0,0,0,1,0,0
,,,,,0,0,0,1,0,0
AudioContext Fingerprinting,,,,,0,0,0,0,0,0
WebRTC Fingerprinting|AudioContext Fingerprinting,,,,,0,0,0,0,0,0
Canvas Fingerprinting|AudioContext Fingerprinting,,,,,0,0,1,0,0,0
,,,,,0,0,0,1,0,0
WebRTC Fingerprinting,,,,replace_literals_recursive|obfuscate_functions|replace_int_arrays|replace_float_arrays|replace_class_defs|replace_while_loops|replace_function_calls_with_no_return|replace_callee|replace_with_regex|replace_obf_screen,1,0,0,0,0,0
WebRTC Fingerprinting,,,,,0,0,0,0,0,0
Canvas Fingerprinting|AudioContext Fingerprinting,0.001351077,1.8574,0.4324,replace_literals_recursive|replace_class_defs|replace_for_loops|replace_while_loops|replace_callee|replace_with_regex|replace_obf_screen,0,0,0,0,0,1
,,,,,0,0,0,1,0,0
AudioContext Fingerprinting,0.000213361,8.5402,1.6889,replace_class_defs|replace_while_loops|replace_with_regex|replace_obf_screen,0,0,0,0,0,1
Canvas Fingerprinting|AudioContext Fingerprinting,,,,,0,0,1,0,0,0
,,,,,0,0,0,1,0,0
AudioContext Fingerprinting,,,,,0,0,0,0,0,0
,,,,,0,0,0,1,0,0
WebRTC Fingerprinting,,,,replace_literals_recursive|obfuscate_functions|replace_int_arrays|replace_float_arrays|replace_class_defs|replace_while_loops|replace_callee|replace_with_regex|replace_obf_screen,1,0,0,0,0,0
AudioContext Fingerprinting,,,,,0,0,0,0,0,0
Canvas Fingerprinting|AudioContext Fingerprinting,,,,,0,0,1,0,0,0
Canvas Fingerprinting|AudioContext Fingerprinting,,,,,0,0,0,0,0,0
,,,,,0,0,0,1,0,0
,0.317124736,0.7029,0.4248,replace_literals_recursive|obfuscate_functions|replace_int_arrays|replace_float_arrays|replace_class_defs|replace_if_else|replace_for_loops|replace_while_loops|replace_canvas_api_calls|replace_callee|replace_with_regex|replace_obf_screen,0,0,0,0,0,1
WebRTC Fingerprinting,,,,,0,0,0,0,0,0
,0.986241854,5.3363,0.3934,replace_literals_recursive|obfuscate_functions|replace_int_arrays|replace_float_arrays|replace_class_defs|replace_func_defs|replace_if_else|replace_for_loops|replace_while_loops|replace_function_calls_with_no_return|replace_canvas_api_calls|replace_callee|replace_with_regex|replace_obf_screen,0,0,0,0,0,1
,0,0.5846,0.3916,replace_literals_recursive|obfuscate_functions|replace_int_arrays|replace_float_arrays|replace_class_defs|replace_func_defs|replace_if_else|replace_for_loops|replace_while_loops|replace_function_calls_with_no_return|replace_canvas_api_calls|replace_callee|replace_with_regex|replace_obf_screen,0,0,0,0,0,1
Canvas Fingerprinting|AudioContext Fingerprinting,0.000473765,2.3443,0.4358,replace_literals_recursive|obfuscate_functions|replace_class_defs|replace_while_loops|replace_callee|replace_with_regex|replace_obf_screen,0,0,0,0,0,1
Canvas Fingerprinting,0.008519702,0.6202,0.4352,replace_literals_recursive,0,0,0,0,1,0
WebRTC Fingerprinting|AudioContext Fingerprinting,0.99942486,4.5551,1.0254,replace_class_defs|replace_while_loops|replace_function_calls_with_no_return|replace_with_regex|replace_obf_screen,0,0,0,0,0,1
,,,,,0,0,0,1,0,0
,,,,,0,0,0,1,0,0
,,,,,0,0,0,1,0,0
,,,,,0,0,0,1,0,0
AudioContext Fingerprinting,,,,,0,0,0,0,0,0
,,,,,0,0,0,1,0,0
,,,,,0,0,0,0,0,0
,,,,,0,0,0,1,0,0
,,,,,0,0,0,1,0,0
,,,,,0,0,0,1,0,0
,,,,,0,0,0,1,0,0
,,,,,0,0,0,1,0,0
,,,,,0,0,0,1,0,0
,,,,,0,0,0,0,0,0
,,,,,0,0,0,1,0,0
,,,,,0,0,1,0,0,0
Canvas Fingerprinting,0.001127984,2.7543,0.5994,replace_literals_recursive|obfuscate_functions|replace_class_defs|replace_while_loops|replace_with_regex|replace_obf_screen,0,0,0,0,0,1
AudioContext Fingerprinting,,,,,0,0,0,0,0,0
AudioContext Fingerprinting,,,,,0,0,0,0,0,0
AudioContext Fingerprinting,,,,,0,0,0,0,0,0
,0.285571142,0.6901,0.4533,replace_literals_recursive|obfuscate_functions|replace_int_arrays|replace_float_arrays|replace_class_defs|replace_for_loops|replace_while_loops|replace_function_calls_with_no_return|replace_canvas_api_calls|replace_callee|replace_with_regex|replace_obf_screen,0,0,0,0,0,1
Canvas Fingerprinting|AudioContext Fingerprinting,0.001312465,2.0164,0.4226,replace_literals_recursive|replace_class_defs|replace_for_loops|replace_while_loops|replace_callee|replace_with_regex|replace_obf_screen,0,0,0,0,0,1
Canvas Fingerprinting,,,,,0,0,0,0,0,0
,,,,,0,0,0,1,0,0
,,,,,0,0,1,0,0,0
Canvas Fingerprinting|AudioContext Fingerprinting,0.001312508,1.9988,0.4451,replace_literals_recursive|replace_class_defs|replace_for_loops|replace_while_loops|replace_callee|replace_with_regex|replace_obf_screen,0,0,0,0,0,1
,,,,,0,0,0,1,0,0
,,,,,0,0,0,0,0,0
,,,,,0,0,0,1,0,0
AudioContext Fingerprinting,,,,,0,0,0,0,0,0
Canvas Fingerprinting|AudioContext Fingerprinting,0.001312508,1.9933,0.4478,replace_literals_recursive|replace_class_defs|replace_for_loops|replace_while_loops|replace_callee|replace_with_regex|replace_obf_screen,0,0,0,0,0,1
,,,,,0,0,0,0,0,0
,,,,,0,0,0,1,0,0
AudioContext Fingerprinting,0.000214016,8.4737,1.6628,replace_class_defs|replace_while_loops|replace_with_regex|replace_obf_screen,0,0,0,0,0,1
WebRTC Fingerprinting,,,,,0,0,0,0,0,0
,,,,,0,0,0,1,0,0
,,,,,0,0,0,0,0,0
Canvas Fingerprinting|AudioContext Fingerprinting,0.000402769,2.1927,0.4598,replace_literals_recursive|obfuscate_functions|replace_class_defs|replace_if_else|replace_while_loops|replace_callee|replace_with_regex|replace_obf_screen,0,0,0,0,0,1
Canvas Fingerprinting,0.998664179,2.3595,0.7994,replace_literals_recursive|replace_class_defs|replace_while_loops|replace_function_calls_with_no_return|replace_callee|replace_with_regex|replace_obf_screen,0,0,0,0,0,1
,0.985454545,0.6742,0.439,replace_literals_recursive|obfuscate_functions|replace_int_arrays|replace_float_arrays|replace_class_defs|replace_if_else|replace_for_loops|replace_while_loops|replace_function_calls_with_no_return|replace_canvas_api_calls|replace_callee|replace_with_regex|replace_obf_screen,0,0,0,0,0,1
Canvas Fingerprinting,,,,,0,0,0,0,0,0
Canvas Fingerprinting|AudioContext Fingerprinting,0.001312508,1.995,0.4464,replace_literals_recursive|replace_class_defs|replace_for_loops|replace_while_loops|replace_callee|replace_with_regex|replace_obf_screen,0,0,0,0,0,1
,,,,,0,0,0,1,0,0
,,,,,0,0,0,1,0,0
,,,,,0,0,0,0,0,0
Canvas Fingerprinting,,,,,0,0,1,0,0,0
,0.004949178,6.5536,0.8789,replace_literals_recursive|obfuscate_functions|replace_class_defs|replace_while_loops|replace_function_calls_with_no_return|replace_callee|replace_with_regex|replace_obf_screen,0,0,0,0,0,1
,,,,,0,0,0,1,0,0
,0.986842105,0.6011,0.3638,replace_literals_recursive|obfuscate_functions|replace_int_arrays|replace_float_arrays|replace_class_defs|replace_func_defs|replace_if_else|replace_for_loops|replace_while_loops|replace_function_calls_with_no_return|replace_canvas_api_calls|replace_callee|replace_with_regex|replace_obf_screen,0,0,0,0,0,1
,,,,,0,0,0,1,0,0
,0.175531915,0.726,0.4699,replace_literals_recursive|obfuscate_functions|replace_int_arrays|replace_float_arrays|replace_class_defs|replace_for_loops|replace_while_loops|replace_canvas_api_calls|replace_callee|replace_with_regex|replace_obf_screen,0,0,0,0,0,1
Canvas Fingerprinting|AudioContext Fingerprinting,0.004130253,2.0668,0.7161,replace_literals_recursive|replace_class_defs|replace_for_loops|replace_while_loops|replace_callee|replace_with_regex|replace_obf_screen,0,0,0,0,0,1
Canvas Fingerprinting,,,,,0,0,0,0,0,0
,,,,,0,0,1,0,0,0
Canvas Fingerprinting|AudioContext Fingerprinting,,,,,0,0,0,0,0,0
WebRTC Fingerprinting|AudioContext Fingerprinting,,,,,0,0,0,0,0,0
Canvas Fingerprinting,0.080497622,0.8792,0.3899,replace_literals_recursive|obfuscate_functions|replace_class_defs|replace_for_loops|replace_while_loops|replace_with_regex,0,0,0,0,0,1
,,,,,0,0,0,1,0,0
,,,,,0,0,0,1,0,0
AudioContext Fingerprinting,,,,,0,0,0,0,0,0
,,,,,0,0,0,1,0,0
WebRTC Fingerprinting|AudioContext Fingerprinting,,,,,0,0,0,0,0,0
Canvas Fingerprinting|AudioContext Fingerprinting,,,,,0,0,1,0,0,0
Canvas Fingerprinting,,,,,0,0,0,0,0,0
AudioContext Fingerprinting,0.005668128,2.0028,0.492,replace_literals_recursive|replace_class_defs|replace_while_loops|replace_callee|replace_with_regex|replace_obf_screen,0,0,0,0,0,1
Canvas Fingerprinting|AudioContext Fingerprinting,,,,replace_literals_recursive|obfuscate_functions|replace_int_arrays|replace_float_arrays|replace_class_defs|replace_while_loops|replace_function_calls_with_no_return|replace_callee|replace_with_regex|replace_obf_screen,1,0,0,0,0,0
Canvas Fingerprinting|AudioContext Fingerprinting,,,,,0,0,1,0,0,0
,,,,,0,0,0,1,0,0
Canvas Fingerprinting|AudioContext Fingerprinting,0.001312508,2.0001,0.4443,replace_literals_recursive|replace_class_defs|replace_for_loops|replace_while_loops|replace_callee|replace_with_regex|replace_obf_screen,0,0,0,0,0,1
,,,,,0,0,0,1,0,0
,,,,,0,0,0,1,0,0
,,,,,0,0,0,1,0,0
AudioContext Fingerprinting,,,,,0,0,0,0,0,0
,0.274021352,0.6615,0.4309,replace_literals_recursive|obfuscate_functions|replace_int_arrays|replace_float_arrays|replace_class_defs|replace_func_defs|replace_if_else|replace_for_loops|replace_while_loops|replace_function_calls_with_no_return|replace_canvas_api_calls|replace_callee|replace_with_regex|replace_obf_screen,0,0,0,0,0,1
Canvas Fingerprinting|AudioContext Fingerprinting,0.137137264,2.1981,2.1004,replace_literals_recursive|obfuscate_functions|replace_class_defs|replace_while_loops|replace_canvas_api_calls|replace_callee|replace_with_regex|replace_obf_screen,0,0,0,0,0,1
,,,,,0,0,1,0,0,0
,,,,,0,0,0,0,0,0
,,,,,0,0,0,1,0,0
Canvas Fingerprinting|AudioContext Fingerprinting,,,,,0,0,0,0,0,0
Canvas Fingerprinting,,,,,0,0,0,0,0,0
,0,0.621,0.3984,replace_literals_recursive|obfuscate_functions|replace_int_arrays|replace_float_arrays|replace_class_defs|replace_func_defs|replace_if_else|replace_for_loops|replace_while_loops|replace_function_calls_with_no_return|replace_canvas_api_calls|replace_callee|replace_with_regex|replace_obf_screen,0,0,0,0,0,1
,,,,,0,0,1,0,0,0
,,,,,0,0,0,1,0,0
,,,,,0,0,0,1,0,0
Canvas Font Fingerprinting,,,,,0,0,0,0,0,0
AudioContext Fingerprinting,0.061810723,10.8151,4.8769,replace_literals_recursive|obfuscate_functions|replace_class_defs|replace_while_loops|replace_canvas_api_calls|replace_callee|replace_with_regex|replace_obf_screen,0,0,0,0,0,1
Canvas Fingerprinting|AudioContext Fingerprinting,,,,,0,0,1,0,0,0
,,,,,0,0,0,1,0,0
Canvas Fingerprinting,0.004738571,1.9789,0.4877,replace_literals_recursive|replace_class_defs|replace_while_loops|replace_callee|replace_with_regex|replace_obf_screen,0,0,0,0,0,1
,,,,,0,0,0,0,0,0
,,,,,0,0,0,1,0,0
,,,,,0,0,0,1,0,0
Canvas Fingerprinting,,,,,0,0,0,0,0,0
,,,,,0,0,0,1,0,0
,,,,,0,0,0,1,0,0
,,,,,0,0,0,1,0,0
,,,,,0,0,0,1,0,0
AudioContext Fingerprinting,,,,,0,0,0,0,0,0
AudioContext Fingerprinting,0.000335678,7.3503,1.1543,replace_class_defs|replace_while_loops|replace_callee|replace_with_regex|replace_obf_screen,0,0,0,0,0,1
,,,,,0,0,0,1,0,0
,,,,,0,0,0,0,0,0
,,,,,0,0,0,1,0,0
,,,,,0,0,0,1,0,0
,0.961212815,1.6211,0.503,obfuscate_functions|replace_class_defs|replace_while_loops|replace_function_calls_with_no_return|replace_callee|replace_with_regex|replace_obf_screen,0,0,0,0,0,1
,,,,,0,0,0,1,0,0
,,,,,0,0,0,1,0,0
,,,,,0,0,0,0,0,0
WebRTC Fingerprinting,,,,,0,0,0,0,0,0
,0,0.6306,0.3482,replace_literals_recursive|obfuscate_functions|replace_int_arrays|replace_float_arrays|replace_class_defs|replace_func_defs|replace_if_else|replace_for_loops|replace_while_loops|replace_function_calls_with_no_return|replace_canvas_api_calls|replace_callee|replace_with_regex|replace_obf_screen,0,0,0,0,0,1
Canvas Fingerprinting,,,,,0,0,1,0,0,0
Canvas Fingerprinting|AudioContext Fingerprinting,0.000473765,2.348,0.443,replace_literals_recursive|obfuscate_functions|replace_class_defs|replace_while_loops|replace_callee|replace_with_regex|replace_obf_screen,0,0,0,0,0,1
,,,,,0,0,0,1,0,0
AudioContext Fingerprinting,,,,,0,0,0,0,0,0
AudioContext Fingerprinting,0.071458046,9.3465,4.5256,replace_literals_recursive|obfuscate_functions|replace_class_defs|replace_while_loops|replace_canvas_api_calls|replace_callee|replace_with_regex|replace_obf_screen,0,0,0,0,0,1
,,,,,0,0,0,1,0,0
AudioContext Fingerprinting,,,,,0,0,0,0,0,0
,,,,,0,0,0,1,0,0
AudioContext Fingerprinting,,,,,0,0,0,0,0,0
AudioContext Fingerprinting,,,,,0,0,0,0,0,0
Canvas Fingerprinting,,,,,0,0,0,0,0,0
,,,,,0,0,0,1,0,0
Canvas Fingerprinting|AudioContext Fingerprinting,,,,,0,0,0,0,0,0
,0.285714286,0.627,0.4063,replace_literals_recursive|obfuscate_functions|replace_int_arrays|replace_float_arrays|replace_class_defs|replace_func_defs|replace_if_else|replace_for_loops|replace_while_loops|replace_function_calls_with_no_return|replace_canvas_api_calls|replace_callee|replace_with_regex|replace_obf_screen,0,0,0,0,0,1
,,,,,0,0,0,1,0,0
,,,,,0,0,0,0,0,0
Canvas Fingerprinting|AudioContext Fingerprinting,,,,,0,0,0,0,0,0
AudioContext Fingerprinting,0.000416342,5.1118,0.7319,replace_class_defs|replace_while_loops|replace_callee|replace_with_regex|replace_obf_screen,0,0,0,0,0,1
AudioContext Fingerprinting,,,,,0,0,1,0,0,0
Canvas Fingerprinting|AudioContext Fingerprinting,0.000473765,1.9888,0.4439,replace_literals_recursive|obfuscate_functions|replace_class_defs|replace_while_loops|replace_callee|replace_with_regex|replace_obf_screen,0,0,0,0,0,1
,,,,,0,0,0,1,0,0
,,,,,0,0,0,1,0,0
,,,,,0,0,0,1,0,0
,,,,,0,0,0,0,0,0
,,,,,0,0,0,1,0,0
Canvas Fingerprinting|AudioContext Fingerprinting,,,,,0,0,0,0,0,0
AudioContext Fingerprinting,0.360108918,0.7332,0.5154,replace_literals_recursive|obfuscate_functions|replace_int_arrays|replace_float_arrays|replace_class_defs|replace_if_else|replace_for_loops|replace_while_loops|replace_function_calls_with_no_return|replace_canvas_api_calls|replace_callee|replace_with_regex|replace_obf_screen,0,0,0,0,0,1
Canvas Fingerprinting|AudioContext Fingerprinting,,,,,0,0,0,0,0,0
Canvas Fingerprinting,,,,,0,0,0,0,0,0
WebRTC Fingerprinting,,,,,0,0,1,0,0,0
,,,,,0,0,0,0,0,0
,,,,,0,0,0,1,0,0
,,,,,0,0,0,1,0,0
,,,,,0,0,0,1,0,0
,,,,,0,0,0,1,0,0
WebRTC Fingerprinting,,,,,0,0,0,0,0,0
Canvas Fingerprinting|AudioContext Fingerprinting,,,,,0,0,0,0,0,0
,,,,,0,0,0,1,0,0
,,,,,0,0,0,1,0,0
Canvas Fingerprinting|AudioContext Fingerprinting,0.001303569,1.9966,0.4247,replace_literals_recursive|replace_class_defs|replace_for_loops|replace_while_loops|replace_callee|replace_with_regex|replace_obf_screen,0,0,0,0,0,1
,,,,,0,0,1,0,0,0
AudioContext Fingerprinting,,,,,0,0,0,0,0,0
AudioContext Fingerprinting,,,,,0,0,0,0,0,0
AudioContext Fingerprinting,0.00021395,8.4488,1.2462,replace_class_defs|replace_while_loops|replace_with_regex|replace_obf_screen,0,0,0,0,0,1
,,,,,0,0,0,1,0,0
Canvas Fingerprinting|AudioContext Fingerprinting,0.001312508,1.9707,0.4421,replace_literals_recursive|replace_class_defs|replace_for_loops|replace_while_loops|replace_callee|replace_with_regex|replace_obf_screen,0,0,0,0,0,1
AudioContext Fingerprinting,,,,,0,0,1,0,0,0
WebRTC Fingerprinting,,,,,0,0,0,0,0,0
,,,,,0,0,1,0,0,0
,,,,,0,0,0,1,0,0
,,,,,0,0,0,1,0,0
,,,,,0,0,0,0,0,0
Canvas Fingerprinting,,,,replace_literals_recursive|obfuscate_functions|replace_int_arrays|replace_float_arrays|replace_class_defs|replace_for_loops|replace_while_loops|replace_function_calls_with_no_return|replace_with_regex|replace_obf_screen,1,0,0,0,0,0
AudioContext Fingerprinting,,,,,0,0,0,0,0,0
,,,,,0,0,0,0,0,0
,,,,,0,0,0,1,0,0
,,,,,0,0,0,1,0,0
,,,,,0,0,0,1,0,0
,,,,,0,0,0,1,0,0
,0.346153846,0.625,0.4069,replace_literals_recursive|obfuscate_functions|replace_int_arrays|replace_float_arrays|replace_class_defs|replace_func_defs|replace_if_else|replace_for_loops|replace_while_loops|replace_function_calls_with_no_return|replace_canvas_api_calls|replace_callee|replace_with_regex|replace_obf_screen,0,0,0,0,0,1
AudioContext Fingerprinting,0.000217047,8.4143,1.2504,replace_class_defs|replace_while_loops|replace_with_regex|replace_obf_screen,0,0,0,0,0,1
,,,,,0,0,0,1,0,0
,,,,,0,0,0,1,0,0
,0.960526316,4.9286,0.3919,replace_literals_recursive|obfuscate_functions|replace_int_arrays|replace_float_arrays|replace_class_defs|replace_func_defs|replace_if_else|replace_for_loops|replace_while_loops|replace_function_calls_with_no_return|replace_canvas_api_calls|replace_callee|replace_with_regex|replace_obf_screen,0,0,0,0,0,1
,,,,,0,0,0,1,0,0
,,,,,0,0,0,1,0,0
,0.152439024,0.7569,0.5624,replace_literals_recursive|obfuscate_functions|replace_class_defs|replace_if_else|replace_while_loops|replace_function_calls_with_no_return|replace_canvas_api_calls|replace_callee|replace_with_regex|replace_obf_screen,0,0,0,0,0,1
Canvas Fingerprinting,0.184665988,1.5467,1.0245,obfuscate_functions|replace_int_arrays|replace_float_arrays|replace_class_defs|replace_if_else|replace_while_loops|replace_canvas_api_calls|replace_callee|replace_with_regex|replace_obf_screen,0,0,0,0,0,1
,,,,,0,0,0,1,0,0
Canvas Fingerprinting|AudioContext Fingerprinting,0.001305952,1.9918,0.4247,replace_literals_recursive|replace_class_defs|replace_for_loops|replace_while_loops|replace_callee|replace_with_regex|replace_obf_screen,0,0,0,0,0,1
,,,,,0,0,0,1,0,0
,0.827493261,0.6856,0.418,replace_literals_recursive|obfuscate_functions|replace_int_arrays|replace_float_arrays|replace_class_defs|replace_if_else|replace_for_loops|replace_while_loops|replace_function_calls_with_no_return|replace_canvas_api_calls|replace_callee|replace_with_regex|replace_obf_screen,0,0,0,0,0,1
,,,,,0,0,0,1,0,0
,,,,,0,0,0,0,0,0
Canvas Font Fingerprinting,0.000372803,18.0942,2.2261,obfuscate_functions|replace_class_defs|replace_callee|replace_with_regex|replace_obf_screen,0,0,0,0,0,1
,,,,,0,0,0,1,0,0
,,,,,0,0,0,1,0,0
