categories,cnv_ptg,time_cnv,time_val,working_rules,abrupt_fail,time_fail,ast_fail,large_file_skip,validation_fail,success
Canvas Fingerprinting|AudioContext Fingerprinting,0.0013602666122560021,1.9489,0.4386,replace_literals_recursive|replace_class_defs|replace_for_loops|replace_while_loops|replace_callee|replace_with_regex|replace_obf_screen,0,0,0,0,0,1
Canvas Fingerprinting,0.007705593197821177,2.7211,0.4268,replace_literals_recursive|replace_class_defs|replace_if_else|replace_for_loops|replace_while_loops|replace_callee|replace_with_regex|replace_obf_screen,0,0,0,0,0,1
,,,,,0,0,0,1,0,0
,,,,,0,0,0,1,0,0
,0.2930513595166163,0.6725,0.4366,replace_literals_recursive|obfuscate_functions|replace_int_arrays|replace_float_arrays|replace_class_defs|replace_func_defs|replace_if_else|replace_for_loops|replace_while_loops|replace_canvas_api_calls|replace_callee|replace_with_regex|replace_obf_screen,0,0,0,0,0,1
,0.0020426028596440037,0.7539,0.3624,replace_literals_recursive|obfuscate_functions|replace_int_arrays|replace_float_arrays|replace_class_defs|replace_while_loops|replace_function_calls_with_no_return|replace_callee|replace_with_regex|replace_obf_screen,0,0,0,0,0,1
Canvas Fingerprinting,,,,,0,0,0,0,0,0
WebRTC Fingerprinting,,,,,0,0,1,0,0,0
,,,,,0,0,0,1,0,0
AudioContext Fingerprinting,0.02079612145955601,3.9321,0.8198,replace_literals_recursive|obfuscate_functions|replace_class_defs|replace_while_loops|replace_function_calls_with_no_return|replace_callee|replace_with_regex|replace_obf_screen,0,0,0,0,0,1
,,,,,0,0,0,1,0,0
,0.00013041210224308815,6.4995,0.7255,obfuscate_functions|replace_class_defs|replace_while_loops|replace_function_calls_with_no_return|replace_callee|replace_with_regex|replace_obf_screen,0,0,0,0,0,1
,,,,,0,0,1,0,0,0
Canvas Fingerprinting|AudioContext Fingerprinting,0.0013125082031762699,1.928,0.4326,replace_literals_recursive|replace_class_defs|replace_for_loops|replace_while_loops|replace_callee|replace_with_regex|replace_obf_screen,0,0,0,0,0,1
,,,,,0,0,0,1,0,0
WebRTC Fingerprinting,,,,replace_literals_recursive|obfuscate_functions|replace_int_arrays|replace_float_arrays|replace_class_defs|replace_while_loops|replace_function_calls_with_no_return|replace_callee|replace_with_regex|replace_obf_screen,1,0,0,0,0,0
Canvas Fingerprinting|AudioContext Fingerprinting,,,,,0,0,1,0,0,0
,0.0496156533892383,0.7949,0.3715,replace_literals_recursive|obfuscate_functions|replace_int_arrays|replace_float_arrays|replace_class_defs|replace_func_defs|replace_if_else|replace_for_loops|replace_while_loops|replace_function_calls_with_no_return|replace_canvas_api_calls|replace_callee|replace_with_regex|replace_obf_screen,0,0,0,0,0,1
,,,,,0,0,0,1,0,0
,,,,,0,0,0,1,0,0
AudioContext Fingerprinting,,,,,0,0,0,0,0,0
,,,,,0,0,0,0,0,0
Canvas Fingerprinting|AudioContext Fingerprinting,0.024763128792181007,2.1341,1.0494,replace_literals_recursive|obfuscate_functions|replace_class_defs|replace_canvas_api_calls|replace_callee|replace_with_regex|replace_obf_screen,0,0,0,0,0,1
,,,,,0,0,0,1,0,0
Canvas Font Fingerprinting,0.0,26.2513,1.9286,obfuscate_functions|replace_class_defs|replace_while_loops|replace_callee|replace_with_regex|replace_obf_screen,0,0,0,0,0,1
Canvas Fingerprinting,,,,,0,0,0,0,0,0
Canvas Fingerprinting,0.08049762166117819,0.8976,0.3701,replace_literals_recursive|obfuscate_functions|replace_class_defs|replace_for_loops|replace_while_loops|replace_with_regex,0,0,0,0,0,1
,0.910427807486631,14.2978,0.6788,replace_literals_recursive|obfuscate_functions|replace_int_arrays|replace_float_arrays|replace_class_defs|replace_func_defs|replace_if_else|replace_for_loops|replace_while_loops|replace_function_calls_with_no_return|replace_canvas_api_calls|replace_callee|replace_with_regex|replace_obf_screen,0,0,0,0,0,1
Canvas Fingerprinting|AudioContext Fingerprinting,0.0013127235732335663,1.9883,0.4345,replace_literals_recursive|replace_class_defs|replace_for_loops|replace_while_loops|replace_callee|replace_with_regex|replace_obf_screen,0,0,0,0,0,1
AudioContext Fingerprinting,,,,,0,0,1,0,0,0
Canvas Fingerprinting,,,,,0,0,0,0,0,0
,0.0,2.2146,0.4447,obfuscate_functions|replace_class_defs|replace_while_loops|replace_callee|replace_with_regex|replace_obf_screen,0,0,0,0,0,1
Canvas Fingerprinting,,,,,0,0,0,0,0,0
Canvas Fingerprinting|AudioContext Fingerprinting,0.1364453556221416,2.2631,2.2935,replace_literals_recursive|obfuscate_functions|replace_class_defs|replace_while_loops|replace_canvas_api_calls|replace_callee|replace_with_regex|replace_obf_screen,0,0,0,0,0,1
,,,,,0,0,0,1,0,0
,,,,,0,0,0,1,0,0
,,,,,0,0,0,1,0,0
,,,,,0,0,0,1,0,0
,,,,,0,0,0,1,0,0
,,,,,0,0,0,1,0,0
,0.9965612104539202,0.7148,0.4332,replace_literals_recursive|obfuscate_functions|replace_int_arrays|replace_float_arrays|replace_class_defs|replace_if_else|replace_for_loops|replace_while_loops|replace_function_calls_with_no_return|replace_canvas_api_calls|replace_callee|replace_with_regex|replace_obf_screen,0,0,0,0,0,1
,,,,,0,0,0,1,0,0
AudioContext Fingerprinting,0.00021328701958051014,8.4805,1.2599,replace_class_defs|replace_while_loops|replace_with_regex|replace_obf_screen,0,0,0,0,0,1
,,,,,0,0,0,1,0,0
,,,,,0,0,0,1,0,0
,,,,,0,0,0,1,0,0
Canvas Fingerprinting|AudioContext Fingerprinting,,,,,0,0,0,0,0,0
,0.9850039463299132,2.6559,0.3692,replace_literals_recursive|obfuscate_functions|replace_int_arrays|replace_float_arrays|replace_class_defs|replace_func_defs|replace_if_else|replace_for_loops|replace_while_loops|replace_function_calls_with_no_return|replace_canvas_api_calls|replace_callee|replace_with_regex|replace_obf_screen,0,0,0,0,0,1
,,,,,0,0,0,1,0,0
,,,,,0,0,0,1,0,0
AudioContext Fingerprinting,0.0004161991965545945,5.1097,0.7071,replace_class_defs|replace_while_loops|replace_callee|replace_with_regex|replace_obf_screen,0,0,0,0,0,1
,,,,,0,0,0,0,0,0
,,,,,0,0,0,1,0,0
Canvas Fingerprinting|AudioContext Fingerprinting,,,,,0,0,1,0,0,0
,,,,,0,0,0,1,0,0
,,,,,0,0,0,1,0,0
WebRTC Fingerprinting|AudioContext Fingerprinting,,,,,0,0,0,0,0,0
,,,,,0,0,0,1,0,0
WebRTC Fingerprinting|AudioContext Fingerprinting,,,,,0,0,0,0,0,0
,0.9903536977491961,0.6664,0.4415,replace_literals_recursive|obfuscate_functions|replace_int_arrays|replace_float_arrays|replace_class_defs|replace_for_loops|replace_while_loops|replace_function_calls_with_no_return|replace_canvas_api_calls|replace_callee|replace_with_regex|replace_obf_screen,0,0,0,0,0,1
,,,,,0,0,0,1,0,0
Canvas Fingerprinting|AudioContext Fingerprinting,,,,,0,0,1,0,0,0
,0.15861571737563085,0.7345,0.4594,replace_literals_recursive|obfuscate_functions|replace_int_arrays|replace_float_arrays|replace_class_defs|replace_if_else|replace_for_loops|replace_while_loops|replace_function_calls_with_no_return|replace_canvas_api_calls|replace_callee|replace_with_regex|replace_obf_screen,0,0,0,0,0,1
,,,,,0,0,1,0,0,0
,,,,,0,0,0,1,0,0
Canvas Fingerprinting,,,,replace_literals_recursive|obfuscate_functions|replace_int_arrays|replace_float_arrays|replace_class_defs|replace_canvas_api_calls|replace_callee|replace_with_regex|replace_obf_screen,1,0,0,0,0,0
,,,,,0,0,0,1,0,0
,0.002903730176457449,0.8805,0.3413,replace_literals_recursive|obfuscate_functions|replace_int_arrays|replace_float_arrays|replace_class_defs|replace_func_defs|replace_if_else|replace_for_loops|replace_while_loops|replace_function_calls_with_no_return|replace_canvas_api_calls|replace_callee|replace_with_regex|replace_obf_screen,0,0,0,0,0,1
,0.21962616822429906,0.6282,0.4168,replace_literals_recursive|obfuscate_functions|replace_int_arrays|replace_float_arrays|replace_class_defs|replace_if_else|replace_for_loops|replace_while_loops|replace_canvas_api_calls|replace_callee|replace_with_regex|replace_obf_screen,0,0,0,0,0,1
WebRTC Fingerprinting|AudioContext Fingerprinting,0.00010092281297110453,20.1704,1.5217,obfuscate_functions|replace_class_defs|replace_while_loops|replace_callee|replace_with_regex|replace_obf_screen,0,0,0,0,0,1
,,,,,0,0,0,1,0,0
,,,,replace_literals_recursive|obfuscate_functions|replace_int_arrays|replace_float_arrays|replace_class_defs|replace_while_loops|replace_callee|replace_with_regex|replace_obf_screen,1,0,0,0,0,0
,,,,,0,0,0,1,0,0
AudioContext Fingerprinting,,,,,0,0,0,0,0,0
AudioContext Fingerprinting,,,,,0,0,0,0,0,0
,,,,,0,0,0,0,0,0
,,,,,0,0,0,0,0,0
Canvas Fingerprinting,,,,,0,0,0,0,0,0
,,,,,0,0,0,1,0,0
,,,,,0,0,0,1,0,0
Canvas Fingerprinting|AudioContext Fingerprinting,0.004130252603854903,2.111,0.4641,replace_literals_recursive|replace_class_defs|replace_for_loops|replace_while_loops|replace_callee|replace_with_regex|replace_obf_screen,0,0,0,0,0,1
,,,,,0,0,0,1,0,0
,,,,,0,0,0,1,0,0
Canvas Fingerprinting,,,,replace_literals_recursive|replace_int_arrays|replace_float_arrays|replace_class_defs|replace_while_loops|replace_function_calls_with_no_return|replace_with_regex|replace_obf_screen,1,0,0,0,0,0
WebRTC Fingerprinting,,,,replace_literals_recursive|obfuscate_functions|replace_int_arrays|replace_float_arrays|replace_class_defs|replace_while_loops|replace_function_calls_with_no_return|replace_callee|replace_with_regex|replace_obf_screen,1,0,0,0,0,0
,,,,,0,0,0,1,0,0
WebRTC Fingerprinting,,,,,0,0,0,0,0,0
Canvas Fingerprinting|AudioContext Fingerprinting,0.0013125082031762699,1.95,0.4466,replace_literals_recursive|replace_class_defs|replace_for_loops|replace_while_loops|replace_callee|replace_with_regex|replace_obf_screen,0,0,0,0,0,1
,0.932381667918858,0.7244,0.4116,replace_literals_recursive|obfuscate_functions|replace_int_arrays|replace_float_arrays|replace_class_defs|replace_if_else|replace_for_loops|replace_while_loops|replace_function_calls_with_no_return|replace_canvas_api_calls|replace_callee|replace_with_regex|replace_obf_screen,0,0,0,0,0,1
,,,,,0,0,0,1,0,0
WebRTC Fingerprinting|AudioContext Fingerprinting,0.9995525783460523,4.6363,1.0592,replace_class_defs|replace_while_loops|replace_function_calls_with_no_return|replace_with_regex|replace_obf_screen,0,0,0,0,0,1
,,,,,0,0,0,1,0,0
AudioContext Fingerprinting,,,,,0,0,0,0,0,0
,,,,,0,0,0,1,0,0
,0.1869530628480509,0.8274,0.5674,replace_literals_recursive|obfuscate_functions|replace_int_arrays|replace_float_arrays|replace_class_defs|replace_for_loops|replace_while_loops|replace_canvas_api_calls|replace_callee|replace_with_regex|replace_obf_screen,0,0,0,0,0,1
,,,,,0,0,0,1,0,0
WebRTC Fingerprinting|AudioContext Fingerprinting,0.9994248602539662,4.5269,1.0083,replace_class_defs|replace_while_loops|replace_function_calls_with_no_return|replace_with_regex|replace_obf_screen,0,0,0,0,0,1
,,,,,0,0,0,1,0,0
,0.2435344827586207,0.71,0.4634,replace_literals_recursive|obfuscate_functions|replace_int_arrays|replace_float_arrays|replace_class_defs|replace_for_loops|replace_while_loops|replace_canvas_api_calls|replace_callee|replace_with_regex|replace_obf_screen,0,0,0,0,0,1
,,,,,0,0,0,1,0,0
AudioContext Fingerprinting,,,,,0,0,0,0,0,0
,,,,,0,0,0,1,0,0
Canvas Fingerprinting,,,,,0,0,0,0,0,0
Canvas Fingerprinting,,,,,0,0,0,0,0,0
,,,,,0,0,0,1,0,0
,,,,,0,0,0,1,0,0
Canvas Fingerprinting|AudioContext Fingerprinting,0.0013125082031762699,1.9699,0.4355,replace_literals_recursive|replace_class_defs|replace_for_loops|replace_while_loops|replace_callee|replace_with_regex|replace_obf_screen,0,0,0,0,0,1
WebRTC Fingerprinting,,,,,0,0,0,0,0,0
,0.03220433092726263,0.6882,0.3991,replace_literals_recursive|obfuscate_functions|replace_int_arrays|replace_float_arrays|replace_class_defs|replace_func_defs|replace_if_else|replace_for_loops|replace_while_loops|replace_function_calls_with_no_return|replace_canvas_api_calls|replace_callee|replace_with_regex|replace_obf_screen,0,0,0,0,0,1
,,,,,0,0,0,1,0,0
Canvas Fingerprinting,0.008519701810436636,0.6392,0.4284,replace_literals_recursive,0,0,0,0,1,0
,,,,,0,0,0,0,0,0
Canvas Fingerprinting,,,,,0,0,0,0,0,0
,,,,,0,0,0,1,0,0
,,,,,0,0,0,1,0,0
,,,,,0,0,0,1,0,0
AudioContext Fingerprinting,,,,,0,0,1,0,0,0
WebRTC Fingerprinting,,,,replace_literals_recursive|obfuscate_functions|replace_int_arrays|replace_float_arrays|replace_class_defs|replace_while_loops|replace_function_calls_with_no_return|replace_callee|replace_with_regex|replace_obf_screen,1,0,0,0,0,0
,,,,,0,0,0,1,0,0
,0.9975730960360568,2.2623,2.7216,replace_literals_recursive|obfuscate_functions|replace_class_defs|replace_while_loops|replace_function_calls_with_no_return|replace_canvas_api_calls|replace_callee|replace_with_regex|replace_obf_screen,0,0,0,0,0,1
Canvas Fingerprinting,,,,,0,0,0,0,0,0
,,,,,0,0,0,0,0,0
,,,,,0,0,0,1,0,0
,,,,,0,0,0,1,0,0
,,,,,0,0,0,1,0,0
Canvas Fingerprinting|AudioContext Fingerprinting,0.004130252603854903,2.0723,0.4566,replace_literals_recursive|replace_class_defs|replace_for_loops|replace_while_loops|replace_callee|replace_with_regex|replace_obf_screen,0,0,0,0,0,1
Canvas Fingerprinting|AudioContext Fingerprinting,0.19057220952637002,1.7087,2.1434,replace_literals_recursive|replace_class_defs|replace_while_loops|replace_canvas_api_calls|replace_callee|replace_with_regex|replace_obf_screen,0,0,0,0,0,1
,,,,,0,0,0,1,0,0
,0.2988268520530089,1.1462,1.1056,obfuscate_functions|replace_class_defs|replace_while_loops|replace_canvas_api_calls|replace_callee|replace_with_regex|replace_obf_screen,0,0,0,0,0,1
WebRTC Fingerprinting|AudioContext Fingerprinting,0.9994248602539662,4.5187,1.0167,replace_class_defs|replace_while_loops|replace_function_calls_with_no_return|replace_with_regex|replace_obf_screen,0,0,0,0,0,1
,,,,,0,0,1,0,0,0
Canvas Fingerprinting|AudioContext Fingerprinting,,,,,0,0,1,0,0,0
Canvas Fingerprinting|AudioContext Fingerprinting,,,,,0,0,0,0,0,0
AudioContext Fingerprinting,,,,,0,0,0,0,0,0
,,,,,0,0,0,1,0,0
,,,,,0,0,0,1,0,0
,,,,,0,0,0,1,0,0
,,,,,0,0,0,1,0,0
,0.4329896907216495,0.6282,0.4038,replace_literals_recursive|obfuscate_functions|replace_int_arrays|replace_float_arrays|replace_class_defs|replace_func_defs|replace_if_else|replace_for_loops|replace_while_loops|replace_function_calls_with_no_return|replace_canvas_api_calls|replace_callee|replace_with_regex|replace_obf_screen,0,0,0,0,0,1
,,,,,0,0,0,0,0,0
,,,,,0,0,0,1,0,0
,,,,,0,0,0,1,0,0
Canvas Fingerprinting,0.011813417494281496,2.2975,0.4564,replace_literals_recursive|replace_class_defs|replace_if_else|replace_for_loops|replace_while_loops|replace_with_regex|replace_obf_screen,0,0,0,0,0,1
,0.0,3.8709,0.6483,obfuscate_functions|replace_class_defs|replace_callee|replace_with_regex|replace_obf_screen,0,0,0,0,0,1
,,,,,0,0,0,0,0,0
,,,,,0,0,0,0,0,0
,,,,,0,0,0,1,0,0
Canvas Fingerprinting|AudioContext Fingerprinting,0.13713726357005274,2.5089,2.0852,replace_literals_recursive|obfuscate_functions|replace_class_defs|replace_while_loops|replace_canvas_api_calls|replace_callee|replace_with_regex|replace_obf_screen,0,0,0,0,0,1
,0.4745762711864407,0.6195,0.4028,replace_literals_recursive|obfuscate_functions|replace_int_arrays|replace_float_arrays|replace_class_defs|replace_func_defs|replace_if_else|replace_for_loops|replace_while_loops|replace_function_calls_with_no_return|replace_canvas_api_calls|replace_callee|replace_with_regex|replace_obf_screen,0,0,0,0,0,1
,,,,,0,0,0,1,0,0
AudioContext Fingerprinting,,,,,0,0,1,0,0,0
,,,,,0,0,0,1,0,0
,,,,,0,0,0,1,0,0
AudioContext Fingerprinting,,,,,0,0,0,0,0,0
WebRTC Fingerprinting|AudioContext Fingerprinting,,,,,0,0,0,0,0,0
,,,,,0,0,0,1,0,0
,0.9994447630230378,6.4723,0.9425,replace_literals_recursive|obfuscate_functions|replace_class_defs|replace_while_loops|replace_function_calls_with_no_return|replace_callee|replace_with_regex|replace_obf_screen,0,0,0,0,0,1
Canvas Fingerprinting,,,,,0,0,0,0,0,0
Canvas Fingerprinting,,,,,0,0,0,0,0,0
,,,,,0,0,0,1,0,0
Canvas Fingerprinting,0.0,0.6777,0.4985,replace_literals_recursive|replace_int_arrays|replace_float_arrays|replace_class_defs|replace_for_loops|replace_function_calls_with_no_return|replace_callee|replace_with_regex|replace_obf_screen,0,0,0,0,0,1
AudioContext Fingerprinting,0.00041636118427602935,5.1482,0.726,replace_class_defs|replace_while_loops|replace_callee|replace_with_regex|replace_obf_screen,0,0,0,0,0,1
,,,,,0,0,0,0,0,0
WebRTC Fingerprinting,,,,,0,0,1,0,0,0
AudioContext Fingerprinting,,,,,0,0,0,0,0,0
WebRTC Fingerprinting|AudioContext Fingerprinting,0.00011482572325852437,13.3889,1.4106,obfuscate_functions|replace_while_loops|replace_function_calls_with_no_return|replace_with_regex|replace_obf_screen,0,0,0,0,0,1
Canvas Fingerprinting|AudioContext Fingerprinting,,,,,0,0,0,0,0,0
,,,,,0,0,0,1,0,0
Canvas Fingerprinting|AudioContext Fingerprinting,,,,replace_literals_recursive|replace_int_arrays|replace_float_arrays|replace_class_defs|replace_while_loops|replace_function_calls_with_no_return|replace_callee|replace_with_regex|replace_obf_screen,1,0,0,0,0,0
,0.7708333333333334,0.6395,0.4104,replace_literals_recursive|obfuscate_functions|replace_int_arrays|replace_float_arrays|replace_class_defs|replace_func_defs|replace_if_else|replace_for_loops|replace_while_loops|replace_function_calls_with_no_return|replace_canvas_api_calls|replace_callee|replace_with_regex|replace_obf_screen,0,0,0,0,0,1
,,,,,0,0,0,1,0,0
,0.9507772020725389,0.6824,0.4327,replace_literals_recursive|obfuscate_functions|replace_int_arrays|replace_float_arrays|replace_class_defs|replace_if_else|replace_for_loops|replace_while_loops|replace_function_calls_with_no_return|replace_canvas_api_calls|replace_callee|replace_with_regex|replace_obf_screen,0,0,0,0,0,1
,0.24,0.6734,0.4324,replace_literals_recursive|obfuscate_functions|replace_int_arrays|replace_float_arrays|replace_class_defs|replace_for_loops|replace_while_loops|replace_canvas_api_calls|replace_callee|replace_with_regex|replace_obf_screen,0,0,0,0,0,1
,,,,,0,0,0,0,0,0
,,,,,0,0,0,1,0,0
AudioContext Fingerprinting,,,,,0,0,1,0,0,0
,,,,,0,0,0,1,0,0
AudioContext Fingerprinting,0.00018450610023293894,2.1545,0.4935,replace_literals_recursive|replace_class_defs|replace_while_loops|replace_callee|replace_with_regex|replace_obf_screen,0,0,0,0,0,1
AudioContext Fingerprinting,,,,,0,0,0,0,0,0
AudioContext Fingerprinting,0.00023050200042807513,8.1507,1.2007,replace_class_defs|replace_while_loops|replace_with_regex|replace_obf_screen,0,0,0,0,0,1
,,,,,0,0,1,0,0,0
AudioContext Fingerprinting,,,,,0,0,0,0,0,0
,,,,,0,0,1,0,0,0
,,,,,0,0,0,1,0,0
,,,,,0,0,0,1,0,0
,,,,,0,0,0,1,0,0
Canvas Fingerprinting,0.008519701810436636,0.6203,0.3962,replace_literals_recursive,0,0,0,0,1,0
,,,,,0,0,0,1,0,0
Canvas Fingerprinting,,,,replace_literals_recursive|replace_int_arrays|replace_float_arrays|replace_class_defs|replace_while_loops|replace_function_calls_with_no_return|replace_with_regex|replace_obf_screen,1,0,0,0,0,0
,,,,,0,0,0,1,0,0
,,,,,0,0,0,1,0,0
,,,,,0,0,0,1,0,0
,,,,,0,0,0,1,0,0
WebRTC Fingerprinting,,,,,0,0,0,0,0,0
AudioContext Fingerprinting,,,,,0,0,1,0,0,0
Canvas Fingerprinting,0.1846659879395411,1.5357,1.0369,obfuscate_functions|replace_int_arrays|replace_float_arrays|replace_class_defs|replace_if_else|replace_while_loops|replace_canvas_api_calls|replace_callee|replace_with_regex|replace_obf_screen,0,0,0,0,0,1
Canvas Fingerprinting|AudioContext Fingerprinting,0.0013125082031762699,2.004,0.4322,replace_literals_recursive|replace_class_defs|replace_for_loops|replace_while_loops|replace_callee|replace_with_regex|replace_obf_screen,0,0,0,0,0,1
WebRTC Fingerprinting|AudioContext Fingerprinting,,,,,0,0,0,0,0,0
,0.0,0.6739,0.3507,replace_literals_recursive|obfuscate_functions|replace_int_arrays|replace_float_arrays|replace_class_defs|replace_for_loops|replace_while_loops|replace_callee|replace_with_regex|replace_obf_screen,0,0,0,0,0,1
,,,,,0,0,0,1,0,0
Canvas Fingerprinting|AudioContext Fingerprinting,0.1970183179569461,1.6591,1.7722,replace_literals_recursive|replace_class_defs|replace_if_else|replace_while_loops|replace_canvas_api_calls|replace_callee|replace_with_regex|replace_obf_screen,0,0,0,0,0,1
,,,,,0,0,0,1,0,0
,,,,,0,0,0,1,0,0
,,,,,0,0,1,0,0,0
WebRTC Fingerprinting|AudioContext Fingerprinting,0.9997465556204811,16.1154,0.3963,replace_literals_recursive|obfuscate_functions|replace_int_arrays|replace_float_arrays|replace_class_defs|replace_func_defs|replace_if_else|replace_for_loops|replace_while_loops|replace_function_calls_with_no_return|replace_canvas_api_calls|replace_callee|replace_with_regex|replace_obf_screen,0,0,0,0,0,1
AudioContext Fingerprinting,,,,,0,0,0,0,0,0
,,,,,0,0,0,1,0,0
Canvas Fingerprinting|AudioContext Fingerprinting,0.0013082155939298796,1.9534,0.4287,replace_literals_recursive|replace_class_defs|replace_for_loops|replace_while_loops|replace_callee|replace_with_regex|replace_obf_screen,0,0,0,0,0,1
AudioContext Fingerprinting,,,,,0,0,1,0,0,0
,,,,,0,0,0,1,0,0
WebRTC Fingerprinting|AudioContext Fingerprinting,,,,,0,0,0,0,0,0
,,,,,0,0,0,1,0,0
,,,,,0,0,0,1,0,0
Canvas Fingerprinting|AudioContext Fingerprinting,,,,,0,0,0,0,0,0
Canvas Fingerprinting,,,,,0,0,0,0,0,0
,,,,,0,0,0,0,0,0
AudioContext Fingerprinting,,,,,0,0,0,0,0,0
Canvas Font Fingerprinting,0.0,25.4483,1.9297,obfuscate_functions|replace_class_defs|replace_while_loops|replace_callee|replace_with_regex|replace_obf_screen,0,0,0,0,0,1
Canvas Fingerprinting|AudioContext Fingerprinting,0.0013125082031762699,1.9909,0.4235,replace_literals_recursive|replace_class_defs|replace_for_loops|replace_while_loops|replace_callee|replace_with_regex|replace_obf_screen,0,0,0,0,0,1
,0.030377032580856514,1.6062,0.5171,replace_literals_recursive|replace_class_defs|replace_while_loops|replace_function_calls_with_no_return|replace_callee|replace_with_regex|replace_obf_screen,0,0,0,0,0,1
,,,,,0,0,0,1,0,0
,,,,,0,0,0,1,0,0
,0.2708333333333333,0.6821,0.4376,replace_literals_recursive|obfuscate_functions|replace_int_arrays|replace_float_arrays|replace_class_defs|replace_if_else|replace_for_loops|replace_while_loops|replace_canvas_api_calls|replace_callee|replace_with_regex|replace_obf_screen,0,0,0,0,0,1
AudioContext Fingerprinting,0.0003254837502237701,4.1779,0.664,replace_class_defs|replace_while_loops|replace_callee|replace_with_regex|replace_obf_screen,0,0,0,0,0,1
,,,,,0,0,0,1,0,0
,,,,,0,0,0,1,0,0
Canvas Fingerprinting,0.011990830541350733,1.8262,0.4657,replace_literals_recursive|replace_class_defs|replace_if_else|replace_while_loops|replace_with_regex|replace_obf_screen,0,0,0,0,0,1
WebRTC Fingerprinting|AudioContext Fingerprinting,,,,,0,0,0,0,0,0
,,,,,0,0,0,1,0,0
,,,,,0,0,0,1,0,0
,,,,,0,0,0,1,0,0
,0.08121827411167512,0.6739,0.3462,replace_literals_recursive|obfuscate_functions|replace_int_arrays|replace_float_arrays|replace_class_defs|replace_func_defs|replace_if_else|replace_for_loops|replace_while_loops|replace_function_calls_with_no_return|replace_canvas_api_calls|replace_callee|replace_with_regex|replace_obf_screen,0,0,0,0,0,1
AudioContext Fingerprinting,0.36361554229698934,3.3764,0.4951,replace_literals_recursive|obfuscate_functions|replace_class_defs|replace_while_loops|replace_function_calls_with_no_return|replace_callee|replace_with_regex|replace_obf_screen,0,0,0,0,0,1
AudioContext Fingerprinting,0.0004174384930470401,2.6023,0.4734,replace_literals_recursive|obfuscate_functions|replace_class_defs|replace_while_loops|replace_callee|replace_with_regex|replace_obf_screen,0,0,0,0,0,1
,,,,,0,0,0,1,0,0
,,,,,0,0,0,1,0,0
WebRTC Fingerprinting|AudioContext Fingerprinting,,,,,0,0,0,0,0,0
WebRTC Fingerprinting,,,,,0,0,1,0,0,0
,0.9981973862100045,0.6537,0.4177,replace_literals_recursive|obfuscate_functions|replace_int_arrays|replace_float_arrays|replace_class_defs|replace_if_else|replace_for_loops|replace_while_loops|replace_function_calls_with_no_return|replace_canvas_api_calls|replace_callee|replace_with_regex|replace_obf_screen,0,0,0,0,0,1
AudioContext Fingerprinting,,,,,0,0,0,0,0,0
,,,,,0,0,0,1,0,0
,,,,,0,0,0,1,0,0
WebRTC Fingerprinting,0.01283555999500562,0.6306,0.4436,replace_literals_recursive,0,0,0,0,0,1
Canvas Font Fingerprinting,,,,,0,0,0,0,0,0
AudioContext Fingerprinting,,,,,0,0,0,0,0,0
WebRTC Fingerprinting,,,,replace_literals_recursive|obfuscate_functions|replace_int_arrays|replace_float_arrays|replace_class_defs|replace_while_loops|replace_function_calls_with_no_return|replace_callee|replace_with_regex|replace_obf_screen,1,0,0,0,0,0
Canvas Fingerprinting,0.008519701810436636,0.6132,0.403,replace_literals_recursive,0,0,0,0,1,0
,,,,,0,0,0,1,0,0
,,,,,0,0,0,1,0,0
,0.034013605442176874,0.6321,0.4122,replace_literals_recursive|obfuscate_functions|replace_int_arrays|replace_float_arrays|replace_class_defs|replace_func_defs|replace_if_else|replace_for_loops|replace_while_loops|replace_function_calls_with_no_return|replace_canvas_api_calls|replace_callee|replace_with_regex|replace_obf_screen,0,0,0,0,0,1
,,,,,0,0,0,1,0,0
,,,,,0,0,0,1,0,0
AudioContext Fingerprinting,,,,,0,0,0,0,0,0
,,,,,0,0,1,0,0,0
AudioContext Fingerprinting,,,,,0,0,0,0,0,0
Canvas Fingerprinting,,,,,0,0,0,0,0,0
,,,,,0,0,0,1,0,0
,,,,,0,0,0,1,0,0
Canvas Fingerprinting|AudioContext Fingerprinting,0.13713726357005274,2.2613,2.354,replace_literals_recursive|obfuscate_functions|replace_class_defs|replace_while_loops|replace_canvas_api_calls|replace_callee|replace_with_regex|replace_obf_screen,0,0,0,0,0,1
,,,,,0,0,0,1,0,0
AudioContext Fingerprinting,,,,,0,0,1,0,0,0
,,,,,0,0,0,1,0,0
AudioContext Fingerprinting,0.0011630847029077118,2.4864,0.582,replace_literals_recursive|replace_class_defs|replace_while_loops|replace_with_regex|replace_obf_screen,0,0,0,0,0,1
,,,,,0,0,0,1,0,0
Canvas Fingerprinting|AudioContext Fingerprinting,0.0013125082031762699,1.991,0.4507,replace_literals_recursive|replace_class_defs|replace_for_loops|replace_while_loops|replace_callee|replace_with_regex|replace_obf_screen,0,0,0,0,0,1
,0.03753157704799711,1.2959,0.439,replace_literals_recursive|obfuscate_functions|replace_class_defs|replace_if_else|replace_while_loops|replace_function_calls_with_no_return|replace_callee|replace_with_regex|replace_obf_screen,0,0,0,0,0,1
WebRTC Fingerprinting|AudioContext Fingerprinting,,,,,0,0,1,0,0,0
Canvas Fingerprinting,,,,,0,0,0,0,0,0
WebRTC Fingerprinting|AudioContext Fingerprinting,,,,,0,0,0,0,0,0
,,,,,0,0,0,1,0,0
WebRTC Fingerprinting|AudioContext Fingerprinting,0.00011482572325852437,13.9644,1.397,obfuscate_functions|replace_while_loops|replace_function_calls_with_no_return|replace_with_regex|replace_obf_screen,0,0,0,0,0,1
,,,,,0,0,0,1,0,0
AudioContext Fingerprinting,,,,,0,0,1,0,0,0
,,,,,0,0,0,0,0,0
Canvas Fingerprinting|AudioContext Fingerprinting,0.0004773696929916162,2.0437,0.7133,replace_literals_recursive|obfuscate_functions|replace_class_defs|replace_while_loops|replace_callee|replace_with_regex|replace_obf_screen,0,0,0,0,0,1
,,,,,0,0,0,0,0,0
,0.25862068965517243,0.6483,0.4137,replace_literals_recursive|obfuscate_functions|replace_int_arrays|replace_float_arrays|replace_class_defs|replace_func_defs|replace_if_else|replace_for_loops|replace_while_loops|replace_function_calls_with_no_return|replace_canvas_api_calls|replace_callee|replace_with_regex|replace_obf_screen,0,0,0,0,0,1
,,,,,0,0,0,1,0,0
,,,,,0,0,0,0,0,0
Canvas Font Fingerprinting,0.0,21.86,2.3078,obfuscate_functions|replace_class_defs|replace_while_loops|replace_callee|replace_with_regex|replace_obf_screen,0,0,0,0,0,1
AudioContext Fingerprinting,0.37170418006430866,0.7266,0.5118,replace_literals_recursive|obfuscate_functions|replace_int_arrays|replace_float_arrays|replace_class_defs|replace_if_else|replace_while_loops|replace_function_calls_with_no_return|replace_canvas_api_calls|replace_callee|replace_with_regex|replace_obf_screen,0,0,0,0,0,1
,,,,,0,0,0,1,0,0
,,,,,0,0,0,1,0,0
,,,,,0,0,0,0,0,0
,,,,,0,0,0,1,0,0
Canvas Fingerprinting,0.08049762166117819,1.2053,0.4025,replace_literals_recursive|obfuscate_functions|replace_class_defs|replace_for_loops|replace_while_loops|replace_with_regex,0,0,0,0,0,1
,,,,,0,0,0,1,0,0
Canvas Fingerprinting|AudioContext Fingerprinting,0.0013125082031762699,1.9378,0.4509,replace_literals_recursive|replace_class_defs|replace_for_loops|replace_while_loops|replace_callee|replace_with_regex|replace_obf_screen,0,0,0,0,0,1
,,,,,0,0,0,1,0,0
Canvas Fingerprinting,0.0118137595552467,2.3089,0.7299,replace_literals_recursive|replace_class_defs|replace_if_else|replace_for_loops|replace_while_loops|replace_with_regex|replace_obf_screen,0,0,0,0,0,1
Canvas Fingerprinting,,,,replace_literals_recursive|obfuscate_functions|replace_int_arrays|replace_float_arrays|replace_class_defs|replace_if_else|replace_while_loops|replace_with_regex|replace_obf_screen,1,0,0,0,0,0
,,,,,0,0,0,1,0,0
,,,,,0,0,0,1,0,0
,,,,,0,0,0,1,0,0
,0.9563218390804598,0.7038,0.4285,replace_literals_recursive|obfuscate_functions|replace_int_arrays|replace_float_arrays|replace_class_defs|replace_if_else|replace_for_loops|replace_while_loops|replace_function_calls_with_no_return|replace_canvas_api_calls|replace_callee|replace_with_regex|replace_obf_screen,0,0,0,0,0,1
,0.8,0.6354,0.3891,replace_literals_recursive|obfuscate_functions|replace_int_arrays|replace_float_arrays|replace_class_defs|replace_func_defs|replace_if_else|replace_for_loops|replace_while_loops|replace_function_calls_with_no_return|replace_canvas_api_calls|replace_callee|replace_with_regex|replace_obf_screen,0,0,0,0,0,1
,,,,,0,0,0,1,0,0
AudioContext Fingerprinting,,,,,0,0,0,0,0,0
AudioContext Fingerprinting,,,,,0,0,0,0,0,0
,0.0,4.293,0.6669,obfuscate_functions|replace_class_defs|replace_callee|replace_with_regex|replace_obf_screen,0,0,0,0,0,1
,,,,,0,0,0,1,0,0
,0.00018424485404122662,7.554,0.731,replace_literals_recursive|obfuscate_functions|replace_while_loops|replace_callee|replace_with_regex|replace_obf_screen,0,0,0,0,0,1
,,,,,0,0,0,0,0,0
,,,,,0,0,0,1,0,0
Canvas Fingerprinting,,,,,0,0,0,0,0,0
Canvas Fingerprinting|AudioContext Fingerprinting,,,,,0,0,1,0,0,0
,0.17647058823529413,0.6363,0.4197,replace_literals_recursive|obfuscate_functions|replace_int_arrays|replace_float_arrays|replace_class_defs|replace_func_defs|replace_if_else|replace_for_loops|replace_while_loops|replace_function_calls_with_no_return|replace_canvas_api_calls|replace_callee|replace_with_regex|replace_obf_screen,0,0,0,0,0,1
,0.17289719626168223,0.6514,0.4436,replace_literals_recursive|obfuscate_functions|replace_int_arrays|replace_float_arrays|replace_class_defs|replace_if_else|replace_for_loops|replace_while_loops|replace_function_calls_with_no_return|replace_canvas_api_calls|replace_callee|replace_with_regex|replace_obf_screen,0,0,0,0,0,1
,,,,,0,0,0,1,0,0
,,,,,0,0,0,1,0,0
AudioContext Fingerprinting,0.0003254837502237701,4.1733,0.6732,replace_class_defs|replace_while_loops|replace_callee|replace_with_regex|replace_obf_screen,0,0,0,0,0,1
,,,,,0,0,0,0,0,0
,,,,,0,0,0,0,0,0
,,,,,0,0,0,0,0,0
,0.13004484304932734,0.7412,0.4679,replace_literals_recursive|obfuscate_functions|replace_int_arrays|replace_float_arrays|replace_class_defs|replace_for_loops|replace_while_loops|replace_canvas_api_calls|replace_callee|replace_with_regex|replace_obf_screen,0,0,0,0,0,1
,,,,,0,0,0,1,0,0
,0.17817420988877877,1.3472,0.9476,replace_literals_recursive|obfuscate_functions|replace_class_defs|replace_if_else|replace_while_loops|replace_function_calls_with_no_return|replace_canvas_api_calls|replace_callee|replace_with_regex|replace_obf_screen,0,0,0,0,0,1
Canvas Fingerprinting,0.0057319095696703425,1.8366,0.4358,replace_literals_recursive|replace_class_defs|replace_if_else|replace_while_loops|replace_with_regex|replace_obf_screen,0,0,0,0,0,1
,,,,,0,0,0,1,0,0
WebRTC Fingerprinting,,,,replace_literals_recursive|obfuscate_functions|replace_int_arrays|replace_float_arrays|replace_class_defs|replace_while_loops|replace_function_calls_with_no_return|replace_callee|replace_with_regex|replace_obf_screen,1,0,0,0,0,0
,,,,,0,0,0,1,0,0
Canvas Fingerprinting|AudioContext Fingerprinting,,,,,0,0,0,0,0,0
,,,,,0,0,1,0,0,0
WebRTC Fingerprinting|AudioContext Fingerprinting,,,,,0,0,0,0,0,0
Canvas Fingerprinting|AudioContext Fingerprinting,0.13713726357005274,2.3028,2.3731,replace_literals_recursive|obfuscate_functions|replace_class_defs|replace_while_loops|replace_canvas_api_calls|replace_callee|replace_with_regex|replace_obf_screen,0,0,0,0,0,1
,,,,,0,0,0,1,0,0
AudioContext Fingerprinting,,,,,0,0,0,0,0,0
Canvas Fingerprinting|AudioContext Fingerprinting,0.0013125082031762699,1.9401,0.441,replace_literals_recursive|replace_class_defs|replace_for_loops|replace_while_loops|replace_callee|replace_with_regex|replace_obf_screen,0,0,0,0,0,1
,,,,,0,0,0,1,0,0
,,,,,0,0,0,1,0,0
AudioContext Fingerprinting,,,,,0,0,0,0,0,0
Canvas Font Fingerprinting,0.0003728032278546145,17.5833,2.2166,obfuscate_functions|replace_class_defs|replace_callee|replace_with_regex|replace_obf_screen,0,0,0,0,0,1
Canvas Fingerprinting|AudioContext Fingerprinting,,,,replace_literals_recursive|replace_int_arrays|replace_float_arrays|replace_class_defs|replace_while_loops|replace_function_calls_with_no_return|replace_callee|replace_with_regex|replace_obf_screen,1,0,0,0,0,0
Canvas Fingerprinting|AudioContext Fingerprinting,,,,,0,0,1,0,0,0
WebRTC Fingerprinting|AudioContext Fingerprinting,,,,,0,0,0,0,0,0
,,,,,0,0,1,0,0,0
AudioContext Fingerprinting,,,,,0,0,1,0,0,0
Canvas Fingerprinting|AudioContext Fingerprinting,,,,replace_literals_recursive|replace_int_arrays|replace_float_arrays|replace_class_defs|replace_while_loops|replace_function_calls_with_no_return|replace_callee|replace_with_regex|replace_obf_screen,1,0,0,0,0,0
,,,,,0,0,0,1,0,0
Canvas Fingerprinting,,,,,0,0,0,0,0,0
,0.0,0.6386,0.384,replace_literals_recursive|obfuscate_functions|replace_int_arrays|replace_float_arrays|replace_class_defs|replace_func_defs|replace_if_else|replace_for_loops|replace_while_loops|replace_function_calls_with_no_return|replace_canvas_api_calls|replace_callee|replace_with_regex|replace_obf_screen,0,0,0,0,0,1
,0.0379746835443038,0.6285,0.4234,replace_literals_recursive|obfuscate_functions|replace_int_arrays|replace_float_arrays|replace_class_defs|replace_func_defs|replace_if_else|replace_for_loops|replace_while_loops|replace_function_calls_with_no_return|replace_canvas_api_calls|replace_callee|replace_with_regex|replace_obf_screen,0,0,0,0,0,1
Canvas Fingerprinting|AudioContext Fingerprinting,0.001320088445925877,1.9972,0.4442,replace_literals_recursive|replace_class_defs|replace_for_loops|replace_while_loops|replace_callee|replace_with_regex|replace_obf_screen,0,0,0,0,0,1
,,,,,0,0,0,1,0,0
,,,,,0,0,0,1,0,0
,0.9607843137254902,0.6173,0.4228,replace_literals_recursive|obfuscate_functions|replace_int_arrays|replace_float_arrays|replace_class_defs|replace_if_else|replace_for_loops|replace_while_loops|replace_function_calls_with_no_return|replace_canvas_api_calls|replace_callee|replace_with_regex|replace_obf_screen,0,0,0,0,0,1
,,,,,0,0,0,1,0,0
,,,,,0,0,0,1,0,0
,,,,,0,0,0,1,0,0
,,,,,0,0,0,1,0,0
,,,,,0,0,0,1,0,0
,0.0,6.6006,1.3225,replace_class_defs|replace_while_loops|replace_callee|replace_with_regex|replace_obf_screen,0,0,0,0,0,1
,,,,,0,0,0,1,0,0
,,,,,0,0,1,0,0,0
WebRTC Fingerprinting|AudioContext Fingerprinting,,,,,0,0,0,0,0,0
,,,,,0,0,0,1,0,0
AudioContext Fingerprinting,0.0001233616037008481,6.4068,0.9368,replace_literals_recursive|replace_class_defs|replace_while_loops|replace_callee|replace_with_regex|replace_obf_screen,0,0,0,0,0,1
WebRTC Fingerprinting|AudioContext Fingerprinting,,,,,0,0,0,0,0,0
WebRTC Fingerprinting,0.015120955711233904,3.4118,0.6853,replace_literals_recursive|replace_class_defs|replace_while_loops|replace_function_calls_with_no_return|replace_callee|replace_with_regex|replace_obf_screen,0,0,0,0,0,1
Canvas Fingerprinting|AudioContext Fingerprinting,0.0013125082031762699,1.918,0.4517,replace_literals_recursive|replace_class_defs|replace_for_loops|replace_while_loops|replace_callee|replace_with_regex|replace_obf_screen,0,0,0,0,0,1
,,,,,0,0,0,1,0,0
,,,,,0,0,0,0,0,0
WebRTC Fingerprinting,,,,,0,0,0,0,0,0
,,,,,0,0,0,1,0,0
,,,,,0,0,0,1,0,0
,0.2033204457584717,0.9451,0.758,replace_literals_recursive|obfuscate_functions|replace_class_defs|replace_while_loops|replace_canvas_api_calls|replace_callee|replace_with_regex|replace_obf_screen,0,0,0,0,0,1
,,,,,0,0,0,1,0,0
,,,,,0,0,0,1,0,0
WebRTC Fingerprinting,0.0,9.2458,2.763,replace_callee|replace_obf_screen,0,0,0,0,0,1
Canvas Fingerprinting|AudioContext Fingerprinting,0.1331745740978201,2.6575,2.1147,replace_literals_recursive|obfuscate_functions|replace_class_defs|replace_while_loops|replace_canvas_api_calls|replace_callee|replace_with_regex|replace_obf_screen,0,0,0,0,0,1
AudioContext Fingerprinting,,,,,0,0,0,0,0,0
,,,,,0,0,0,1,0,0
,,,,,0,0,0,1,0,0
,,,,,0,0,0,1,0,0
Canvas Fingerprinting|AudioContext Fingerprinting,,,,replace_literals_recursive|replace_int_arrays|replace_float_arrays|replace_class_defs|replace_while_loops|replace_function_calls_with_no_return|replace_callee|replace_with_regex|replace_obf_screen,1,0,0,0,0,0
WebRTC Fingerprinting,,,,,0,0,1,0,0,0
Canvas Fingerprinting|AudioContext Fingerprinting,0.00047376524931896246,2.4092,0.4643,replace_literals_recursive|obfuscate_functions|replace_class_defs|replace_while_loops|replace_callee|replace_with_regex|replace_obf_screen,0,0,0,0,0,1
Canvas Fingerprinting|AudioContext Fingerprinting,0.005483579391382947,2.447,0.426,replace_literals_recursive|replace_class_defs|replace_if_else|replace_for_loops|replace_while_loops|replace_callee|replace_with_regex|replace_obf_screen,0,0,0,0,0,1
Canvas Fingerprinting|AudioContext Fingerprinting,,,,,0,0,0,0,0,0
,,,,,0,0,0,1,0,0
,,,,,0,0,0,1,0,0
AudioContext Fingerprinting,0.0002561703824883224,17.8747,1.7457,replace_literals_recursive|replace_class_defs|replace_while_loops|replace_callee|replace_with_regex|replace_obf_screen,0,0,0,0,0,1
,,,,,0,0,0,1,0,0
,,,,,0,0,0,1,0,0
,,,,,0,0,0,1,0,0
,,,,,0,0,0,1,0,0
Canvas Fingerprinting|AudioContext Fingerprinting,,,,replace_literals_recursive|replace_int_arrays|replace_float_arrays|replace_class_defs|replace_while_loops|replace_function_calls_with_no_return|replace_callee|replace_with_regex|replace_obf_screen,1,0,0,0,0,0
,,,,,0,0,0,1,0,0
WebRTC Fingerprinting,0.0016020217062659356,1.5835,0.4397,replace_literals_recursive|replace_int_arrays|replace_float_arrays|replace_while_loops|replace_with_regex|replace_obf_screen,0,0,0,0,0,1
WebRTC Fingerprinting,,,,replace_literals_recursive|obfuscate_functions|replace_int_arrays|replace_float_arrays|replace_for_loops|replace_while_loops|replace_callee|replace_with_regex|replace_obf_screen,1,0,0,0,0,0
Canvas Fingerprinting,0.08049762166117819,0.8692,0.3917,replace_literals_recursive|obfuscate_functions|replace_class_defs|replace_for_loops|replace_while_loops|replace_with_regex,0,0,0,0,0,1
,,,,,0,0,0,1,0,0
,,,,,0,0,1,0,0,0
Canvas Fingerprinting,0.008519701810436636,0.646,0.4065,replace_literals_recursive,0,0,0,0,1,0
,,,,,0,0,0,1,0,0
,,,,,0,0,0,1,0,0
,,,,,0,0,0,1,0,0
Canvas Fingerprinting,,,,replace_literals_recursive|replace_int_arrays|replace_float_arrays|replace_class_defs|replace_while_loops|replace_function_calls_with_no_return|replace_with_regex|replace_obf_screen,1,0,0,0,0,0
,,,,,0,0,0,1,0,0
,,,,,0,0,0,0,0,0
AudioContext Fingerprinting,,,,,0,0,0,0,0,0
Canvas Fingerprinting|AudioContext Fingerprinting,0.0004682912771744025,2.857,0.6245,obfuscate_functions|replace_class_defs|replace_while_loops|replace_function_calls_with_no_return|replace_with_regex|replace_obf_screen,0,0,0,0,0,1
,,,,,0,0,0,1,0,0
,,,,,0,0,0,1,0,0
Canvas Fingerprinting,0.012170748441368612,1.7679,0.452,replace_literals_recursive|replace_class_defs|replace_if_else|replace_while_loops|replace_with_regex|replace_obf_screen,0,0,0,0,0,1
,,,,,0,0,0,1,0,0
WebRTC Fingerprinting|AudioContext Fingerprinting,,,,,0,0,0,0,0,0
Canvas Fingerprinting,,,,replace_literals_recursive|obfuscate_functions|replace_int_arrays|replace_float_arrays|replace_class_defs|replace_function_calls_with_no_return|replace_callee|replace_with_regex|replace_obf_screen,1,0,0,0,0,0
AudioContext Fingerprinting,,,,,0,0,0,0,0,0
,,,,,0,0,0,1,0,0
,0.007774688966868705,6.0902,0.8083,replace_literals_recursive|obfuscate_functions|replace_while_loops|replace_function_calls_with_no_return|replace_callee|replace_with_regex|replace_obf_screen,0,0,0,0,0,1
,,,,,0,0,0,1,0,0
Canvas Fingerprinting,,,,replace_literals_recursive|obfuscate_functions|replace_int_arrays|replace_float_arrays|replace_class_defs|replace_for_loops|replace_while_loops|replace_function_calls_with_no_return|replace_with_regex|replace_obf_screen,1,0,0,0,0,0
WebRTC Fingerprinting|AudioContext Fingerprinting,,,,,0,0,0,0,0,0
Canvas Font Fingerprinting,,,,,0,0,0,0,0,0
Canvas Fingerprinting,0.0006358249192502353,0.6652,0.4224,obfuscate_functions|replace_int_arrays|replace_float_arrays|replace_class_defs|replace_func_defs|replace_if_else|replace_for_loops|replace_while_loops|replace_function_calls_with_no_return|replace_canvas_api_calls|replace_callee|replace_with_regex|replace_obf_screen,0,0,0,0,0,1
,,,,,0,0,0,0,0,0
,,,,,0,0,0,0,0,0
,,,,,0,0,0,0,0,0
,,,,,0,0,0,1,0,0
,,,,,0,0,0,1,0,0
,0.3080357142857143,0.6552,0.4205,replace_literals_recursive|obfuscate_functions|replace_int_arrays|replace_float_arrays|replace_class_defs|replace_if_else|replace_for_loops|replace_while_loops|replace_function_calls_with_no_return|replace_canvas_api_calls|replace_callee|replace_with_regex|replace_obf_screen,0,0,0,0,0,1
WebRTC Fingerprinting,,,,,0,0,0,0,0,0
,,,,,0,0,0,0,0,0
WebRTC Fingerprinting|AudioContext Fingerprinting,,,,,0,0,0,0,0,0
AudioContext Fingerprinting,0.00023050200042807513,8.0695,1.2444,replace_class_defs|replace_while_loops|replace_with_regex|replace_obf_screen,0,0,0,0,0,1
,,,,,0,0,0,1,0,0
Canvas Fingerprinting|AudioContext Fingerprinting,0.004130252603854903,2.0796,0.458,replace_literals_recursive|replace_class_defs|replace_for_loops|replace_while_loops|replace_callee|replace_with_regex|replace_obf_screen,0,0,0,0,0,1
,,,,,0,0,0,1,0,0
,0.1854280510018215,0.8784,0.5194,replace_literals_recursive|obfuscate_functions|replace_int_arrays|replace_float_arrays|replace_class_defs|replace_if_else|replace_for_loops|replace_while_loops|replace_canvas_api_calls|replace_callee|replace_with_regex|replace_obf_screen,0,0,0,0,0,1
,,,,,0,0,0,1,0,0
Canvas Fingerprinting,0.998942745608328,1.8122,0.8888,replace_literals_recursive|replace_while_loops|replace_function_calls_with_no_return|replace_with_regex|replace_obf_screen,0,0,0,0,0,1
Canvas Fingerprinting,0.0118137595552467,2.3415,0.4787,replace_literals_recursive|replace_class_defs|replace_if_else|replace_for_loops|replace_while_loops|replace_with_regex|replace_obf_screen,0,0,0,0,0,1
Canvas Fingerprinting|AudioContext Fingerprinting,0.0004027690371302706,2.5318,0.5877,replace_literals_recursive|obfuscate_functions|replace_class_defs|replace_if_else|replace_while_loops|replace_callee|replace_with_regex|replace_obf_screen,0,0,0,0,0,1
,,,,,0,0,0,1,0,0
AudioContext Fingerprinting,,,,,0,0,0,0,0,0
AudioContext Fingerprinting,0.0002600549661633027,5.78,1.4423,replace_class_defs|replace_while_loops|replace_with_regex|replace_obf_screen,0,0,0,0,0,1
AudioContext Fingerprinting,0.005668128135245093,1.9734,0.52,replace_literals_recursive|replace_class_defs|replace_while_loops|replace_callee|replace_with_regex|replace_obf_screen,0,0,0,0,0,1
,,,,,0,0,0,1,0,0
WebRTC Fingerprinting|AudioContext Fingerprinting,0.00010092281297110453,19.3551,2.1066,obfuscate_functions|replace_class_defs|replace_while_loops|replace_callee|replace_with_regex|replace_obf_screen,0,0,0,0,0,1
Canvas Fingerprinting|AudioContext Fingerprinting,,,,,0,0,0,0,0,0
Canvas Font Fingerprinting,0.0003728032278546145,17.768,2.1877,obfuscate_functions|replace_class_defs|replace_callee|replace_with_regex|replace_obf_screen,0,0,0,0,0,1
,,,,,0,0,0,1,0,0
,,,,,0,0,0,1,0,0
WebRTC Fingerprinting|AudioContext Fingerprinting,,,,,0,0,0,0,0,0
,,,,,0,0,0,1,0,0
Canvas Fingerprinting|AudioContext Fingerprinting,0.0012988278079033673,1.9189,0.4342,replace_literals_recursive|replace_class_defs|replace_for_loops|replace_while_loops|replace_function_calls_with_no_return|replace_callee|replace_with_regex|replace_obf_screen,0,0,0,0,0,1
AudioContext Fingerprinting,,,,,0,0,0,0,0,0
,,,,,0,0,0,1,0,0
WebRTC Fingerprinting,,,,,0,0,0,0,0,0
,,,,,0,0,0,0,0,0
Canvas Fingerprinting|AudioContext Fingerprinting,,,,,0,0,1,0,0,0
,,,,,0,0,0,1,0,0
Canvas Fingerprinting|AudioContext Fingerprinting,,,,,0,0,1,0,0,0
AudioContext Fingerprinting,,,,,0,0,1,0,0,0
,,,,,0,0,0,1,0,0
,1.0,0.637,0.4072,replace_literals_recursive|obfuscate_functions|replace_int_arrays|replace_float_arrays|replace_class_defs|replace_func_defs|replace_if_else|replace_for_loops|replace_while_loops|replace_function_calls_with_no_return|replace_canvas_api_calls|replace_callee|replace_with_regex|replace_obf_screen,0,0,0,0,0,1
,,,,,0,0,0,1,0,0
,,,,,0,0,0,1,0,0
,,,,,0,0,0,1,0,0
WebRTC Fingerprinting|AudioContext Fingerprinting,0.0031782628369497294,7.82,1.198,replace_literals_recursive|replace_class_defs|replace_while_loops|replace_with_regex|replace_obf_screen,0,0,0,0,1,0
,,,,,0,0,0,0,0,0
,0.029496000838252243,2.464,0.5021,obfuscate_functions|replace_class_defs|replace_if_else|replace_while_loops|replace_callee|replace_with_regex|replace_obf_screen,0,0,0,0,0,1
,,,,,0,0,0,0,0,0
,0.0,0.6385,0.3942,replace_literals_recursive|obfuscate_functions|replace_int_arrays|replace_float_arrays|replace_class_defs|replace_func_defs|replace_if_else|replace_for_loops|replace_while_loops|replace_function_calls_with_no_return|replace_canvas_api_calls|replace_callee|replace_with_regex|replace_obf_screen,0,0,0,0,0,1
Canvas Fingerprinting|WebRTC Fingerprinting,,,,replace_literals_recursive|obfuscate_functions|replace_int_arrays|replace_float_arrays|replace_class_defs|replace_while_loops|replace_callee|replace_with_regex|replace_obf_screen,1,0,0,0,0,0
,0.7937806873977087,2.8407,0.4212,replace_literals_recursive|obfuscate_functions|replace_int_arrays|replace_float_arrays|replace_class_defs|replace_func_defs|replace_if_else|replace_for_loops|replace_while_loops|replace_function_calls_with_no_return|replace_canvas_api_calls|replace_callee|replace_with_regex|replace_obf_screen,0,0,0,0,0,1
,,,,,0,0,0,1,0,0
Canvas Fingerprinting|AudioContext Fingerprinting,0.13713726357005274,2.6343,2.078,replace_literals_recursive|obfuscate_functions|replace_class_defs|replace_while_loops|replace_canvas_api_calls|replace_callee|replace_with_regex|replace_obf_screen,0,0,0,0,0,1
,,,,,0,0,0,1,0,0
WebRTC Fingerprinting|AudioContext Fingerprinting,,,,,0,0,0,0,0,0
,0.25,0.6267,0.4091,replace_literals_recursive|obfuscate_functions|replace_int_arrays|replace_float_arrays|replace_class_defs|replace_func_defs|replace_if_else|replace_for_loops|replace_while_loops|replace_function_calls_with_no_return|replace_canvas_api_calls|replace_callee|replace_with_regex|replace_obf_screen,0,0,0,0,0,1
,,,,,0,0,0,1,0,0
AudioContext Fingerprinting,0.0008112109351234055,2.0832,0.4756,replace_literals_recursive|replace_class_defs|replace_while_loops|replace_callee|replace_with_regex|replace_obf_screen,0,0,0,0,0,1
Canvas Fingerprinting|AudioContext Fingerprinting,,,,,0,0,1,0,0,0
WebRTC Fingerprinting,,,,,0,0,1,0,0,0
,0.9995573926141678,3.9136,2.0269,replace_literals_recursive|obfuscate_functions|replace_int_arrays|replace_float_arrays|replace_class_defs|replace_if_else|replace_for_loops|replace_while_loops|replace_function_calls_with_no_return|replace_canvas_api_calls|replace_callee|replace_with_regex|replace_obf_screen,0,0,0,0,0,1
Canvas Fingerprinting,0.02470160871821484,7.5424,2.0963,replace_literals_recursive|obfuscate_functions|replace_class_defs|replace_while_loops|replace_canvas_api_calls|replace_with_regex|replace_obf_screen,0,0,0,0,0,1
,,,,,0,0,0,0,0,0
Canvas Fingerprinting,,,,,0,0,0,0,0,0
WebRTC Fingerprinting|AudioContext Fingerprinting,,,,,0,0,1,0,0,0
,,,,,0,0,0,1,0,0
WebRTC Fingerprinting,,,,,0,0,0,0,0,0
,,,,,0,0,0,1,0,0
Canvas Fingerprinting,,,,,0,0,0,0,0,0
,,,,,0,0,0,0,0,0
Canvas Fingerprinting|AudioContext Fingerprinting,0.9995734488302654,1.9341,0.48,replace_literals_recursive|obfuscate_functions|replace_class_defs|replace_while_loops|replace_function_calls_with_no_return|replace_callee|replace_with_regex|replace_obf_screen,0,0,0,0,0,1
WebRTC Fingerprinting,,,,,0,0,1,0,0,0
Canvas Fingerprinting,,,,replace_literals_recursive|obfuscate_functions|replace_int_arrays|replace_float_arrays|replace_class_defs|replace_canvas_api_calls|replace_callee|replace_with_regex|replace_obf_screen,1,0,0,0,0,0
,,,,,0,0,0,1,0,0
,,,,,0,0,0,1,0,0
,,,,,0,0,0,1,0,0
,,,,,0,0,0,0,0,0
,,,,,0,0,0,1,0,0
Canvas Fingerprinting,,,,,0,0,1,0,0,0
WebRTC Fingerprinting|AudioContext Fingerprinting,,,,,0,0,0,0,0,0
,,,,,0,0,0,1,0,0
,,,,,0,0,0,0,0,0
,,,,,0,0,0,1,0,0
WebRTC Fingerprinting,,,,,0,0,0,0,0,0
