categories,cnv_ptg,time_cnv,time_val,working_rules,abrupt_fail,time_fail,ast_fail,large_file_skip,validation_fail,success
WebRTC Fingerprinting,,,,,0,0,1,0,0,0
AudioContext Fingerprinting,,,,,0,0,0,0,0,0
Canvas Fingerprinting|AudioContext Fingerprinting,,,,replace_literals_recursive|obfuscate_functions|replace_int_arrays|replace_float_arrays|replace_class_defs|replace_while_loops|replace_function_calls_with_no_return|replace_callee|replace_with_regex|replace_obf_screen,1,0,0,0,0,0
Canvas Fingerprinting|AudioContext Fingerprinting,,,,,0,0,1,0,0,0
Canvas Fingerprinting,,,,,0,0,0,0,0,0
,,,,,0,0,1,0,0,0
AudioContext Fingerprinting,0.00025443051600465804,3.9353,1.0211,replace_literals_recursive|replace_class_defs|replace_while_loops|replace_callee|replace_with_regex|replace_obf_screen,0,0,0,0,0,1
Canvas Fingerprinting,0.264554163596168,1.3278,1.779,replace_class_defs|replace_while_loops|replace_canvas_api_calls|replace_callee|replace_with_regex|replace_obf_screen,0,0,0,0,0,1
,,,,,0,0,0,1,0,0
,,,,,0,0,0,1,0,0
Canvas Fingerprinting,,,,,0,0,1,0,0,0
,,,,,0,0,0,0,0,0
,,,,,0,0,0,1,0,0
,,,,,0,0,1,0,0,0
,,,,,0,0,0,1,0,0
Canvas Fingerprinting|AudioContext Fingerprinting,0.0013125082031762699,1.9628,0.4351,replace_literals_recursive|replace_class_defs|replace_for_loops|replace_while_loops|replace_callee|replace_with_regex|replace_obf_screen,0,0,0,0,0,1
AudioContext Fingerprinting,,,,,0,0,0,0,0,0
AudioContext Fingerprinting,,,,,0,0,1,0,0,0
,,,,,0,0,1,0,0,0
AudioContext Fingerprinting,0.0004174384930470401,2.2682,0.4512,replace_literals_recursive|obfuscate_functions|replace_class_defs|replace_while_loops|replace_callee|replace_with_regex|replace_obf_screen,0,0,0,0,0,1
,,,,,0,0,0,1,0,0
,,,,,0,0,0,1,0,0
AudioContext Fingerprinting,,,,,0,0,0,0,0,0
WebRTC Fingerprinting,5.4235204523216056e-05,11.52,2.1378,replace_literals_recursive|replace_class_defs|replace_while_loops|replace_with_regex|replace_obf_screen,0,0,0,0,0,1
,,,,,0,0,0,1,0,0
Canvas Fingerprinting|AudioContext Fingerprinting,,,,,0,0,0,0,0,0
,,,,,0,0,0,1,0,0
,0.0,0.5749,0.3726,replace_literals_recursive|obfuscate_functions|replace_int_arrays|replace_float_arrays|replace_class_defs|replace_func_defs|replace_if_else|replace_for_loops|replace_while_loops|replace_function_calls_with_no_return|replace_canvas_api_calls|replace_callee|replace_with_regex|replace_obf_screen,0,0,0,0,0,1
AudioContext Fingerprinting,,,,,0,0,0,0,0,0
Canvas Fingerprinting,,,,,0,0,0,0,0,0
,,,,,0,0,0,1,0,0
,,,,,0,0,0,1,0,0
,0.36259643522213353,0.9743,0.6543,replace_literals_recursive|obfuscate_functions|replace_int_arrays|replace_float_arrays|replace_if_else|replace_for_loops|replace_while_loops|replace_canvas_api_calls|replace_callee|replace_with_regex|replace_obf_screen,0,0,0,0,0,1
,0.0,0.6404,0.3704,replace_literals_recursive|obfuscate_functions|replace_int_arrays|replace_float_arrays|replace_class_defs|replace_func_defs|replace_if_else|replace_for_loops|replace_while_loops|replace_function_calls_with_no_return|replace_canvas_api_calls|replace_callee|replace_with_regex|replace_obf_screen,0,0,0,0,0,1
WebRTC Fingerprinting|AudioContext Fingerprinting,0.9995525783460523,4.6197,1.0583,replace_class_defs|replace_while_loops|replace_function_calls_with_no_return|replace_with_regex|replace_obf_screen,0,0,0,0,0,1
AudioContext Fingerprinting,,,,,0,0,0,0,0,0
,,,,,0,0,0,0,0,0
,0.00019456898739531343,6.3403,0.9532,replace_literals_recursive|obfuscate_functions|replace_class_defs|replace_while_loops|replace_callee|replace_with_regex|replace_obf_screen,0,0,0,0,0,1
,,,,,0,0,1,0,0,0
AudioContext Fingerprinting,,,,,0,0,1,0,0,0
,,,,,0,0,0,1,0,0
WebRTC Fingerprinting,,,,,0,0,0,0,0,0
Canvas Fingerprinting,,,,replace_literals_recursive|obfuscate_functions|replace_int_arrays|replace_float_arrays|replace_class_defs|replace_if_else|replace_while_loops|replace_function_calls_with_no_return|replace_callee|replace_with_regex|replace_obf_screen,1,0,0,0,0,0
AudioContext Fingerprinting,0.00021395032531911073,8.5445,1.2264,replace_class_defs|replace_while_loops|replace_with_regex|replace_obf_screen,0,0,0,0,0,1
,,,,,0,0,0,1,0,0
,,,,,0,0,0,1,0,0
WebRTC Fingerprinting|AudioContext Fingerprinting,0.00012108186647697174,5.7179,0.7704,replace_while_loops|replace_function_calls_with_no_return|replace_callee|replace_with_regex|replace_obf_screen,0,0,0,0,0,1
Canvas Fingerprinting|AudioContext Fingerprinting,0.001320088445925877,2.0073,0.4264,replace_literals_recursive|replace_class_defs|replace_for_loops|replace_while_loops|replace_callee|replace_with_regex|replace_obf_screen,0,0,0,0,0,1
Canvas Fingerprinting|AudioContext Fingerprinting,0.057777247224543395,1.9038,0.5164,replace_literals_recursive|replace_class_defs|replace_for_loops|replace_while_loops|replace_function_calls_with_no_return|replace_callee|replace_with_regex|replace_obf_screen,0,0,0,0,0,1
Canvas Fingerprinting|AudioContext Fingerprinting,,,,replace_literals_recursive|replace_int_arrays|replace_float_arrays|replace_class_defs|replace_while_loops|replace_function_calls_with_no_return|replace_callee|replace_with_regex|replace_obf_screen,1,0,0,0,0,0
,,,,,0,0,0,1,0,0
WebRTC Fingerprinting|AudioContext Fingerprinting,0.9994248602539662,4.5722,1.0197,replace_class_defs|replace_while_loops|replace_function_calls_with_no_return|replace_with_regex|replace_obf_screen,0,0,0,0,0,1
Canvas Fingerprinting,,,,,0,0,0,0,0,0
AudioContext Fingerprinting,,,,replace_literals_recursive|replace_int_arrays|replace_float_arrays|replace_class_defs|replace_while_loops|replace_function_calls_with_no_return|replace_callee|replace_with_regex|replace_obf_screen,1,0,0,0,0,0
,,,,,0,0,0,1,0,0
,,,,,0,0,0,1,0,0
,,,,,0,0,0,1,0,0
AudioContext Fingerprinting,,,,,0,0,0,0,0,0
,,,,,0,0,0,1,0,0
,,,,,0,0,0,0,0,0
,,,,,0,0,0,0,0,0
,,,,replace_literals_recursive|replace_int_arrays|replace_float_arrays|replace_callee|replace_with_regex|replace_obf_screen,1,0,0,0,0,0
,,,,,0,0,0,1,0,0
AudioContext Fingerprinting,,,,,0,0,1,0,0,0
,,,,,0,0,0,1,0,0
WebRTC Fingerprinting|AudioContext Fingerprinting,,,,,0,0,0,0,0,0
Canvas Fingerprinting,,,,replace_literals_recursive|obfuscate_functions|replace_int_arrays|replace_float_arrays|replace_class_defs|replace_canvas_api_calls|replace_callee|replace_with_regex|replace_obf_screen,1,0,0,0,0,0
AudioContext Fingerprinting,,,,,0,0,0,0,0,0
Canvas Fingerprinting|AudioContext Fingerprinting,,,,,0,0,0,0,0,0
Canvas Fingerprinting|AudioContext Fingerprinting,0.004130252603854903,2.0883,0.4481,replace_literals_recursive|replace_class_defs|replace_for_loops|replace_while_loops|replace_callee|replace_with_regex|replace_obf_screen,0,0,0,0,0,1
Canvas Fingerprinting,0.1558485368116268,1.4381,1.2547,replace_literals_recursive|obfuscate_functions|replace_int_arrays|replace_float_arrays|replace_class_defs|replace_while_loops|replace_function_calls_with_no_return|replace_canvas_api_calls|replace_with_regex|replace_obf_screen,0,0,0,0,0,1
Canvas Fingerprinting|AudioContext Fingerprinting,,,,,0,0,1,0,0,0
,,,,,0,0,0,1,0,0
Canvas Fingerprinting,,,,,0,0,0,0,0,0
Canvas Fingerprinting|AudioContext Fingerprinting,0.0013125082031762699,1.9177,0.4172,replace_literals_recursive|replace_class_defs|replace_for_loops|replace_while_loops|replace_callee|replace_with_regex|replace_obf_screen,0,0,0,0,0,1
,,,,,0,0,0,1,0,0
,,,,,0,0,0,1,0,0
,,,,,0,0,0,1,0,0
,,,,,0,0,0,0,0,0
WebRTC Fingerprinting|AudioContext Fingerprinting,0.9995525783460523,4.6348,1.0062,replace_class_defs|replace_while_loops|replace_function_calls_with_no_return|replace_with_regex|replace_obf_screen,0,0,0,0,0,1
,,,,,0,0,0,1,0,0
WebRTC Fingerprinting|AudioContext Fingerprinting,0.00010092281297110453,20.6864,1.4701,obfuscate_functions|replace_class_defs|replace_while_loops|replace_callee|replace_with_regex|replace_obf_screen,0,0,0,0,0,1
WebRTC Fingerprinting|AudioContext Fingerprinting,,,,,0,0,0,0,0,0
Canvas Fingerprinting|AudioContext Fingerprinting,,,,,0,0,1,0,0,0
,,,,,0,0,0,1,0,0
AudioContext Fingerprinting,,,,,0,0,0,0,0,0
,,,,,0,0,0,1,0,0
,,,,,0,0,0,1,0,0
,,,,,0,0,0,0,0,0
,0.17289719626168223,0.6079,0.4042,replace_literals_recursive|obfuscate_functions|replace_int_arrays|replace_float_arrays|replace_class_defs|replace_if_else|replace_for_loops|replace_while_loops|replace_function_calls_with_no_return|replace_canvas_api_calls|replace_callee|replace_with_regex|replace_obf_screen,0,0,0,0,0,1
,,,,,0,0,0,1,0,0
,,,,,0,0,0,1,0,0
WebRTC Fingerprinting|AudioContext Fingerprinting,0.9997465556204811,21.7177,0.3825,replace_literals_recursive|obfuscate_functions|replace_int_arrays|replace_float_arrays|replace_class_defs|replace_func_defs|replace_if_else|replace_for_loops|replace_while_loops|replace_function_calls_with_no_return|replace_canvas_api_calls|replace_callee|replace_with_regex|replace_obf_screen,0,0,0,0,0,1
,0.0,4.9871,0.6041,obfuscate_functions|replace_class_defs|replace_while_loops|replace_callee|replace_with_regex|replace_obf_screen,0,0,0,0,0,1
,,,,,0,0,0,1,0,0
WebRTC Fingerprinting|AudioContext Fingerprinting,0.00011482572325852437,14.0705,1.3415,obfuscate_functions|replace_while_loops|replace_function_calls_with_no_return|replace_with_regex|replace_obf_screen,0,0,0,0,0,1
WebRTC Fingerprinting,0.34592996108949414,4.5472,1.9518,replace_literals_recursive|obfuscate_functions|replace_int_arrays|replace_float_arrays|replace_class_defs|replace_while_loops|replace_function_calls_with_no_return|replace_callee|replace_with_regex|replace_obf_screen,0,0,0,0,0,1
Canvas Fingerprinting|AudioContext Fingerprinting,0.0013125082031762699,1.9229,0.4443,replace_literals_recursive|replace_class_defs|replace_for_loops|replace_while_loops|replace_callee|replace_with_regex|replace_obf_screen,0,0,0,0,0,1
,,,,,0,0,0,1,0,0
,,,,,0,0,0,1,0,0
,,,,,0,0,0,1,0,0
,,,,,0,0,0,1,0,0
,,,,,0,0,0,0,0,0
AudioContext Fingerprinting,,,,,0,0,1,0,0,0
Canvas Fingerprinting,0.004444258977194483,1.6221,0.4815,replace_literals_recursive|replace_class_defs|replace_while_loops|replace_with_regex|replace_obf_screen,0,0,0,0,0,1
,,,,,0,0,0,1,0,0
,,,,,0,0,0,1,0,0
,,,,,0,0,0,1,0,0
WebRTC Fingerprinting|AudioContext Fingerprinting,,,,,0,0,0,0,0,0
,1.0,0.6125,0.401,replace_literals_recursive|obfuscate_functions|replace_int_arrays|replace_float_arrays|replace_class_defs|replace_func_defs|replace_if_else|replace_for_loops|replace_while_loops|replace_canvas_api_calls|replace_callee|replace_with_regex|replace_obf_screen,0,0,0,0,0,1
Canvas Fingerprinting,0.0042723263506063945,1.1474,0.7904,replace_literals_recursive|replace_int_arrays|replace_float_arrays|replace_class_defs|replace_while_loops|replace_with_regex|replace_obf_screen,0,0,0,0,0,1
,,,,,0,0,0,1,0,0
AudioContext Fingerprinting,,,,,0,0,0,0,0,0
Canvas Fingerprinting,0.0,3.0408,0.4788,obfuscate_functions|replace_class_defs|replace_while_loops|replace_callee|replace_with_regex|replace_obf_screen,0,0,0,0,0,1
,,,,,0,0,0,1,0,0
AudioContext Fingerprinting,,,,,0,0,0,0,0,0
WebRTC Fingerprinting,0.4259375654724492,0.8229,0.4007,replace_literals_recursive|obfuscate_functions|replace_int_arrays|replace_float_arrays|replace_class_defs|replace_if_else|replace_for_loops|replace_while_loops|replace_function_calls_with_no_return|replace_callee|replace_with_regex|replace_obf_screen,0,0,0,0,0,1
Canvas Font Fingerprinting,,,,,0,0,0,0,0,0
,0.07945205479452055,0.6214,0.3864,replace_literals_recursive|obfuscate_functions|replace_int_arrays|replace_float_arrays|replace_class_defs|replace_func_defs|replace_if_else|replace_for_loops|replace_while_loops|replace_function_calls_with_no_return|replace_canvas_api_calls|replace_callee|replace_with_regex|replace_obf_screen,0,0,0,0,0,1
,,,,,0,0,0,1,0,0
,,,,,0,0,0,1,0,0
,,,,,0,0,1,0,0,0
,,,,,0,0,0,1,0,0
,,,,,0,0,0,1,0,0
,,,,,0,0,0,1,0,0
,0.979498861047836,0.7275,0.5441,replace_literals_recursive|obfuscate_functions|replace_int_arrays|replace_float_arrays|replace_class_defs|replace_for_loops|replace_while_loops|replace_function_calls_with_no_return|replace_canvas_api_calls|replace_callee|replace_with_regex|replace_obf_screen,0,0,0,0,0,1
Canvas Font Fingerprinting,0.0,22.9878,1.567,obfuscate_functions|replace_class_defs|replace_while_loops|replace_callee|replace_with_regex|replace_obf_screen,0,0,0,0,0,1
,,,,,0,0,0,1,0,0
WebRTC Fingerprinting|AudioContext Fingerprinting,,,,,0,0,0,0,0,0
WebRTC Fingerprinting,5.4235204523216056e-05,11.349,2.1994,replace_literals_recursive|replace_class_defs|replace_while_loops|replace_with_regex|replace_obf_screen,0,0,0,0,0,1
WebRTC Fingerprinting|AudioContext Fingerprinting,0.00011482572325852437,13.3131,1.3494,obfuscate_functions|replace_while_loops|replace_function_calls_with_no_return|replace_with_regex|replace_obf_screen,0,0,0,0,0,1
AudioContext Fingerprinting,0.0003016457436898372,7.7113,1.7183,replace_literals_recursive|replace_class_defs|replace_while_loops|replace_with_regex|replace_obf_screen,0,0,0,0,0,1
,,,,,0,0,0,1,0,0
AudioContext Fingerprinting,,,,,0,0,0,0,0,0
,,,,,0,0,0,1,0,0
Canvas Fingerprinting|AudioContext Fingerprinting,,,,,0,0,0,0,0,0
,,,,,0,0,0,1,0,0
Canvas Fingerprinting,,,,replace_literals_recursive|obfuscate_functions|replace_int_arrays|replace_float_arrays|replace_class_defs|replace_if_else|replace_while_loops|replace_function_calls_with_no_return|replace_callee|replace_with_regex|replace_obf_screen,1,0,0,0,0,0
,,,,,0,0,0,0,0,0
Canvas Fingerprinting,,,,replace_literals_recursive|replace_int_arrays|replace_float_arrays|replace_class_defs|replace_while_loops|replace_function_calls_with_no_return|replace_with_regex|replace_obf_screen,1,0,0,0,0,0
,,,,,0,0,0,1,0,0
,0.4606741573033708,0.6076,0.3828,replace_literals_recursive|obfuscate_functions|replace_int_arrays|replace_float_arrays|replace_class_defs|replace_func_defs|replace_if_else|replace_for_loops|replace_while_loops|replace_function_calls_with_no_return|replace_canvas_api_calls|replace_callee|replace_with_regex|replace_obf_screen,0,0,0,0,0,1
,,,,,0,0,0,1,0,0
,,,,,0,0,0,1,0,0
,,,,,0,0,1,0,0,0
Canvas Fingerprinting,0.011990830541350733,1.9574,0.4514,replace_literals_recursive|replace_class_defs|replace_if_else|replace_while_loops|replace_with_regex|replace_obf_screen,0,0,0,0,0,1
Canvas Fingerprinting,,,,,0,0,0,0,0,0
,0.27492447129909364,0.6242,0.3898,replace_literals_recursive|obfuscate_functions|replace_int_arrays|replace_float_arrays|replace_class_defs|replace_if_else|replace_while_loops|replace_function_calls_with_no_return|replace_canvas_api_calls|replace_callee|replace_with_regex|replace_obf_screen,0,0,0,0,0,1
Canvas Fingerprinting,,,,,0,0,0,0,0,0
WebRTC Fingerprinting|AudioContext Fingerprinting,,,,,0,0,0,0,0,0
,,,,,0,0,0,1,0,0
Canvas Fingerprinting|AudioContext Fingerprinting,0.00025493132787355406,1.991,0.4526,replace_literals_recursive|obfuscate_functions|replace_class_defs|replace_while_loops|replace_callee|replace_with_regex|replace_obf_screen,0,0,0,0,0,1
WebRTC Fingerprinting|AudioContext Fingerprinting,0.00012108186647697174,5.7402,0.7741,replace_while_loops|replace_function_calls_with_no_return|replace_callee|replace_with_regex|replace_obf_screen,0,0,0,0,0,1
,,,,,0,0,0,1,0,0
,,,,,0,0,0,1,0,0
Canvas Fingerprinting|AudioContext Fingerprinting,0.0013599891200870393,1.8821,0.4173,replace_literals_recursive|replace_class_defs|replace_for_loops|replace_while_loops|replace_callee|replace_with_regex|replace_obf_screen,0,0,0,0,0,1
WebRTC Fingerprinting|AudioContext Fingerprinting,0.9994248602539662,4.5396,1.0152,replace_class_defs|replace_while_loops|replace_function_calls_with_no_return|replace_with_regex|replace_obf_screen,0,0,0,0,0,1
,,,,,0,0,0,1,0,0
AudioContext Fingerprinting,,,,,0,0,0,0,0,0
AudioContext Fingerprinting,,,,,0,0,1,0,0,0
,,,,,0,0,1,0,0,0
,0.17289719626168223,0.615,0.3763,replace_literals_recursive|obfuscate_functions|replace_int_arrays|replace_float_arrays|replace_class_defs|replace_if_else|replace_for_loops|replace_while_loops|replace_function_calls_with_no_return|replace_canvas_api_calls|replace_callee|replace_with_regex|replace_obf_screen,0,0,0,0,0,1
,,,,,0,0,0,1,0,0
AudioContext Fingerprinting,,,,,0,0,0,0,0,0
,0.0,0.6371,0.3501,replace_literals_recursive|obfuscate_functions|replace_int_arrays|replace_float_arrays|replace_class_defs|replace_func_defs|replace_if_else|replace_for_loops|replace_while_loops|replace_callee|replace_with_regex|replace_obf_screen,0,0,0,0,0,1
,0.9865819209039548,4.687,0.3573,replace_literals_recursive|obfuscate_functions|replace_int_arrays|replace_float_arrays|replace_class_defs|replace_func_defs|replace_if_else|replace_for_loops|replace_while_loops|replace_function_calls_with_no_return|replace_canvas_api_calls|replace_callee|replace_with_regex|replace_obf_screen,0,0,0,0,0,1
,,,,,0,0,0,1,0,0
WebRTC Fingerprinting|AudioContext Fingerprinting,0.0004294474208514323,0.6674,0.3999,replace_literals_recursive|obfuscate_functions|replace_int_arrays|replace_float_arrays|replace_class_defs|replace_if_else|replace_for_loops|replace_while_loops|replace_function_calls_with_no_return|replace_canvas_api_calls|replace_callee|replace_with_regex|replace_obf_screen,0,0,0,0,0,1
AudioContext Fingerprinting,0.9997365914939315,3.0828,0.5796,replace_literals_recursive|obfuscate_functions|replace_class_defs|replace_while_loops|replace_function_calls_with_no_return|replace_callee|replace_with_regex|replace_obf_screen,0,0,0,0,0,1
Canvas Fingerprinting,,,,replace_literals_recursive|replace_int_arrays|replace_float_arrays|replace_class_defs|replace_while_loops|replace_function_calls_with_no_return|replace_with_regex|replace_obf_screen,1,0,0,0,0,0
,,,,,0,0,0,1,0,0
Canvas Fingerprinting,,,,,0,0,1,0,0,0
Canvas Fingerprinting,,,,replace_literals_recursive|replace_int_arrays|replace_float_arrays|replace_class_defs|replace_callee|replace_with_regex|replace_obf_screen,1,0,0,0,0,0
,,,,,0,0,0,0,0,0
,,,,,0,0,0,1,0,0
,,,,,0,0,0,0,0,0
,,,,,0,0,0,1,0,0
,,,,,0,0,0,1,0,0
,,,,replace_literals_recursive|obfuscate_functions|replace_int_arrays|replace_float_arrays|replace_class_defs|replace_while_loops|replace_callee|replace_with_regex|replace_obf_screen,1,0,0,0,0,0
,,,,,0,0,0,1,0,0
Canvas Font Fingerprinting,,,,,0,0,0,0,0,0
WebRTC Fingerprinting,,,,,0,0,0,0,0,0
,,,,,0,0,0,1,0,0
Canvas Fingerprinting,0.008519701810436636,0.6046,0.4194,replace_literals_recursive,0,0,0,0,1,0
WebRTC Fingerprinting,0.0,0.8249,0.3479,replace_literals_recursive|obfuscate_functions|replace_int_arrays|replace_float_arrays|replace_class_defs|replace_while_loops|replace_function_calls_with_no_return|replace_callee|replace_with_regex|replace_obf_screen,0,0,0,0,0,1
Canvas Fingerprinting|AudioContext Fingerprinting,0.0013125082031762699,1.9552,0.4323,replace_literals_recursive|replace_class_defs|replace_for_loops|replace_while_loops|replace_callee|replace_with_regex|replace_obf_screen,0,0,0,0,0,1
,,,,,0,0,1,0,0,0
,,,,,0,0,0,1,0,0
,,,,,0,0,0,1,0,0
Canvas Fingerprinting,,,,,0,0,1,0,0,0
Canvas Fingerprinting|AudioContext Fingerprinting,0.13647548741245505,2.2684,2.0826,replace_literals_recursive|obfuscate_functions|replace_class_defs|replace_while_loops|replace_canvas_api_calls|replace_callee|replace_with_regex|replace_obf_screen,0,0,0,0,0,1
,0.9989157806379407,5.0924,0.7154,replace_literals_recursive|obfuscate_functions|replace_class_defs|replace_while_loops|replace_function_calls_with_no_return|replace_callee|replace_with_regex|replace_obf_screen,0,0,0,0,0,1
,,,,,0,0,0,1,0,0
AudioContext Fingerprinting,,,,,0,0,1,0,0,0
AudioContext Fingerprinting,0.00018450610023293894,2.2359,0.4824,replace_literals_recursive|replace_class_defs|replace_while_loops|replace_callee|replace_with_regex|replace_obf_screen,0,0,0,0,0,1
,,,,,0,0,0,1,0,0
,0.11627906976744186,0.6182,0.3763,replace_literals_recursive|obfuscate_functions|replace_int_arrays|replace_float_arrays|replace_class_defs|replace_if_else|replace_for_loops|replace_while_loops|replace_canvas_api_calls|replace_callee|replace_with_regex|replace_obf_screen,0,0,0,0,0,1
,,,,,0,0,0,1,0,0
WebRTC Fingerprinting|AudioContext Fingerprinting,,,,,0,0,0,0,0,0
,,,,,0,0,0,1,0,0
AudioContext Fingerprinting,,,,,0,0,1,0,0,0
,,,,,0,0,0,1,0,0
WebRTC Fingerprinting,,,,,0,0,0,0,0,0
,,,,,0,0,0,1,0,0
,,,,,0,0,0,1,0,0
WebRTC Fingerprinting,,,,,0,0,1,0,0,0
AudioContext Fingerprinting,0.0002600549661633027,6.1394,1.4674,replace_class_defs|replace_while_loops|replace_with_regex|replace_obf_screen,0,0,0,0,0,1
Canvas Fingerprinting|AudioContext Fingerprinting,,,,,0,0,0,0,0,0
,,,,,0,0,0,1,0,0
,,,,,0,0,0,1,0,0
,,,,,0,0,0,1,0,0
WebRTC Fingerprinting|AudioContext Fingerprinting,,,,,0,0,0,0,0,0
Canvas Fingerprinting|AudioContext Fingerprinting,,,,,0,0,0,0,0,0
Canvas Fingerprinting,,,,,0,0,0,0,0,0
,,,,replace_literals_recursive|obfuscate_functions|replace_int_arrays|replace_float_arrays|replace_class_defs|replace_func_defs|replace_if_else|replace_for_loops|replace_while_loops|replace_function_calls_with_no_return|replace_canvas_api_calls|replace_callee|replace_with_regex|replace_obf_screen,1,0,0,0,0,0
Canvas Fingerprinting|AudioContext Fingerprinting,0.004130252603854903,2.1021,0.4763,replace_literals_recursive|replace_class_defs|replace_for_loops|replace_while_loops|replace_callee|replace_with_regex|replace_obf_screen,0,0,0,0,0,1
WebRTC Fingerprinting|AudioContext Fingerprinting,0.00011482572325852437,13.3667,1.3491,obfuscate_functions|replace_while_loops|replace_function_calls_with_no_return|replace_with_regex|replace_obf_screen,0,0,0,0,0,1
,,,,,0,0,0,1,0,0
WebRTC Fingerprinting,,,,replace_literals_recursive|obfuscate_functions|replace_int_arrays|replace_float_arrays|replace_class_defs|replace_while_loops|replace_function_calls_with_no_return|replace_callee|replace_with_regex|replace_obf_screen,1,0,0,0,0,0
AudioContext Fingerprinting,,,,,0,0,0,0,0,0
Canvas Font Fingerprinting,0.0003728032278546145,18.1566,2.1508,obfuscate_functions|replace_class_defs|replace_callee|replace_with_regex|replace_obf_screen,0,0,0,0,0,1
AudioContext Fingerprinting,,,,,0,0,1,0,0,0
,,,,,0,0,0,1,0,0
AudioContext Fingerprinting,,,,,0,0,0,0,0,0
,,,,,0,0,0,1,0,0
AudioContext Fingerprinting,,,,,0,0,0,0,0,0
,0.04661487236403995,0.6428,0.3746,replace_literals_recursive|obfuscate_functions|replace_int_arrays|replace_float_arrays|replace_class_defs|replace_func_defs|replace_for_loops|replace_while_loops|replace_function_calls_with_no_return|replace_canvas_api_calls|replace_callee|replace_with_regex|replace_obf_screen,0,0,0,0,0,1
Canvas Fingerprinting|WebRTC Fingerprinting|AudioContext Fingerprinting,0.00048751752016088076,2.1506,0.4679,replace_literals_recursive|replace_class_defs|replace_while_loops|replace_callee|replace_with_regex|replace_obf_screen,0,0,0,0,0,1
AudioContext Fingerprinting,,,,,0,0,0,0,0,0
,,,,,0,0,0,1,0,0
WebRTC Fingerprinting|AudioContext Fingerprinting,2.4122651622172938e-05,24.1357,2.0535,replace_class_defs|replace_while_loops|replace_callee|replace_with_regex|replace_obf_screen,0,0,0,0,0,1
WebRTC Fingerprinting|AudioContext Fingerprinting,0.9994248602539662,4.5046,1.0061,replace_class_defs|replace_while_loops|replace_function_calls_with_no_return|replace_with_regex|replace_obf_screen,0,0,0,0,0,1
AudioContext Fingerprinting,,,,,0,0,0,0,0,0
Canvas Fingerprinting,,,,,0,0,0,0,0,0
,,,,replace_literals_recursive|obfuscate_functions|replace_int_arrays|replace_float_arrays|replace_class_defs|replace_if_else|replace_while_loops|replace_function_calls_with_no_return|replace_callee|replace_with_regex|replace_obf_screen,1,0,0,0,0,0
WebRTC Fingerprinting|AudioContext Fingerprinting,0.9994248602539662,4.4891,1.0143,replace_class_defs|replace_while_loops|replace_function_calls_with_no_return|replace_with_regex|replace_obf_screen,0,0,0,0,0,1
,,,,,0,0,0,1,0,0
AudioContext Fingerprinting,,,,,0,0,0,0,0,0
,,,,,0,0,0,1,0,0
Canvas Font Fingerprinting,0.0,26.1554,1.8771,obfuscate_functions|replace_class_defs|replace_while_loops|replace_callee|replace_with_regex|replace_obf_screen,0,0,0,0,0,1
,,,,,0,0,0,1,0,0
AudioContext Fingerprinting,,,,,0,0,1,0,0,0
WebRTC Fingerprinting,,,,replace_literals_recursive|obfuscate_functions|replace_int_arrays|replace_float_arrays|replace_class_defs|replace_while_loops|replace_function_calls_with_no_return|replace_callee|replace_with_regex|replace_obf_screen,1,0,0,0,0,0
WebRTC Fingerprinting,,,,,0,0,0,0,0,0
WebRTC Fingerprinting|AudioContext Fingerprinting,0.9994248602539662,4.5571,1.0193,replace_class_defs|replace_while_loops|replace_function_calls_with_no_return|replace_with_regex|replace_obf_screen,0,0,0,0,0,1
Canvas Fingerprinting,0.008519701810436636,0.5987,0.4037,replace_literals_recursive,0,0,0,0,1,0
,,,,,0,0,0,1,0,0
WebRTC Fingerprinting|AudioContext Fingerprinting,,,,,0,0,0,0,0,0
AudioContext Fingerprinting,0.27231724461105905,1.5013,1.9336,replace_literals_recursive|obfuscate_functions|replace_class_defs|replace_if_else|replace_while_loops|replace_function_calls_with_no_return|replace_canvas_api_calls|replace_with_regex|replace_obf_screen,0,0,0,0,0,1
,,,,,0,0,0,1,0,0
Canvas Fingerprinting|AudioContext Fingerprinting,0.005483579391382947,2.447,0.4103,replace_literals_recursive|replace_class_defs|replace_if_else|replace_for_loops|replace_while_loops|replace_callee|replace_with_regex|replace_obf_screen,0,0,0,0,0,1
,,,,,0,0,0,1,0,0
Canvas Fingerprinting|AudioContext Fingerprinting,0.13713726357005274,2.2413,2.1096,replace_literals_recursive|obfuscate_functions|replace_class_defs|replace_while_loops|replace_canvas_api_calls|replace_callee|replace_with_regex|replace_obf_screen,0,0,0,0,0,1
,0.5,0.6175,0.3461,replace_literals_recursive|obfuscate_functions|replace_int_arrays|replace_float_arrays|replace_class_defs|replace_func_defs|replace_if_else|replace_for_loops|replace_while_loops|replace_function_calls_with_no_return|replace_canvas_api_calls|replace_callee|replace_with_regex|replace_obf_screen,0,0,0,0,0,1
WebRTC Fingerprinting|AudioContext Fingerprinting,,,,,0,0,0,0,0,0
,,,,,0,0,0,1,0,0
,0.3,0.6201,0.3918,replace_literals_recursive|obfuscate_functions|replace_int_arrays|replace_float_arrays|replace_class_defs|replace_func_defs|replace_if_else|replace_for_loops|replace_while_loops|replace_function_calls_with_no_return|replace_canvas_api_calls|replace_callee|replace_with_regex|replace_obf_screen,0,0,0,0,0,1
,,,,,0,0,0,1,0,0
Canvas Fingerprinting|AudioContext Fingerprinting,,,,,0,0,0,0,0,0
,,,,,0,0,0,1,0,0
,0.6906474820143885,0.61,0.3894,replace_literals_recursive|obfuscate_functions|replace_int_arrays|replace_float_arrays|replace_class_defs|replace_if_else|replace_for_loops|replace_while_loops|replace_function_calls_with_no_return|replace_canvas_api_calls|replace_callee|replace_with_regex|replace_obf_screen,0,0,0,0,0,1
,,,,,0,0,0,1,0,0
,0.9444444444444444,0.6115,0.384,replace_literals_recursive|obfuscate_functions|replace_int_arrays|replace_float_arrays|replace_class_defs|replace_func_defs|replace_if_else|replace_for_loops|replace_while_loops|replace_function_calls_with_no_return|replace_canvas_api_calls|replace_callee|replace_with_regex|replace_obf_screen,0,0,0,0,0,1
,,,,,0,0,0,1,0,0
Canvas Fingerprinting|AudioContext Fingerprinting,,,,,0,0,0,0,0,0
Canvas Fingerprinting|AudioContext Fingerprinting,0.9702712100139083,1.2856,0.7006,replace_class_defs|replace_while_loops|replace_function_calls_with_no_return|replace_with_regex|replace_obf_screen,0,0,0,0,0,1
Canvas Fingerprinting,,,,,0,0,0,0,0,0
WebRTC Fingerprinting|AudioContext Fingerprinting,,,,,0,0,0,0,0,0
Canvas Fingerprinting,0.0042723263506063945,1.112,0.4967,replace_literals_recursive|replace_int_arrays|replace_float_arrays|replace_class_defs|replace_while_loops|replace_with_regex|replace_obf_screen,0,0,0,0,0,1
,,,,,0,0,0,0,0,0
,,,,,0,0,0,1,0,0
Canvas Fingerprinting|AudioContext Fingerprinting,,,,,0,0,0,0,0,0
,,,,,0,0,0,0,0,0
,0.0033589251439539347,0.6653,0.34,replace_literals_recursive|obfuscate_functions|replace_int_arrays|replace_float_arrays|replace_class_defs|replace_while_loops|replace_callee|replace_with_regex|replace_obf_screen,0,0,0,0,0,1
WebRTC Fingerprinting|AudioContext Fingerprinting,0.00010092281297110453,19.2928,2.1436,obfuscate_functions|replace_class_defs|replace_while_loops|replace_callee|replace_with_regex|replace_obf_screen,0,0,0,0,0,1
AudioContext Fingerprinting,,,,,0,0,0,0,0,0
,0.0,2.9352,0.5389,replace_literals_recursive|replace_class_defs|replace_while_loops|replace_callee|replace_with_regex|replace_obf_screen,0,0,0,0,0,1
,,,,,0,0,0,0,0,0
,,,,,0,0,0,1,0,0
,,,,,0,0,0,1,0,0
,,,,,0,0,0,1,0,0
Canvas Fingerprinting|AudioContext Fingerprinting,,,,,0,0,1,0,0,0
Canvas Fingerprinting,,,,,0,0,0,0,0,0
,,,,,0,0,0,1,0,0
Canvas Fingerprinting,,,,,0,0,0,0,0,0
AudioContext Fingerprinting,,,,,0,0,0,0,0,0
,,,,,0,0,0,1,0,0
,,,,,0,0,0,1,0,0
Canvas Fingerprinting|AudioContext Fingerprinting,,,,,0,0,0,0,0,0
,,,,,0,0,0,1,0,0
,,,,,0,0,0,1,0,0
,,,,,0,0,0,1,0,0
,,,,,0,0,1,0,0,0
,,,,,0,0,0,1,0,0
WebRTC Fingerprinting,,,,,0,0,0,0,0,0
,0.0,1.7571,0.4168,replace_class_defs|replace_while_loops|replace_callee|replace_with_regex|replace_obf_screen,0,0,0,0,0,1
,0.025422600825236258,1.6771,0.4545,replace_literals_recursive|obfuscate_functions|replace_int_arrays|replace_float_arrays|replace_class_defs|replace_while_loops|replace_callee|replace_with_regex|replace_obf_screen,0,0,0,0,0,1
,,,,,0,0,0,0,0,0
Canvas Fingerprinting|AudioContext Fingerprinting,0.0013125082031762699,2.0128,0.4399,replace_literals_recursive|replace_class_defs|replace_for_loops|replace_while_loops|replace_callee|replace_with_regex|replace_obf_screen,0,0,0,0,0,1
AudioContext Fingerprinting,,,,,0,0,0,0,0,0
,,,,,0,0,0,1,0,0
,,,,,0,0,1,0,0,0
,,,,,0,0,0,1,0,0
AudioContext Fingerprinting,,,,,0,0,1,0,0,0
AudioContext Fingerprinting,,,,,0,0,0,0,0,0
Canvas Fingerprinting|AudioContext Fingerprinting,0.9702712100139083,1.3002,0.6973,replace_class_defs|replace_while_loops|replace_function_calls_with_no_return|replace_with_regex|replace_obf_screen,0,0,0,0,0,1
,0.3718209351533004,1.9317,2.9806,obfuscate_functions|replace_class_defs|replace_while_loops|replace_canvas_api_calls|replace_callee|replace_with_regex|replace_obf_screen,0,0,0,0,0,1
AudioContext Fingerprinting,,,,,0,0,0,0,0,0
,,,,,0,0,0,1,0,0
Canvas Fingerprinting,0.0042723263506063945,1.1799,0.5191,replace_literals_recursive|replace_int_arrays|replace_float_arrays|replace_class_defs|replace_while_loops|replace_with_regex|replace_obf_screen,0,0,0,0,0,1
Canvas Fingerprinting|AudioContext Fingerprinting,,,,replace_literals_recursive|replace_int_arrays|replace_float_arrays|replace_class_defs|replace_while_loops|replace_function_calls_with_no_return|replace_callee|replace_with_regex|replace_obf_screen,1,0,0,0,0,0
WebRTC Fingerprinting,0.0012423844224107037,4.2906,0.9016,replace_literals_recursive|obfuscate_functions|replace_class_defs|replace_while_loops|replace_callee|replace_with_regex|replace_obf_screen,0,0,0,0,0,1
,,,,,0,0,0,1,0,0
,,,,,0,0,0,1,0,0
Canvas Fingerprinting,0.005029708442724886,2.5042,0.4222,replace_literals_recursive|replace_class_defs|replace_if_else|replace_for_loops|replace_while_loops|replace_callee|replace_with_regex|replace_obf_screen,0,0,0,0,0,1
AudioContext Fingerprinting,0.00018450610023293894,2.2373,0.4935,replace_literals_recursive|replace_class_defs|replace_while_loops|replace_callee|replace_with_regex|replace_obf_screen,0,0,0,0,0,1
,,,,,0,0,0,1,0,0
Canvas Fingerprinting,0.9999610246324323,21.5247,2.108,replace_literals_recursive|obfuscate_functions|replace_class_defs|replace_while_loops|replace_function_calls_with_no_return|replace_callee|replace_with_regex|replace_obf_screen,0,0,0,0,0,1
,,,,,0,0,0,0,0,0
,,,,,0,0,0,1,0,0
WebRTC Fingerprinting|AudioContext Fingerprinting,,,,,0,0,0,0,0,0
,,,,,0,0,0,1,0,0
,,,,,0,0,0,1,0,0
WebRTC Fingerprinting,6.67785826245838e-05,16.0168,2.9065,replace_class_defs|replace_while_loops|replace_with_regex|replace_obf_screen,0,0,0,0,0,1
Canvas Fingerprinting,0.011990830541350733,1.8109,0.4333,replace_literals_recursive|replace_class_defs|replace_if_else|replace_while_loops|replace_with_regex|replace_obf_screen,0,0,0,0,0,1
,0.0,0.7626,0.3411,replace_literals_recursive|obfuscate_functions|replace_class_defs|replace_if_else|replace_while_loops|replace_callee|replace_with_regex|replace_obf_screen,0,0,0,0,0,1
,,,,,0,0,0,1,0,0
Canvas Fingerprinting|AudioContext Fingerprinting,,,,,0,0,1,0,0,0
,,,,,0,0,0,1,0,0
Canvas Fingerprinting,0.04554170661553212,0.7048,0.4084,replace_literals_recursive|obfuscate_functions|replace_int_arrays|replace_float_arrays|replace_class_defs|replace_canvas_api_calls|replace_callee|replace_with_regex|replace_obf_screen,0,0,0,0,0,1
Canvas Fingerprinting|AudioContext Fingerprinting,,,,,0,0,0,0,0,0
AudioContext Fingerprinting,0.0004164365703732539,5.092,0.7036,replace_class_defs|replace_while_loops|replace_callee|replace_with_regex|replace_obf_screen,0,0,0,0,0,1
,,,,,0,0,0,1,0,0
,,,,,0,0,0,1,0,0
,0.8556701030927835,0.6154,0.3797,replace_literals_recursive|obfuscate_functions|replace_int_arrays|replace_float_arrays|replace_class_defs|replace_if_else|replace_for_loops|replace_while_loops|replace_function_calls_with_no_return|replace_canvas_api_calls|replace_callee|replace_with_regex|replace_obf_screen,0,0,0,0,0,1
Canvas Fingerprinting|AudioContext Fingerprinting,0.024763128792181007,1.9245,1.0766,replace_literals_recursive|obfuscate_functions|replace_class_defs|replace_canvas_api_calls|replace_callee|replace_with_regex|replace_obf_screen,0,0,0,0,0,1
,0.0,0.6062,0.3797,replace_literals_recursive|obfuscate_functions|replace_int_arrays|replace_float_arrays|replace_class_defs|replace_func_defs|replace_if_else|replace_for_loops|replace_while_loops|replace_function_calls_with_no_return|replace_canvas_api_calls|replace_callee|replace_with_regex|replace_obf_screen,0,0,0,0,0,1
,,,,,0,0,0,1,0,0
,,,,,0,0,0,1,0,0
,,,,,0,0,0,1,0,0
,,,,,0,0,0,0,0,0
WebRTC Fingerprinting,,,,,0,0,0,0,0,0
,,,,,0,0,0,1,0,0
,,,,,0,0,0,1,0,0
AudioContext Fingerprinting,,,,,0,0,1,0,0,0
,,,,,0,0,0,1,0,0
,,,,,0,0,0,1,0,0
AudioContext Fingerprinting,,,,,0,0,0,0,0,0
,,,,,0,0,0,1,0,0
Canvas Fingerprinting|AudioContext Fingerprinting,0.0013125082031762699,1.9934,0.417,replace_literals_recursive|replace_class_defs|replace_for_loops|replace_while_loops|replace_callee|replace_with_regex|replace_obf_screen,0,0,0,0,0,1
Canvas Fingerprinting|AudioContext Fingerprinting,0.0013510774842937243,1.9152,0.4444,replace_literals_recursive|replace_class_defs|replace_for_loops|replace_while_loops|replace_callee|replace_with_regex|replace_obf_screen,0,0,0,0,0,1
,0.007188090879078003,3.4061,0.5014,replace_literals_recursive|obfuscate_functions|replace_class_defs|replace_while_loops|replace_callee|replace_with_regex|replace_obf_screen,0,0,0,0,0,1
Canvas Fingerprinting|AudioContext Fingerprinting,,,,,0,0,0,0,0,0
,0.998647026316291,3.24,0.5998,replace_literals_recursive|obfuscate_functions|replace_class_defs|replace_while_loops|replace_function_calls_with_no_return|replace_callee|replace_with_regex|replace_obf_screen,0,0,0,0,0,1
,,,,,0,0,0,1,0,0
,,,,,0,0,0,1,0,0
,,,,,0,0,0,1,0,0
Canvas Fingerprinting|AudioContext Fingerprinting,,,,replace_literals_recursive|replace_int_arrays|replace_float_arrays|replace_class_defs|replace_while_loops|replace_function_calls_with_no_return|replace_callee|replace_with_regex|replace_obf_screen,1,0,0,0,0,0
Canvas Fingerprinting|AudioContext Fingerprinting,0.0013125082031762699,1.9685,0.4352,replace_literals_recursive|replace_class_defs|replace_for_loops|replace_while_loops|replace_callee|replace_with_regex|replace_obf_screen,0,0,0,0,0,1
Canvas Fingerprinting,0.0042315464162605496,2.0822,0.5024,replace_literals_recursive|replace_class_defs|replace_while_loops|replace_callee|replace_with_regex|replace_obf_screen,0,0,0,0,0,1
,,,,,0,0,0,1,0,0
,0.37823834196891193,0.6275,0.4017,replace_literals_recursive|obfuscate_functions|replace_int_arrays|replace_float_arrays|replace_class_defs|replace_if_else|replace_for_loops|replace_while_loops|replace_function_calls_with_no_return|replace_canvas_api_calls|replace_callee|replace_with_regex|replace_obf_screen,0,0,0,0,0,1
AudioContext Fingerprinting,,,,,0,0,1,0,0,0
,,,,,0,0,0,1,0,0
,,,,,0,0,0,1,0,0
Canvas Fingerprinting|AudioContext Fingerprinting,,,,replace_literals_recursive|replace_int_arrays|replace_float_arrays|replace_class_defs|replace_while_loops|replace_function_calls_with_no_return|replace_callee|replace_with_regex|replace_obf_screen,1,0,0,0,0,0
,,,,,0,0,0,1,0,0
Canvas Fingerprinting|AudioContext Fingerprinting,,,,,0,0,0,0,0,0
,,,,,0,0,0,1,0,0
,,,,,0,0,0,1,0,0
,,,,,0,0,0,0,0,0
Canvas Fingerprinting|AudioContext Fingerprinting,,,,,0,0,0,0,0,0
WebRTC Fingerprinting,,,,,0,0,0,0,0,0
,,,,,0,0,0,1,0,0
,,,,,0,0,0,0,0,0
Canvas Fingerprinting,0.999619988599658,5.7324,0.8235,obfuscate_functions|replace_class_defs|replace_if_else|replace_while_loops|replace_function_calls_with_no_return|replace_callee|replace_with_regex|replace_obf_screen,0,0,0,0,0,1
,0.9987264825002407,8.5663,1.1394,replace_literals_recursive|obfuscate_functions|replace_class_defs|replace_while_loops|replace_function_calls_with_no_return|replace_callee|replace_with_regex|replace_obf_screen,0,0,0,0,0,1
AudioContext Fingerprinting,,,,,0,0,1,0,0,0
,,,,,0,0,0,1,0,0
,,,,,0,0,0,1,0,0
WebRTC Fingerprinting|AudioContext Fingerprinting,0.9995525783460523,4.5958,1.465,replace_class_defs|replace_while_loops|replace_function_calls_with_no_return|replace_with_regex|replace_obf_screen,0,0,0,0,0,1
WebRTC Fingerprinting|AudioContext Fingerprinting,0.00011863451671263754,5.9067,1.2384,replace_while_loops|replace_function_calls_with_no_return|replace_callee|replace_with_regex|replace_obf_screen,0,0,0,0,0,1
,,,,,0,0,0,1,0,0
,0.0,6.1086,0.6382,obfuscate_functions|replace_while_loops|replace_callee|replace_with_regex|replace_obf_screen,0,0,0,0,0,1
,,,,,0,0,0,1,0,0
,0.17289719626168223,0.6484,0.4059,replace_literals_recursive|obfuscate_functions|replace_int_arrays|replace_float_arrays|replace_class_defs|replace_if_else|replace_for_loops|replace_while_loops|replace_function_calls_with_no_return|replace_canvas_api_calls|replace_callee|replace_with_regex|replace_obf_screen,0,0,0,0,0,1
Canvas Fingerprinting,0.007989073491992217,1.8746,0.5254,replace_literals_recursive|replace_class_defs|replace_while_loops|replace_with_regex|replace_obf_screen,0,0,0,0,0,1
,,,,,0,0,0,1,0,0
Canvas Fingerprinting,,,,,0,0,0,0,0,0
,,,,,0,0,1,0,0,0
,,,,,0,0,1,0,0,0
,,,,,0,0,0,1,0,0
,,,,,0,0,0,1,0,0
Canvas Fingerprinting|AudioContext Fingerprinting,0.005483579391382947,2.4818,0.4092,replace_literals_recursive|replace_class_defs|replace_if_else|replace_for_loops|replace_while_loops|replace_callee|replace_with_regex|replace_obf_screen,0,0,0,0,0,1
,0.4065934065934066,0.6794,0.4505,replace_literals_recursive|obfuscate_functions|replace_int_arrays|replace_float_arrays|replace_class_defs|replace_func_defs|replace_if_else|replace_for_loops|replace_while_loops|replace_function_calls_with_no_return|replace_canvas_api_calls|replace_callee|replace_with_regex|replace_obf_screen,0,0,0,0,0,1
,,,,,0,0,0,1,0,0
WebRTC Fingerprinting|AudioContext Fingerprinting,0.00012108186647697174,5.7935,0.7655,replace_while_loops|replace_function_calls_with_no_return|replace_callee|replace_with_regex|replace_obf_screen,0,0,0,0,0,1
,,,,,0,0,0,1,0,0
WebRTC Fingerprinting,0.0004820121817624118,4.995,0.6054,replace_literals_recursive|obfuscate_functions|replace_class_defs|replace_while_loops|replace_callee|replace_with_regex|replace_obf_screen,0,0,0,0,0,1
AudioContext Fingerprinting,0.00041636118427602935,5.1246,0.9233,replace_class_defs|replace_while_loops|replace_callee|replace_with_regex|replace_obf_screen,0,0,0,0,0,1
Canvas Fingerprinting|AudioContext Fingerprinting,,,,,0,0,0,0,0,0
AudioContext Fingerprinting,,,,,0,0,1,0,0,0
,0.0,9.3249,1.5978,replace_literals_recursive|replace_while_loops|replace_function_calls_with_no_return|replace_callee|replace_with_regex|replace_obf_screen,0,0,0,0,0,1
,,,,,0,0,0,1,0,0
,,,,,0,0,0,1,0,0
,0.2222222222222222,0.633,0.4074,replace_literals_recursive|obfuscate_functions|replace_int_arrays|replace_float_arrays|replace_class_defs|replace_func_defs|replace_if_else|replace_for_loops|replace_while_loops|replace_function_calls_with_no_return|replace_canvas_api_calls|replace_callee|replace_with_regex|replace_obf_screen,0,0,0,0,0,1
,,,,,0,0,0,1,0,0
,0.610126582278481,0.7053,0.4312,replace_literals_recursive|obfuscate_functions|replace_int_arrays|replace_float_arrays|replace_class_defs|replace_if_else|replace_for_loops|replace_while_loops|replace_canvas_api_calls|replace_callee|replace_with_regex|replace_obf_screen,0,0,0,0,0,1
,,,,,0,0,0,0,0,0
Canvas Fingerprinting,,,,,0,0,0,0,0,0
Canvas Fingerprinting,0.0042723263506063945,1.12,0.499,replace_literals_recursive|replace_int_arrays|replace_float_arrays|replace_class_defs|replace_while_loops|replace_with_regex|replace_obf_screen,0,0,0,0,0,1
WebRTC Fingerprinting|AudioContext Fingerprinting,,,,,0,0,0,0,0,0
,,,,replace_literals_recursive|obfuscate_functions|replace_int_arrays|replace_float_arrays|replace_if_else|replace_for_loops|replace_while_loops|replace_function_calls_with_no_return|replace_canvas_api_calls|replace_callee|replace_with_regex|replace_obf_screen,1,0,0,0,0,0
AudioContext Fingerprinting,,,,,0,0,1,0,0,0
,0.9875937106083725,1.3352,0.5098,replace_literals_recursive|obfuscate_functions|replace_int_arrays|replace_float_arrays|replace_class_defs|replace_if_else|replace_for_loops|replace_while_loops|replace_function_calls_with_no_return|replace_canvas_api_calls|replace_callee|replace_with_regex|replace_obf_screen,0,0,0,0,0,1
,0.17289719626168223,0.6396,0.4356,replace_literals_recursive|obfuscate_functions|replace_int_arrays|replace_float_arrays|replace_class_defs|replace_if_else|replace_for_loops|replace_while_loops|replace_function_calls_with_no_return|replace_canvas_api_calls|replace_callee|replace_with_regex|replace_obf_screen,0,0,0,0,0,1
WebRTC Fingerprinting|AudioContext Fingerprinting,0.9995525783460523,4.5756,1.2603,replace_class_defs|replace_while_loops|replace_function_calls_with_no_return|replace_with_regex|replace_obf_screen,0,0,0,0,0,1
,,,,,0,0,0,1,0,0
,0.9992924014805138,1.0661,0.3698,replace_literals_recursive|obfuscate_functions|replace_int_arrays|replace_float_arrays|replace_class_defs|replace_if_else|replace_for_loops|replace_while_loops|replace_function_calls_with_no_return|replace_callee|replace_with_regex|replace_obf_screen,0,0,0,0,0,1
,,,,,0,0,0,1,0,0
,,,,,0,0,0,1,0,0
WebRTC Fingerprinting|AudioContext Fingerprinting,,,,,0,0,0,0,0,0
,,,,,0,0,0,1,0,0
AudioContext Fingerprinting,0.00011211041630334588,6.9533,1.1885,replace_literals_recursive|replace_while_loops|replace_with_regex|replace_obf_screen,0,0,0,0,0,1
Canvas Fingerprinting|AudioContext Fingerprinting,0.0013125082031762699,2.002,0.4375,replace_literals_recursive|replace_class_defs|replace_for_loops|replace_while_loops|replace_callee|replace_with_regex|replace_obf_screen,0,0,0,0,0,1
,,,,,0,0,0,1,0,0
,,,,,0,0,0,0,0,0
Canvas Fingerprinting,0.011868745636490576,2.2975,0.4419,replace_literals_recursive|replace_class_defs|replace_if_else|replace_for_loops|replace_while_loops|replace_with_regex|replace_obf_screen,0,0,0,0,0,1
,0.0,1.5795,0.3625,replace_literals_recursive|obfuscate_functions|replace_int_arrays|replace_float_arrays|replace_class_defs|replace_if_else|replace_for_loops|replace_while_loops|replace_function_calls_with_no_return|replace_callee|replace_with_regex|replace_obf_screen,0,0,0,0,0,1
Canvas Fingerprinting|AudioContext Fingerprinting,0.004130252603854903,2.087,0.4523,replace_literals_recursive|replace_class_defs|replace_for_loops|replace_while_loops|replace_callee|replace_with_regex|replace_obf_screen,0,0,0,0,0,1
,,,,,0,0,0,1,0,0
,,,,,0,0,0,1,0,0
,,,,,0,0,0,1,0,0
AudioContext Fingerprinting,0.00041634234201618305,5.1409,0.7266,replace_class_defs|replace_while_loops|replace_callee|replace_with_regex|replace_obf_screen,0,0,0,0,0,1
Canvas Fingerprinting|AudioContext Fingerprinting,0.1889421540428252,1.3282,1.5048,replace_literals_recursive|replace_class_defs|replace_while_loops|replace_canvas_api_calls|replace_callee|replace_with_regex|replace_obf_screen,0,0,0,0,0,1
WebRTC Fingerprinting,,,,,0,0,0,0,0,0
WebRTC Fingerprinting,,,,,0,0,1,0,0,0
AudioContext Fingerprinting,,,,,0,0,0,0,0,0
AudioContext Fingerprinting,,,,,0,0,1,0,0,0
,,,,,0,0,0,1,0,0
,,,,,0,0,0,1,0,0
Canvas Fingerprinting,0.008519701810436636,0.6213,0.4337,replace_literals_recursive,0,0,0,0,1,0
,,,,,0,0,0,1,0,0
,,,,,0,0,0,1,0,0
,0.9482758620689655,0.7026,0.4947,obfuscate_functions|replace_int_arrays|replace_float_arrays|replace_class_defs|replace_if_else|replace_for_loops|replace_while_loops|replace_function_calls_with_no_return|replace_canvas_api_calls|replace_callee|replace_with_regex|replace_obf_screen,0,0,0,0,0,1
,,,,,0,0,0,1,0,0
,,,,,0,0,0,1,0,0
AudioContext Fingerprinting,,,,,0,0,1,0,0,0
Canvas Fingerprinting,0.00440150295222759,1.5243,0.4915,replace_literals_recursive|replace_class_defs|replace_while_loops|replace_with_regex|replace_obf_screen,0,0,0,0,0,1
,,,,,0,0,0,1,0,0
,,,,,0,0,0,1,0,0
,0.17289719626168223,0.6445,0.4284,replace_literals_recursive|obfuscate_functions|replace_int_arrays|replace_float_arrays|replace_class_defs|replace_if_else|replace_for_loops|replace_while_loops|replace_function_calls_with_no_return|replace_canvas_api_calls|replace_callee|replace_with_regex|replace_obf_screen,0,0,0,0,0,1
Canvas Font Fingerprinting,0.0,25.6227,2.4776,obfuscate_functions|replace_class_defs|replace_while_loops|replace_callee|replace_with_regex|replace_obf_screen,0,0,0,0,0,1
,0.06598984771573604,0.6485,0.4012,replace_literals_recursive|obfuscate_functions|replace_int_arrays|replace_float_arrays|replace_class_defs|replace_func_defs|replace_if_else|replace_for_loops|replace_while_loops|replace_function_calls_with_no_return|replace_canvas_api_calls|replace_callee|replace_with_regex|replace_obf_screen,0,0,0,0,0,1
,,,,,0,0,0,1,0,0
Canvas Fingerprinting,,,,,0,0,0,0,0,0
,,,,,0,0,0,0,0,0
,,,,,0,0,0,1,0,0
,,,,,0,0,0,0,0,0
,,,,,0,0,0,1,0,0
AudioContext Fingerprinting,,,,,0,0,0,0,0,0
WebRTC Fingerprinting|AudioContext Fingerprinting,0.0004294474208514323,0.6835,0.4365,replace_literals_recursive|obfuscate_functions|replace_int_arrays|replace_float_arrays|replace_class_defs|replace_if_else|replace_for_loops|replace_while_loops|replace_function_calls_with_no_return|replace_canvas_api_calls|replace_callee|replace_with_regex|replace_obf_screen,0,0,0,0,0,1
,,,,,0,0,0,0,0,0
AudioContext Fingerprinting,0.36361554229698934,3.2463,0.4972,replace_literals_recursive|obfuscate_functions|replace_class_defs|replace_while_loops|replace_function_calls_with_no_return|replace_callee|replace_with_regex|replace_obf_screen,0,0,0,0,0,1
,,,,,0,0,1,0,0,0
,,,,,0,0,0,1,0,0
,0.004311937908094123,1.1388,0.3699,replace_literals_recursive|obfuscate_functions|replace_int_arrays|replace_float_arrays|replace_class_defs|replace_while_loops|replace_function_calls_with_no_return|replace_callee|replace_with_regex|replace_obf_screen,0,0,0,0,0,1
,,,,,0,0,0,0,0,0
Canvas Fingerprinting|AudioContext Fingerprinting,,,,,0,0,0,0,0,0
,,,,,0,0,0,0,0,0
,0.44752186588921283,0.6261,0.4652,replace_literals_recursive|obfuscate_functions|replace_int_arrays|replace_float_arrays|replace_class_defs|replace_if_else|replace_for_loops|replace_while_loops|replace_function_calls_with_no_return|replace_canvas_api_calls|replace_callee|replace_with_regex|replace_obf_screen,0,0,0,0,0,1
,0.9610894941634242,0.6823,0.3951,replace_literals_recursive|obfuscate_functions|replace_int_arrays|replace_float_arrays|replace_class_defs|replace_for_loops|replace_while_loops|replace_function_calls_with_no_return|replace_callee|replace_with_regex|replace_obf_screen,0,0,0,0,0,1
,,,,,0,0,0,1,0,0
,0.0,5.0747,0.5683,replace_literals_recursive|obfuscate_functions|replace_class_defs|replace_while_loops|replace_callee|replace_with_regex|replace_obf_screen,0,0,0,0,0,1
Canvas Fingerprinting|AudioContext Fingerprinting,,,,,0,0,0,0,0,0
AudioContext Fingerprinting,,,,,0,0,0,0,0,0
,,,,,0,0,0,1,0,0
Canvas Fingerprinting|AudioContext Fingerprinting,,,,,0,0,1,0,0,0
AudioContext Fingerprinting,,,,,0,0,1,0,0,0
,,,,,0,0,0,1,0,0
WebRTC Fingerprinting|AudioContext Fingerprinting,0.9994248602539662,4.5042,1.0066,replace_class_defs|replace_while_loops|replace_function_calls_with_no_return|replace_with_regex|replace_obf_screen,0,0,0,0,0,1
,,,,,0,0,0,1,0,0
,0.0005366129570274543,2.4591,0.43,replace_literals_recursive|obfuscate_functions|replace_int_arrays|replace_float_arrays|replace_class_defs|replace_func_defs|replace_if_else|replace_for_loops|replace_while_loops|replace_function_calls_with_no_return|replace_canvas_api_calls|replace_callee|replace_with_regex|replace_obf_screen,0,0,0,0,0,1
AudioContext Fingerprinting,,,,,0,0,1,0,0,0
,0.9819068127666404,16.7325,3.6955,replace_while_loops|replace_function_calls_with_no_return|replace_with_regex|replace_obf_screen,0,0,0,0,0,1
Canvas Fingerprinting,,,,,0,0,0,0,0,0
Canvas Fingerprinting,,,,,0,0,0,0,0,0
,,,,,0,0,1,0,0,0
WebRTC Fingerprinting,,,,,0,0,0,0,0,0
,,,,,0,0,0,1,0,0
