categories,cnv_ptg,time_cnv,time_val,working_rules,abrupt_fail,time_fail,ast_fail,large_file_skip,validation_fail,success
,,,,,0,0,0,1,0,0
,0.9864559819413092,0.6231,0.4305,replace_literals_recursive|obfuscate_functions|replace_int_arrays|replace_float_arrays|replace_class_defs|replace_if_else|replace_for_loops|replace_while_loops|replace_function_calls_with_no_return|replace_canvas_api_calls|replace_callee|replace_with_regex|replace_obf_screen,0,0,0,0,0,1
,,,,,0,0,1,0,0,0
,,,,,0,0,0,1,0,0
AudioContext Fingerprinting,0.00021333414603484204,8.6348,1.2604,replace_class_defs|replace_while_loops|replace_with_regex|replace_obf_screen,0,0,0,0,0,1
WebRTC Fingerprinting|AudioContext Fingerprinting,,,,,0,0,0,0,0,0
,,,,,0,0,0,1,0,0
,,,,,0,0,0,1,0,0
Canvas Fingerprinting,,,,,0,0,0,0,0,0
AudioContext Fingerprinting,,,,,0,0,0,0,0,0
Canvas Fingerprinting,,,,,0,0,0,0,0,0
Canvas Fingerprinting|AudioContext Fingerprinting,0.9702712100139083,1.2872,0.7043,replace_class_defs|replace_while_loops|replace_function_calls_with_no_return|replace_with_regex|replace_obf_screen,0,0,0,0,0,1
,,,,,0,0,0,1,0,0
,,,,,0,0,0,1,0,0
WebRTC Fingerprinting,0.05333775053834686,0.8564,0.39,replace_literals_recursive|obfuscate_functions|replace_int_arrays|replace_float_arrays|replace_class_defs|replace_if_else|replace_while_loops|replace_callee|replace_with_regex|replace_obf_screen,0,0,0,0,0,1
,,,,,0,0,0,1,0,0
Canvas Fingerprinting,,,,replace_literals_recursive|replace_int_arrays|replace_float_arrays|replace_class_defs|replace_while_loops|replace_function_calls_with_no_return|replace_with_regex|replace_obf_screen,1,0,0,0,0,0
,,,,,0,0,0,1,0,0
,0.0,9.2191,1.0211,replace_literals_recursive|replace_while_loops|replace_callee|replace_with_regex|replace_obf_screen,0,0,0,0,0,1
,,,,,0,0,0,1,0,0
WebRTC Fingerprinting|AudioContext Fingerprinting,,,,,0,0,0,0,0,0
AudioContext Fingerprinting,,,,,0,0,0,0,0,0
Canvas Fingerprinting,,,,,0,0,0,0,0,0
AudioContext Fingerprinting,0.000181597375917918,3.6033,0.6289,replace_literals_recursive|replace_class_defs|replace_while_loops|replace_callee|replace_with_regex|replace_obf_screen,0,0,0,0,0,1
Canvas Fingerprinting|AudioContext Fingerprinting,,,,,0,0,0,0,0,0
AudioContext Fingerprinting,0.0003326928995017924,8.8025,1.8002,replace_class_defs|replace_while_loops|replace_callee|replace_with_regex|replace_obf_screen,0,0,0,0,0,1
,,,,,0,0,0,1,0,0
WebRTC Fingerprinting,,,,replace_literals_recursive|obfuscate_functions|replace_int_arrays|replace_float_arrays|replace_class_defs|replace_while_loops|replace_function_calls_with_no_return|replace_callee|replace_with_regex|replace_obf_screen,1,0,0,0,0,0
Canvas Fingerprinting,0.0042723263506063945,1.168,0.5034,replace_literals_recursive|replace_int_arrays|replace_float_arrays|replace_class_defs|replace_while_loops|replace_with_regex|replace_obf_screen,0,0,0,0,0,1
,,,,,0,0,0,0,0,0
,,,,,0,0,1,0,0,0
,,,,,0,0,0,1,0,0
Canvas Fingerprinting|AudioContext Fingerprinting,,,,,0,0,1,0,0,0
Canvas Fingerprinting|AudioContext Fingerprinting,,,,,0,0,0,0,0,0
WebRTC Fingerprinting,,,,,0,0,1,0,0,0
,0.1234866828087167,0.6494,0.4248,replace_literals_recursive|obfuscate_functions|replace_int_arrays|replace_float_arrays|replace_class_defs|replace_if_else|replace_for_loops|replace_while_loops|replace_canvas_api_calls|replace_callee|replace_with_regex|replace_obf_screen,0,0,0,0,0,1
AudioContext Fingerprinting,,,,,0,0,0,0,0,0
AudioContext Fingerprinting,0.0021253339810541655,1.4939,0.4252,obfuscate_functions|replace_class_defs|replace_while_loops|replace_with_regex|replace_obf_screen,0,0,0,0,0,1
Canvas Fingerprinting,,,,replace_literals_recursive|replace_int_arrays|replace_float_arrays|replace_class_defs|replace_while_loops|replace_function_calls_with_no_return|replace_with_regex|replace_obf_screen,1,0,0,0,0,0
,,,,,0,0,0,1,0,0
,,,,,0,0,0,1,0,0
,,,,,0,0,0,1,0,0
,,,,,0,0,0,1,0,0
,,,,,0,0,0,0,0,0
,,,,,0,0,0,1,0,0
AudioContext Fingerprinting,,,,,0,0,1,0,0,0
,,,,,0,0,0,1,0,0
,4.640667327961761e-05,4.1472,0.6587,replace_class_defs|replace_while_loops|replace_function_calls_with_no_return|replace_callee|replace_with_regex|replace_obf_screen,0,0,0,0,0,1
AudioContext Fingerprinting,0.00022455239890129718,8.2573,1.7067,replace_class_defs|replace_while_loops|replace_with_regex|replace_obf_screen,0,0,0,0,0,1
AudioContext Fingerprinting,,,,,0,0,1,0,0,0
Canvas Fingerprinting,,,,,0,0,0,0,0,0
,,,,,0,0,0,1,0,0
,0.469969040247678,0.7847,0.5545,replace_literals_recursive|obfuscate_functions|replace_int_arrays|replace_float_arrays|replace_class_defs|replace_if_else|replace_for_loops|replace_while_loops|replace_function_calls_with_no_return|replace_canvas_api_calls|replace_callee|replace_with_regex|replace_obf_screen,0,0,0,0,0,1
AudioContext Fingerprinting,0.0,2.6351,0.5829,replace_literals_recursive|replace_class_defs|replace_while_loops|replace_callee|replace_with_regex|replace_obf_screen,0,0,0,0,0,1
,,,,,0,0,0,1,0,0
,,,,,0,0,0,1,0,0
AudioContext Fingerprinting,0.000416380028241428,5.1641,0.7168,replace_class_defs|replace_while_loops|replace_callee|replace_with_regex|replace_obf_screen,0,0,0,0,0,1
,,,,,0,0,0,1,0,0
Canvas Fingerprinting|AudioContext Fingerprinting,,,,,0,0,1,0,0,0
,,,,,0,0,0,1,0,0
WebRTC Fingerprinting,0.0,0.8469,0.3719,replace_literals_recursive|obfuscate_functions|replace_int_arrays|replace_float_arrays|replace_class_defs|replace_while_loops|replace_function_calls_with_no_return|replace_callee|replace_with_regex|replace_obf_screen,0,0,0,0,0,1
,,,,,0,0,0,1,0,0
Canvas Fingerprinting|AudioContext Fingerprinting,0.004130252603854903,2.1206,0.4669,replace_literals_recursive|replace_class_defs|replace_for_loops|replace_while_loops|replace_callee|replace_with_regex|replace_obf_screen,0,0,0,0,0,1
,,,,,0,0,0,1,0,0
,0.8668280871670703,0.6701,0.4207,replace_literals_recursive|obfuscate_functions|replace_int_arrays|replace_float_arrays|replace_class_defs|replace_if_else|replace_for_loops|replace_while_loops|replace_function_calls_with_no_return|replace_canvas_api_calls|replace_callee|replace_with_regex|replace_obf_screen,0,0,0,0,0,1
,,,,,0,0,0,1,0,0
Canvas Fingerprinting,0.012170748441368612,1.7723,0.4617,replace_literals_recursive|replace_class_defs|replace_if_else|replace_while_loops|replace_with_regex|replace_obf_screen,0,0,0,0,0,1
AudioContext Fingerprinting,0.0,2.3746,1.4365,replace_callee,0,0,0,0,1,0
,,,,,0,0,0,1,0,0
AudioContext Fingerprinting,0.0001233616037008481,6.3161,0.9279,replace_literals_recursive|replace_class_defs|replace_while_loops|replace_callee|replace_with_regex|replace_obf_screen,0,0,0,0,0,1
,,,,,0,0,0,1,0,0
,,,,,0,0,0,1,0,0
Canvas Fingerprinting|AudioContext Fingerprinting,,,,,0,0,0,0,0,0
WebRTC Fingerprinting,0.019254658385093167,0.7251,0.3749,replace_literals_recursive|obfuscate_functions|replace_int_arrays|replace_float_arrays|replace_class_defs|replace_if_else|replace_for_loops|replace_while_loops|replace_callee|replace_with_regex|replace_obf_screen,0,0,0,0,0,1
WebRTC Fingerprinting|AudioContext Fingerprinting,,,,,0,0,1,0,0,0
Canvas Fingerprinting|AudioContext Fingerprinting,,,,,0,0,1,0,0,0
Canvas Font Fingerprinting,,,,,0,0,0,0,0,0
,,,,,0,0,0,1,0,0
WebRTC Fingerprinting,,,,,0,0,0,0,0,0
,,,,,0,0,0,1,0,0
Canvas Fingerprinting|AudioContext Fingerprinting,0.004130252603854903,2.0822,0.4679,replace_literals_recursive|replace_class_defs|replace_for_loops|replace_while_loops|replace_callee|replace_with_regex|replace_obf_screen,0,0,0,0,0,1
,,,,,0,0,0,1,0,0
,,,,,0,0,1,0,0,0
,0.9795597484276729,0.6917,0.4649,replace_literals_recursive|obfuscate_functions|replace_int_arrays|replace_float_arrays|replace_class_defs|replace_if_else|replace_for_loops|replace_while_loops|replace_function_calls_with_no_return|replace_canvas_api_calls|replace_callee|replace_with_regex|replace_obf_screen,0,0,0,0,0,1
,,,,,0,0,0,1,0,0
,,,,,0,0,0,1,0,0
WebRTC Fingerprinting,0.0016020217062659356,1.517,0.4354,replace_literals_recursive|replace_int_arrays|replace_float_arrays|replace_while_loops|replace_with_regex|replace_obf_screen,0,0,0,0,0,1
,,,,,0,0,0,1,0,0
AudioContext Fingerprinting,,,,,0,0,1,0,0,0
Canvas Fingerprinting|AudioContext Fingerprinting,,,,,0,0,0,0,0,0
AudioContext Fingerprinting,,,,,0,0,0,0,0,0
Canvas Fingerprinting|AudioContext Fingerprinting,,,,,0,0,0,0,0,0
,,,,,0,0,1,0,0,0
,,,,,0,0,0,0,0,0
,,,,,0,0,0,1,0,0
AudioContext Fingerprinting,,,,,0,0,0,0,0,0
,,,,,0,0,0,1,0,0
,,,,,0,0,0,0,0,0
,,,,,0,0,0,1,0,0
AudioContext Fingerprinting,,,,,0,0,0,0,0,0
,0.9087301587301587,3.0593,0.4112,replace_literals_recursive|obfuscate_functions|replace_int_arrays|replace_float_arrays|replace_class_defs|replace_func_defs|replace_if_else|replace_for_loops|replace_while_loops|replace_function_calls_with_no_return|replace_canvas_api_calls|replace_callee|replace_with_regex|replace_obf_screen,0,0,0,0,0,1
,,,,,0,0,0,0,0,0
AudioContext Fingerprinting,,,,,0,0,0,0,0,0
,,,,,0,0,0,0,0,0
,,,,,0,0,0,1,0,0
Canvas Fingerprinting|AudioContext Fingerprinting,0.0013090290277186897,1.9492,0.4405,replace_literals_recursive|replace_class_defs|replace_for_loops|replace_while_loops|replace_callee|replace_with_regex|replace_obf_screen,0,0,0,0,0,1
Canvas Fingerprinting,,,,,0,0,0,0,0,0
,0.004714863044454423,0.625,0.3672,replace_literals_recursive|obfuscate_functions|replace_int_arrays|replace_float_arrays|replace_class_defs|replace_func_defs|replace_if_else|replace_for_loops|replace_while_loops|replace_function_calls_with_no_return|replace_canvas_api_calls|replace_callee|replace_with_regex|replace_obf_screen,0,0,0,0,0,1
Canvas Fingerprinting,,,,replace_literals_recursive|replace_int_arrays|replace_float_arrays|replace_class_defs|replace_while_loops|replace_function_calls_with_no_return|replace_with_regex|replace_obf_screen,1,0,0,0,0,0
,,,,,0,0,0,1,0,0
,,,,,0,0,0,1,0,0
Canvas Fingerprinting|AudioContext Fingerprinting,0.0013125082031762699,2.0176,0.4485,replace_literals_recursive|replace_class_defs|replace_for_loops|replace_while_loops|replace_callee|replace_with_regex|replace_obf_screen,0,0,0,0,0,1
,,,,,0,0,0,1,0,0
,,,,,0,0,0,1,0,0
Canvas Fingerprinting,,,,,0,0,0,0,0,0
Canvas Fingerprinting|AudioContext Fingerprinting,,,,,0,0,1,0,0,0
,,,,,0,0,0,1,0,0
,,,,,0,0,0,1,0,0
,,,,,0,0,0,1,0,0
,0.5136074116965836,0.8552,0.6687,replace_literals_recursive|obfuscate_functions|replace_int_arrays|replace_float_arrays|replace_class_defs|replace_if_else|replace_for_loops|replace_while_loops|replace_function_calls_with_no_return|replace_canvas_api_calls|replace_callee|replace_with_regex|replace_obf_screen,0,0,0,0,0,1
,,,,,0,0,0,1,0,0
,,,,,0,0,0,1,0,0
,,,,,0,0,0,1,0,0
,,,,,0,0,0,1,0,0
WebRTC Fingerprinting,,,,,0,0,0,0,0,0
Canvas Fingerprinting|AudioContext Fingerprinting,,,,,0,0,1,0,0,0
Canvas Fingerprinting|AudioContext Fingerprinting,0.0013125082031762699,2.0211,0.4448,replace_literals_recursive|replace_class_defs|replace_for_loops|replace_while_loops|replace_callee|replace_with_regex|replace_obf_screen,0,0,0,0,0,1
,,,,,0,0,0,1,0,0
Canvas Fingerprinting,,,,,0,0,0,0,0,0
,,,,,0,0,0,1,0,0
,0.425,0.6618,0.4148,replace_literals_recursive|obfuscate_functions|replace_int_arrays|replace_float_arrays|replace_class_defs|replace_func_defs|replace_if_else|replace_for_loops|replace_while_loops|replace_function_calls_with_no_return|replace_canvas_api_calls|replace_callee|replace_with_regex|replace_obf_screen,0,0,0,0,0,1
,,,,,0,0,1,0,0,0
Canvas Font Fingerprinting,0.0,26.1497,1.8908,obfuscate_functions|replace_class_defs|replace_while_loops|replace_callee|replace_with_regex|replace_obf_screen,0,0,0,0,0,1
,,,,,0,0,1,0,0,0
WebRTC Fingerprinting,,,,,0,0,0,0,0,0
,,,,,0,0,0,0,0,0
,,,,,0,0,0,1,0,0
Canvas Fingerprinting,,,,,0,0,0,0,0,0
Canvas Fingerprinting|AudioContext Fingerprinting,0.004130252603854903,2.1196,0.4681,replace_literals_recursive|replace_class_defs|replace_for_loops|replace_while_loops|replace_callee|replace_with_regex|replace_obf_screen,0,0,0,0,0,1
,,,,,0,0,0,1,0,0
Canvas Font Fingerprinting,0.0003728032278546145,16.8043,2.8901,obfuscate_functions|replace_class_defs|replace_callee|replace_with_regex|replace_obf_screen,0,0,0,0,0,1
,,,,,0,0,0,1,0,0
,,,,,0,0,0,1,0,0
,,,,,0,0,0,1,0,0
,,,,,0,0,0,1,0,0
,,,,,0,0,0,1,0,0
AudioContext Fingerprinting,,,,,0,0,1,0,0,0
,,,,,0,0,0,1,0,0
WebRTC Fingerprinting|AudioContext Fingerprinting,,,,,0,0,0,0,0,0
WebRTC Fingerprinting,,,,,0,0,0,0,0,0
,,,,,0,0,0,1,0,0
AudioContext Fingerprinting,,,,,0,0,0,0,0,0
,,,,,0,0,0,1,0,0
Canvas Fingerprinting,,,,replace_literals_recursive|obfuscate_functions|replace_int_arrays|replace_float_arrays|replace_class_defs|replace_while_loops|replace_function_calls_with_no_return|replace_with_regex|replace_obf_screen,1,0,0,0,0,0
,,,,,0,0,0,1,0,0
Canvas Fingerprinting|AudioContext Fingerprinting,0.00047376524931896246,2.06,0.464,replace_literals_recursive|obfuscate_functions|replace_class_defs|replace_while_loops|replace_callee|replace_with_regex|replace_obf_screen,0,0,0,0,0,1
,0.031052360641270774,2.0497,0.5073,obfuscate_functions|replace_class_defs|replace_if_else|replace_while_loops|replace_callee|replace_with_regex|replace_obf_screen,0,0,0,0,0,1
,,,,,0,0,0,1,0,0
Canvas Fingerprinting|AudioContext Fingerprinting,,,,,0,0,1,0,0,0
,,,,,0,0,0,1,0,0
,0.0,10.653,1.6857,replace_class_defs|replace_while_loops|replace_callee|replace_with_regex|replace_obf_screen,0,0,0,0,0,1
,,,,,0,0,0,0,0,0
Canvas Fingerprinting,,,,,0,0,0,0,0,0
Canvas Fingerprinting,0.0118137595552467,2.2705,0.4488,replace_literals_recursive|replace_class_defs|replace_if_else|replace_for_loops|replace_while_loops|replace_with_regex|replace_obf_screen,0,0,0,0,0,1
WebRTC Fingerprinting|AudioContext Fingerprinting,,,,,0,0,0,0,0,0
,,,,,0,0,0,1,0,0
,,,,,0,0,0,0,0,0
,,,,,0,0,0,1,0,0
,,,,,0,0,1,0,0,0
,,,,,0,0,0,1,0,0
Canvas Fingerprinting,,,,replace_literals_recursive|obfuscate_functions|replace_int_arrays|replace_float_arrays|replace_class_defs|replace_if_else|replace_while_loops|replace_function_calls_with_no_return|replace_with_regex|replace_obf_screen,1,0,0,0,0,0
,,,,,0,0,1,0,0,0
AudioContext Fingerprinting,,,,,0,0,1,0,0,0
,,,,,0,0,0,1,0,0
,0.0,1.112,0.383,replace_literals_recursive|obfuscate_functions|replace_int_arrays|replace_float_arrays|replace_class_defs|replace_while_loops|replace_callee|replace_with_regex|replace_obf_screen,0,0,0,0,0,1
,,,,,0,0,0,1,0,0
,,,,,0,0,0,1,0,0
AudioContext Fingerprinting,,,,,0,0,1,0,0,0
,,,,,0,0,0,1,0,0
,,,,,0,0,0,0,0,0
Canvas Font Fingerprinting,0.0003728032278546145,17.6183,2.1993,obfuscate_functions|replace_class_defs|replace_callee|replace_with_regex|replace_obf_screen,0,0,0,0,0,1
Canvas Fingerprinting,0.0118137595552467,2.3284,0.4568,replace_literals_recursive|replace_class_defs|replace_if_else|replace_for_loops|replace_while_loops|replace_with_regex|replace_obf_screen,0,0,0,0,0,1
,0.9993576440359719,1.7717,1.1162,replace_literals_recursive|obfuscate_functions|replace_int_arrays|replace_float_arrays|replace_class_defs|replace_if_else|replace_for_loops|replace_while_loops|replace_function_calls_with_no_return|replace_canvas_api_calls|replace_callee|replace_with_regex|replace_obf_screen,0,0,0,0,0,1
,,,,,0,0,0,0,0,0
WebRTC Fingerprinting|AudioContext Fingerprinting,,,,,0,0,1,0,0,0
,0.0009182134190332524,1.1637,0.3811,replace_literals_recursive|replace_class_defs|replace_while_loops|replace_callee|replace_with_regex|replace_obf_screen,0,0,0,0,0,1
,,,,,0,0,0,1,0,0
AudioContext Fingerprinting,,,,,0,0,0,0,0,0
,,,,,0,0,0,1,0,0
WebRTC Fingerprinting|AudioContext Fingerprinting,,,,,0,0,0,0,0,0
,0.9994411581733254,3.9887,0.8764,obfuscate_functions|replace_class_defs|replace_function_calls_with_no_return|replace_callee|replace_with_regex|replace_obf_screen,0,0,0,0,0,1
,,,,,0,0,0,1,0,0
,,,,,0,0,1,0,0,0
,,,,,0,0,0,1,0,0
AudioContext Fingerprinting,,,,,0,0,1,0,0,0
AudioContext Fingerprinting,0.00021635321207250923,8.4571,1.252,replace_class_defs|replace_while_loops|replace_with_regex|replace_obf_screen,0,0,0,0,0,1
WebRTC Fingerprinting|AudioContext Fingerprinting,0.9995525783460523,4.6838,1.0369,replace_class_defs|replace_while_loops|replace_function_calls_with_no_return|replace_with_regex|replace_obf_screen,0,0,0,0,0,1
Canvas Fingerprinting,0.9986641787880073,2.3051,0.8286,replace_literals_recursive|replace_class_defs|replace_while_loops|replace_function_calls_with_no_return|replace_callee|replace_with_regex|replace_obf_screen,0,0,0,0,0,1
,,,,,0,0,0,0,0,0
,,,,,0,0,0,1,0,0
Canvas Fingerprinting|AudioContext Fingerprinting,,,,replace_literals_recursive|replace_int_arrays|replace_float_arrays|replace_class_defs|replace_while_loops|replace_function_calls_with_no_return|replace_callee|replace_with_regex|replace_obf_screen,1,0,0,0,0,0
,,,,,0,0,0,1,0,0
,,,,,0,0,0,1,0,0
Canvas Fingerprinting,,,,,0,0,0,0,0,0
Canvas Font Fingerprinting,0.0,22.1275,2.34,obfuscate_functions|replace_class_defs|replace_while_loops|replace_callee|replace_with_regex|replace_obf_screen,0,0,0,0,0,1
,,,,,0,0,0,1,0,0
,,,,,0,0,0,1,0,0
,,,,,0,0,0,1,0,0
AudioContext Fingerprinting,,,,,0,0,1,0,0,0
,,,,,0,0,0,1,0,0
,0.11583924349881797,0.6969,0.41,replace_literals_recursive|obfuscate_functions|replace_int_arrays|replace_float_arrays|replace_class_defs|replace_while_loops|replace_callee|replace_with_regex|replace_obf_screen,0,0,0,0,0,1
,,,,,0,0,0,1,0,0
,,,,,0,0,0,0,0,0
,,,,,0,0,1,0,0,0
AudioContext Fingerprinting,,,,,0,0,0,0,0,0
,,,,,0,0,0,1,0,0
,,,,,0,0,0,0,0,0
WebRTC Fingerprinting|AudioContext Fingerprinting,0.0004294474208514323,0.7171,0.4523,replace_literals_recursive|obfuscate_functions|replace_int_arrays|replace_float_arrays|replace_class_defs|replace_if_else|replace_for_loops|replace_while_loops|replace_function_calls_with_no_return|replace_canvas_api_calls|replace_callee|replace_with_regex|replace_obf_screen,0,0,0,0,0,1
,0.5,0.6156,0.4157,replace_literals_recursive|obfuscate_functions|replace_int_arrays|replace_float_arrays|replace_class_defs|replace_func_defs|replace_if_else|replace_for_loops|replace_while_loops|replace_function_calls_with_no_return|replace_canvas_api_calls|replace_callee|replace_with_regex|replace_obf_screen,0,0,0,0,0,1
Canvas Fingerprinting|AudioContext Fingerprinting,0.13713726357005274,2.5729,2.1155,replace_literals_recursive|obfuscate_functions|replace_class_defs|replace_while_loops|replace_canvas_api_calls|replace_callee|replace_with_regex|replace_obf_screen,0,0,0,0,0,1
,0.8761220825852782,0.6184,0.4343,replace_literals_recursive|obfuscate_functions|replace_int_arrays|replace_float_arrays|replace_class_defs|replace_if_else|replace_for_loops|replace_while_loops|replace_canvas_api_calls|replace_callee|replace_with_regex|replace_obf_screen,0,0,0,0,0,1
,,,,,0,0,0,1,0,0
Canvas Fingerprinting,,,,,0,0,0,0,0,0
,,,,,0,0,0,1,0,0
,0.041869158878504675,1.3521,1.1231,replace_literals_recursive|obfuscate_functions|replace_class_defs|replace_if_else|replace_for_loops|replace_while_loops|replace_canvas_api_calls|replace_callee|replace_with_regex|replace_obf_screen,0,0,0,0,0,1
WebRTC Fingerprinting|AudioContext Fingerprinting,0.9994248602539662,4.6215,1.0302,replace_class_defs|replace_while_loops|replace_function_calls_with_no_return|replace_with_regex|replace_obf_screen,0,0,0,0,0,1
WebRTC Fingerprinting,,,,replace_literals_recursive|obfuscate_functions|replace_int_arrays|replace_float_arrays|replace_class_defs|replace_while_loops|replace_callee|replace_with_regex|replace_obf_screen,1,0,0,0,0,0
,0.004714863044454423,0.6395,0.4319,replace_literals_recursive|obfuscate_functions|replace_int_arrays|replace_float_arrays|replace_class_defs|replace_func_defs|replace_if_else|replace_for_loops|replace_while_loops|replace_function_calls_with_no_return|replace_canvas_api_calls|replace_callee|replace_with_regex|replace_obf_screen,0,0,0,0,0,1
,,,,,0,0,1,0,0,0
,,,,,0,0,0,1,0,0
,,,,,0,0,0,1,0,0
Canvas Fingerprinting|AudioContext Fingerprinting,0.002540761293138386,2.1877,0.6302,replace_literals_recursive|replace_class_defs|replace_while_loops|replace_function_calls_with_no_return|replace_with_regex|replace_obf_screen,0,0,0,0,0,1
Canvas Fingerprinting|AudioContext Fingerprinting,,,,,0,0,1,0,0,0
,0.8168724279835391,3.8429,0.3864,replace_literals_recursive|obfuscate_functions|replace_int_arrays|replace_float_arrays|replace_class_defs|replace_func_defs|replace_if_else|replace_for_loops|replace_while_loops|replace_callee|replace_with_regex|replace_obf_screen,0,0,0,0,0,1
Canvas Fingerprinting,0.011990830541350733,1.8592,0.4531,replace_literals_recursive|replace_class_defs|replace_if_else|replace_while_loops|replace_with_regex|replace_obf_screen,0,0,0,0,0,1
AudioContext Fingerprinting,,,,,0,0,1,0,0,0
,,,,,0,0,1,0,0,0
,,,,,0,0,0,1,0,0
,,,,,0,0,0,1,0,0
WebRTC Fingerprinting,,,,,0,0,0,0,0,0
Canvas Fingerprinting,0.0042723263506063945,1.1327,0.5198,replace_literals_recursive|replace_int_arrays|replace_float_arrays|replace_class_defs|replace_while_loops|replace_with_regex|replace_obf_screen,0,0,0,0,0,1
,,,,,0,0,0,1,0,0
AudioContext Fingerprinting,0.9977642353630676,9.4933,1.5339,obfuscate_functions|replace_while_loops|replace_function_calls_with_no_return|replace_callee|replace_with_regex|replace_obf_screen,0,0,0,0,0,1
,,,,,0,0,0,1,0,0
AudioContext Fingerprinting,,,,,0,0,0,0,0,0
,,,,,0,0,0,1,0,0
,,,,,0,0,0,1,0,0
,,,,,0,0,0,1,0,0
WebRTC Fingerprinting|AudioContext Fingerprinting,,,,,0,0,0,0,0,0
Canvas Fingerprinting|AudioContext Fingerprinting,0.0004774694121157863,2.3285,0.4449,replace_literals_recursive|obfuscate_functions|replace_class_defs|replace_while_loops|replace_callee|replace_with_regex|replace_obf_screen,0,0,0,0,0,1
,,,,,0,0,0,0,0,0
Canvas Fingerprinting,,,,,0,0,0,0,0,0
Canvas Fingerprinting|AudioContext Fingerprinting,,,,replace_literals_recursive|obfuscate_functions|replace_int_arrays|replace_float_arrays|replace_class_defs|replace_while_loops|replace_function_calls_with_no_return|replace_callee|replace_with_regex|replace_obf_screen,1,0,0,0,0,0
Canvas Fingerprinting|AudioContext Fingerprinting,,,,,0,0,1,0,0,0
,,,,,0,0,0,1,0,0
,,,,,0,0,0,1,0,0
AudioContext Fingerprinting,,,,,0,0,0,0,0,0
,,,,,0,0,0,1,0,0
Canvas Fingerprinting|AudioContext Fingerprinting,0.0013125082031762699,1.9418,0.4275,replace_literals_recursive|replace_class_defs|replace_for_loops|replace_while_loops|replace_callee|replace_with_regex|replace_obf_screen,0,0,0,0,0,1
,,,,,0,0,0,1,0,0
,0.8955644214973011,0.7273,0.7664,replace_literals_recursive|obfuscate_functions|replace_int_arrays|replace_float_arrays|replace_class_defs|replace_func_defs|replace_if_else|replace_for_loops|replace_while_loops|replace_function_calls_with_no_return|replace_canvas_api_calls|replace_callee|replace_with_regex|replace_obf_screen,0,0,0,0,0,1
,,,,,0,0,0,1,0,0
Canvas Fingerprinting,,,,,0,0,0,0,0,0
WebRTC Fingerprinting,,,,,0,0,0,0,0,0
AudioContext Fingerprinting,,,,,0,0,1,0,0,0
,,,,,0,0,0,1,0,0
AudioContext Fingerprinting,,,,,0,0,0,0,0,0
WebRTC Fingerprinting,,,,,0,0,1,0,0,0
,,,,,0,0,0,1,0,0
WebRTC Fingerprinting|AudioContext Fingerprinting,0.9994248602539662,4.5561,1.0173,replace_class_defs|replace_while_loops|replace_function_calls_with_no_return|replace_with_regex|replace_obf_screen,0,0,0,0,0,1
,,,,,0,0,1,0,0,0
AudioContext Fingerprinting,,,,,0,0,1,0,0,0
,,,,,0,0,0,1,0,0
,,,,,0,0,0,1,0,0
,0.0,0.626,0.4129,replace_literals_recursive|obfuscate_functions|replace_int_arrays|replace_float_arrays|replace_class_defs|replace_func_defs|replace_if_else|replace_for_loops|replace_while_loops|replace_function_calls_with_no_return|replace_canvas_api_calls|replace_callee|replace_with_regex|replace_obf_screen,0,0,0,0,0,1
WebRTC Fingerprinting,0.017613636363636363,0.697,0.3722,replace_literals_recursive|obfuscate_functions|replace_int_arrays|replace_float_arrays|replace_class_defs|replace_if_else|replace_for_loops|replace_while_loops|replace_callee|replace_with_regex|replace_obf_screen,0,0,0,0,0,1
Canvas Fingerprinting,,,,replace_literals_recursive|replace_int_arrays|replace_float_arrays|replace_class_defs|replace_while_loops|replace_function_calls_with_no_return|replace_with_regex|replace_obf_screen,1,0,0,0,0,0
Canvas Fingerprinting,,,,,0,0,0,0,0,0
,,,,,0,0,0,1,0,0
Canvas Fingerprinting|AudioContext Fingerprinting,0.004130252603854903,2.07,0.4547,replace_literals_recursive|replace_class_defs|replace_for_loops|replace_while_loops|replace_callee|replace_with_regex|replace_obf_screen,0,0,0,0,0,1
,0.9961543232849522,2.2732,2.0457,replace_literals_recursive|obfuscate_functions|replace_class_defs|replace_if_else|replace_while_loops|replace_function_calls_with_no_return|replace_canvas_api_calls|replace_callee|replace_with_regex|replace_obf_screen,0,0,0,0,0,1
,,,,,0,0,0,1,0,0
AudioContext Fingerprinting,0.00039795055464358556,1.1773,0.4799,replace_literals_recursive|replace_class_defs|replace_callee|replace_with_regex|replace_obf_screen,0,0,0,0,0,1
WebRTC Fingerprinting|AudioContext Fingerprinting,0.9994248602539662,4.5578,1.4594,replace_class_defs|replace_while_loops|replace_function_calls_with_no_return|replace_with_regex|replace_obf_screen,0,0,0,0,0,1
,,,,,0,0,0,1,0,0
,,,,,0,0,0,1,0,0
,,,,,0,0,0,1,0,0
,,,,,0,0,0,1,0,0
,,,,,0,0,0,0,0,0
,,,,,0,0,0,1,0,0
,0.9507772020725389,0.6728,0.4361,replace_literals_recursive|obfuscate_functions|replace_int_arrays|replace_float_arrays|replace_class_defs|replace_if_else|replace_for_loops|replace_while_loops|replace_function_calls_with_no_return|replace_canvas_api_calls|replace_callee|replace_with_regex|replace_obf_screen,0,0,0,0,0,1
WebRTC Fingerprinting,,,,,0,0,0,0,0,0
,,,,,0,0,1,0,0,0
,,,,,0,0,0,1,0,0
,,,,,0,0,0,0,0,0
,,,,,0,0,0,1,0,0
,,,,,0,0,0,0,0,0
AudioContext Fingerprinting,,,,,0,0,1,0,0,0
Canvas Fingerprinting|WebRTC Fingerprinting|AudioContext Fingerprinting,0.8684675671168918,1.959,1.2074,replace_literals_recursive|obfuscate_functions|replace_float_arrays|replace_class_defs|replace_while_loops|replace_function_calls_with_no_return|replace_with_regex|replace_obf_screen,0,0,0,0,0,1
,,,,,0,0,1,0,0,0
,,,,,0,0,0,0,0,0
Canvas Fingerprinting,,,,,0,0,0,0,0,0
,,,,,0,0,0,0,0,0
AudioContext Fingerprinting,0.9998097084682304,16.5855,2.5069,replace_literals_recursive|replace_class_defs|replace_while_loops|replace_function_calls_with_no_return|replace_callee|replace_with_regex|replace_obf_screen,0,0,0,0,0,1
,,,,,0,0,0,1,0,0
Canvas Fingerprinting,,,,,0,0,0,0,0,0
WebRTC Fingerprinting,0.0009961304164591395,1.8821,0.5,replace_class_defs|replace_while_loops|replace_with_regex|replace_obf_screen,0,0,0,0,0,1
Canvas Fingerprinting,0.011813417494281496,2.3471,0.4684,replace_literals_recursive|replace_class_defs|replace_if_else|replace_for_loops|replace_while_loops|replace_with_regex|replace_obf_screen,0,0,0,0,0,1
Canvas Fingerprinting,0.009456264775413711,0.6333,0.3795,replace_literals_recursive,0,0,0,0,1,0
,,,,,0,0,0,1,0,0
,,,,,0,0,0,1,0,0
Canvas Fingerprinting,,,,replace_literals_recursive|obfuscate_functions|replace_int_arrays|replace_float_arrays|replace_class_defs|replace_for_loops|replace_while_loops|replace_function_calls_with_no_return|replace_with_regex|replace_obf_screen,1,0,0,0,0,0
,,,,,0,0,0,1,0,0
,,,,,0,0,0,1,0,0
,,,,,0,0,0,1,0,0
WebRTC Fingerprinting|AudioContext Fingerprinting,,,,,0,0,0,0,0,0
AudioContext Fingerprinting,,,,,0,0,0,0,0,0
WebRTC Fingerprinting,,,,replace_literals_recursive|obfuscate_functions|replace_int_arrays|replace_float_arrays|replace_class_defs|replace_while_loops|replace_callee|replace_with_regex|replace_obf_screen,1,0,0,0,0,0
,0.9991187799796502,7.0909,5.1433,replace_literals_recursive|replace_class_defs|replace_function_calls_with_no_return|replace_callee|replace_with_regex|replace_obf_screen,0,0,0,0,0,1
,,,,,0,0,0,1,0,0
AudioContext Fingerprinting,,,,,0,0,1,0,0,0
AudioContext Fingerprinting,0.00041634234201618305,5.1504,0.7136,replace_class_defs|replace_while_loops|replace_callee|replace_with_regex|replace_obf_screen,0,0,0,0,0,1
,0.0,2.4009,0.4645,replace_literals_recursive|replace_while_loops|replace_callee|replace_with_regex|replace_obf_screen,0,0,0,0,0,1
,,,,,0,0,0,1,0,0
Canvas Fingerprinting,,,,replace_literals_recursive|replace_int_arrays|replace_float_arrays|replace_class_defs|replace_while_loops|replace_function_calls_with_no_return|replace_with_regex|replace_obf_screen,1,0,0,0,0,0
Canvas Fingerprinting,0.0042315464162605496,2.1518,0.5127,replace_literals_recursive|replace_class_defs|replace_while_loops|replace_callee|replace_with_regex|replace_obf_screen,0,0,0,0,0,1
Canvas Font Fingerprinting,0.0,25.1714,2.6362,obfuscate_functions|replace_class_defs|replace_while_loops|replace_callee|replace_with_regex|replace_obf_screen,0,0,0,0,0,1
Canvas Fingerprinting|AudioContext Fingerprinting,0.003212357323491217,1.7347,0.546,replace_literals_recursive|replace_class_defs|replace_while_loops|replace_with_regex|replace_obf_screen,0,0,0,0,0,1
,,,,,0,0,0,1,0,0
Canvas Fingerprinting|AudioContext Fingerprinting,,,,,0,0,1,0,0,0
,,,,,0,0,0,1,0,0
,,,,,0,0,1,0,0,0
,,,,,0,0,0,1,0,0
WebRTC Fingerprinting,,,,,0,0,1,0,0,0
,,,,,0,0,0,1,0,0
,,,,,0,0,0,1,0,0
,,,,,0,0,0,1,0,0
,0.9946524064171123,0.6934,0.4723,replace_literals_recursive|obfuscate_functions|replace_int_arrays|replace_float_arrays|replace_class_defs|replace_if_else|replace_for_loops|replace_while_loops|replace_function_calls_with_no_return|replace_canvas_api_calls|replace_callee|replace_with_regex|replace_obf_screen,0,0,0,0,0,1
Canvas Fingerprinting|AudioContext Fingerprinting,0.0013125082031762699,1.9881,0.8044,replace_literals_recursive|replace_class_defs|replace_for_loops|replace_while_loops|replace_callee|replace_with_regex|replace_obf_screen,0,0,0,0,0,1
,,,,,0,0,0,0,0,0
Canvas Font Fingerprinting,,,,,0,0,0,0,0,0
Canvas Fingerprinting,0.998995097292853,2.8354,0.5437,obfuscate_functions|replace_class_defs|replace_if_else|replace_while_loops|replace_function_calls_with_no_return|replace_callee|replace_with_regex|replace_obf_screen,0,0,0,0,0,1
,,,,,0,0,0,1,0,0
,,,,,0,0,0,1,0,0
,,,,,0,0,0,0,0,0
WebRTC Fingerprinting,0.9947785379906374,0.8346,0.3782,replace_literals_recursive|obfuscate_functions|replace_int_arrays|replace_float_arrays|replace_class_defs|replace_while_loops|replace_function_calls_with_no_return|replace_callee|replace_with_regex|replace_obf_screen,0,0,0,0,0,1
WebRTC Fingerprinting,,,,,0,0,0,0,0,0
,,,,,0,0,0,0,0,0
AudioContext Fingerprinting,,,,,0,0,0,0,0,0
WebRTC Fingerprinting|AudioContext Fingerprinting,0.9994248602539662,4.4822,1.0364,replace_class_defs|replace_while_loops|replace_function_calls_with_no_return|replace_with_regex|replace_obf_screen,0,0,0,0,0,1
WebRTC Fingerprinting,0.054087883607233316,10.562,1.7127,replace_literals_recursive|obfuscate_functions|replace_class_defs|replace_while_loops|replace_function_calls_with_no_return|replace_callee|replace_with_regex|replace_obf_screen,0,0,0,0,0,1
,,,,,0,0,0,1,0,0
Canvas Fingerprinting|AudioContext Fingerprinting,,,,replace_literals_recursive|replace_int_arrays|replace_float_arrays|replace_class_defs|replace_while_loops|replace_function_calls_with_no_return|replace_callee|replace_with_regex|replace_obf_screen,1,0,0,0,0,0
WebRTC Fingerprinting,0.0016020217062659356,1.5267,0.4444,replace_literals_recursive|replace_int_arrays|replace_float_arrays|replace_while_loops|replace_with_regex|replace_obf_screen,0,0,0,0,0,1
,,,,,0,0,0,1,0,0
,,,,,0,0,1,0,0,0
,,,,,0,0,0,1,0,0
Canvas Fingerprinting|AudioContext Fingerprinting,0.13713726357005274,2.2675,2.1401,replace_literals_recursive|obfuscate_functions|replace_class_defs|replace_while_loops|replace_canvas_api_calls|replace_callee|replace_with_regex|replace_obf_screen,0,0,0,0,0,1
,,,,,0,0,0,1,0,0
,,,,,0,0,0,1,0,0
AudioContext Fingerprinting,0.0008973360336501012,4.2343,0.7237,replace_literals_recursive|replace_class_defs|replace_while_loops|replace_with_regex|replace_obf_screen,0,0,0,0,0,1
Canvas Fingerprinting,,,,,0,0,0,0,0,0
AudioContext Fingerprinting,,,,,0,0,1,0,0,0
,,,,,0,0,0,1,0,0
Canvas Fingerprinting|AudioContext Fingerprinting,0.0013035685188202706,1.9823,0.4298,replace_literals_recursive|replace_class_defs|replace_for_loops|replace_while_loops|replace_callee|replace_with_regex|replace_obf_screen,0,0,0,0,0,1
,,,,,0,0,0,1,0,0
AudioContext Fingerprinting,,,,,0,0,0,0,0,0
,,,,,0,0,0,1,0,0
,,,,,0,0,0,0,0,0
,,,,,0,0,1,0,0,0
,,,,,0,0,0,1,0,0
,,,,,0,0,0,1,0,0
,,,,,0,0,0,1,0,0
,0.0,0.6054,0.3929,replace_literals_recursive|obfuscate_functions|replace_int_arrays|replace_float_arrays|replace_class_defs|replace_func_defs|replace_if_else|replace_for_loops|replace_while_loops|replace_function_calls_with_no_return|replace_canvas_api_calls|replace_callee|replace_with_regex|replace_obf_screen,0,0,0,0,0,1
Canvas Fingerprinting|AudioContext Fingerprinting,0.0013125082031762699,1.994,0.4291,replace_literals_recursive|replace_class_defs|replace_for_loops|replace_while_loops|replace_callee|replace_with_regex|replace_obf_screen,0,0,0,0,0,1
AudioContext Fingerprinting,,,,,0,0,0,0,0,0
,,,,,0,0,0,1,0,0
WebRTC Fingerprinting|AudioContext Fingerprinting,0.9994248602539662,4.9665,1.0256,replace_class_defs|replace_while_loops|replace_function_calls_with_no_return|replace_with_regex|replace_obf_screen,0,0,0,0,0,1
Canvas Fingerprinting|AudioContext Fingerprinting,0.0012921983524471006,1.9236,0.423,replace_literals_recursive|replace_class_defs|replace_for_loops|replace_while_loops|replace_callee|replace_with_regex|replace_obf_screen,0,0,0,0,0,1
Canvas Fingerprinting,0.011868745636490576,2.3502,0.4623,replace_literals_recursive|replace_class_defs|replace_if_else|replace_for_loops|replace_while_loops|replace_with_regex|replace_obf_screen,0,0,0,0,0,1
,,,,,0,0,0,1,0,0
Canvas Fingerprinting|AudioContext Fingerprinting,0.0013125082031762699,2.0069,0.4641,replace_literals_recursive|replace_class_defs|replace_for_loops|replace_while_loops|replace_callee|replace_with_regex|replace_obf_screen,0,0,0,0,0,1
AudioContext Fingerprinting,0.00018450610023293894,2.2546,0.8464,replace_literals_recursive|replace_class_defs|replace_while_loops|replace_callee|replace_with_regex|replace_obf_screen,0,0,0,0,0,1
Canvas Fingerprinting|AudioContext Fingerprinting,,,,,0,0,0,0,0,0
,,,,,0,0,0,1,0,0
,,,,,0,0,0,1,0,0
,,,,,0,0,0,1,0,0
,,,,,0,0,0,1,0,0
,,,,,0,0,0,1,0,0
WebRTC Fingerprinting|AudioContext Fingerprinting,,,,,0,0,1,0,0,0
,,,,,0,0,0,1,0,0
,,,,,0,0,0,1,0,0
AudioContext Fingerprinting,,,,,0,0,0,0,0,0
,,,,,0,0,0,1,0,0
,,,,,0,0,0,1,0,0
,0.9997843200690176,1.7053,2.0225,obfuscate_functions|replace_class_defs|replace_while_loops|replace_function_calls_with_no_return|replace_canvas_api_calls|replace_callee|replace_with_regex|replace_obf_screen,0,0,0,0,0,1
AudioContext Fingerprinting,,,,replace_literals_recursive|obfuscate_functions|replace_int_arrays|replace_float_arrays|replace_class_defs|replace_if_else|replace_while_loops|replace_function_calls_with_no_return|replace_canvas_api_calls|replace_callee|replace_with_regex|replace_obf_screen,1,0,0,0,0,0
,0.9073359073359073,0.6888,0.4596,replace_literals_recursive|obfuscate_functions|replace_int_arrays|replace_float_arrays|replace_class_defs|replace_for_loops|replace_while_loops|replace_function_calls_with_no_return|replace_canvas_api_calls|replace_callee|replace_with_regex|replace_obf_screen,0,0,0,0,0,1
Canvas Fingerprinting,,,,replace_literals_recursive|replace_int_arrays|replace_float_arrays|replace_class_defs|replace_while_loops|replace_function_calls_with_no_return|replace_with_regex|replace_obf_screen,1,0,0,0,0,0
,0.18489914295955942,1.2784,0.5917,obfuscate_functions|replace_int_arrays|replace_float_arrays|replace_class_defs|replace_while_loops|replace_function_calls_with_no_return|replace_with_regex|replace_obf_screen,0,0,0,0,0,1
Canvas Fingerprinting|AudioContext Fingerprinting,,,,,0,0,0,0,0,0
,,,,,0,0,0,1,0,0
AudioContext Fingerprinting,,,,,0,0,0,0,0,0
,0.0,2.4165,0.6813,replace_class_defs|replace_callee|replace_with_regex|replace_obf_screen,0,0,0,0,0,1
,,,,,0,0,0,0,0,0
,,,,,0,0,0,1,0,0
AudioContext Fingerprinting,,,,,0,0,0,0,0,0
WebRTC Fingerprinting,0.9983160491451216,9.6624,1.4956,replace_literals_recursive|replace_class_defs|replace_while_loops|replace_function_calls_with_no_return|replace_callee|replace_with_regex|replace_obf_screen,0,0,0,0,0,1
AudioContext Fingerprinting,3.96326057447462e-05,7.8175,1.0194,replace_literals_recursive|replace_while_loops|replace_callee|replace_with_regex|replace_obf_screen,0,0,0,0,0,1
,,,,,0,0,0,1,0,0
,,,,,0,0,1,0,0,0
,0.9974326059050064,0.6962,0.4949,replace_literals_recursive|obfuscate_functions|replace_int_arrays|replace_float_arrays|replace_class_defs|replace_if_else|replace_for_loops|replace_while_loops|replace_function_calls_with_no_return|replace_canvas_api_calls|replace_callee|replace_with_regex|replace_obf_screen,0,0,0,0,0,1
Canvas Fingerprinting,,,,,0,0,1,0,0,0
,,,,,0,0,0,0,0,0
,,,,,0,0,0,1,0,0
WebRTC Fingerprinting,,,,,0,0,0,0,0,0
Canvas Fingerprinting|AudioContext Fingerprinting,0.024763128792181007,2.2814,1.075,replace_literals_recursive|obfuscate_functions|replace_class_defs|replace_canvas_api_calls|replace_callee|replace_with_regex|replace_obf_screen,0,0,0,0,0,1
,,,,,0,0,0,1,0,0
,0.260124395300622,1.1513,1.3313,obfuscate_functions|replace_class_defs|replace_while_loops|replace_canvas_api_calls|replace_callee|replace_with_regex|replace_obf_screen,0,0,0,0,0,1
AudioContext Fingerprinting,0.9977642353630676,9.2159,2.0041,obfuscate_functions|replace_while_loops|replace_function_calls_with_no_return|replace_callee|replace_with_regex|replace_obf_screen,0,0,0,0,0,1
,0.6274834437086093,0.685,0.4742,replace_literals_recursive|obfuscate_functions|replace_int_arrays|replace_float_arrays|replace_class_defs|replace_if_else|replace_for_loops|replace_while_loops|replace_function_calls_with_no_return|replace_canvas_api_calls|replace_callee|replace_with_regex|replace_obf_screen,0,0,0,0,0,1
,,,,,0,0,1,0,0,0
,,,,,0,0,0,1,0,0
AudioContext Fingerprinting,,,,,0,0,1,0,0,0
Canvas Fingerprinting,0.5019880715705766,0.8385,0.4124,replace_literals_recursive|obfuscate_functions|replace_int_arrays|replace_float_arrays|replace_class_defs|replace_for_loops|replace_while_loops|replace_function_calls_with_no_return|replace_callee|replace_with_regex|replace_obf_screen,0,0,0,0,0,1
Canvas Fingerprinting|AudioContext Fingerprinting,0.13713726357005274,2.2555,2.5073,replace_literals_recursive|obfuscate_functions|replace_class_defs|replace_while_loops|replace_canvas_api_calls|replace_callee|replace_with_regex|replace_obf_screen,0,0,0,0,0,1
Canvas Fingerprinting,0.0118137595552467,2.3002,0.4689,replace_literals_recursive|replace_class_defs|replace_if_else|replace_for_loops|replace_while_loops|replace_with_regex|replace_obf_screen,0,0,0,0,0,1
AudioContext Fingerprinting,,,,,0,0,0,0,0,0
,,,,,0,0,0,1,0,0
AudioContext Fingerprinting,,,,replace_literals_recursive|obfuscate_functions|replace_int_arrays|replace_float_arrays|replace_class_defs|replace_while_loops|replace_function_calls_with_no_return|replace_callee|replace_with_regex|replace_obf_screen,1,0,0,0,0,0
,,,,,0,0,0,1,0,0
AudioContext Fingerprinting,,,,,0,0,1,0,0,0
,,,,,0,0,0,0,0,0
,,,,,0,0,1,0,0,0
,,,,,0,0,0,1,0,0
,0.5747368421052632,0.6595,0.4291,replace_literals_recursive|obfuscate_functions|replace_int_arrays|replace_float_arrays|replace_class_defs|replace_if_else|replace_for_loops|replace_while_loops|replace_function_calls_with_no_return|replace_canvas_api_calls|replace_callee|replace_with_regex|replace_obf_screen,0,0,0,0,0,1
,0.0,2.1849,0.462,replace_literals_recursive|replace_while_loops|replace_callee|replace_with_regex|replace_obf_screen,0,0,0,0,0,1
,,,,,0,0,0,1,0,0
,0.990373816781646,0.9311,0.4014,replace_literals_recursive|obfuscate_functions|replace_int_arrays|replace_float_arrays|replace_class_defs|replace_func_defs|replace_if_else|replace_for_loops|replace_while_loops|replace_function_calls_with_no_return|replace_canvas_api_calls|replace_callee|replace_with_regex|replace_obf_screen,0,0,0,0,0,1
,,,,,0,0,0,1,0,0
,,,,,0,0,0,1,0,0
,0.17289719626168223,0.6381,0.4432,replace_literals_recursive|obfuscate_functions|replace_int_arrays|replace_float_arrays|replace_class_defs|replace_if_else|replace_for_loops|replace_while_loops|replace_function_calls_with_no_return|replace_canvas_api_calls|replace_callee|replace_with_regex|replace_obf_screen,0,0,0,0,0,1
,,,,,0,0,0,1,0,0
,,,,,0,0,0,1,0,0
,,,,,0,0,0,1,0,0
,,,,,0,0,0,0,0,0
Canvas Fingerprinting|AudioContext Fingerprinting,,,,,0,0,1,0,0,0
,,,,,0,0,0,1,0,0
Canvas Fingerprinting,,,,,0,0,0,0,0,0
Canvas Fingerprinting|AudioContext Fingerprinting,0.004130252603854903,2.059,0.4534,replace_literals_recursive|replace_class_defs|replace_for_loops|replace_while_loops|replace_callee|replace_with_regex|replace_obf_screen,0,0,0,0,0,1
,,,,,0,0,0,1,0,0
Canvas Fingerprinting|AudioContext Fingerprinting,,,,,0,0,0,0,0,0
Canvas Fingerprinting,0.0042723263506063945,1.1706,0.5172,replace_literals_recursive|replace_int_arrays|replace_float_arrays|replace_class_defs|replace_while_loops|replace_with_regex|replace_obf_screen,0,0,0,0,0,1
,,,,,0,0,1,0,0,0
AudioContext Fingerprinting,,,,,0,0,0,0,0,0
AudioContext Fingerprinting,,,,,0,0,1,0,0,0
,,,,,0,0,0,1,0,0
Canvas Fingerprinting|AudioContext Fingerprinting,,,,,0,0,0,0,0,0
,,,,,0,0,0,1,0,0
WebRTC Fingerprinting,0.00140084319984914,4.2848,0.5508,replace_literals_recursive|obfuscate_functions|replace_class_defs|replace_while_loops|replace_callee|replace_with_regex|replace_obf_screen,0,0,0,0,0,1
,0.9996522222995061,1.4656,1.6838,obfuscate_functions|replace_class_defs|replace_while_loops|replace_function_calls_with_no_return|replace_canvas_api_calls|replace_callee|replace_with_regex|replace_obf_screen,0,0,0,0,0,1
WebRTC Fingerprinting,,,,replace_literals_recursive|obfuscate_functions|replace_int_arrays|replace_float_arrays|replace_class_defs|replace_while_loops|replace_function_calls_with_no_return|replace_callee|replace_with_regex|replace_obf_screen,1,0,0,0,0,0
,,,,,0,0,0,0,0,0
,,,,,0,0,0,1,0,0
AudioContext Fingerprinting,,,,,0,0,1,0,0,0
,,,,,0,0,0,1,0,0
,,,,,0,0,0,1,0,0
Canvas Fingerprinting|AudioContext Fingerprinting,0.0013599891200870393,1.9715,0.4504,replace_literals_recursive|replace_class_defs|replace_for_loops|replace_while_loops|replace_callee|replace_with_regex|replace_obf_screen,0,0,0,0,0,1
WebRTC Fingerprinting|AudioContext Fingerprinting,0.9994248602539662,4.5116,1.0377,replace_class_defs|replace_while_loops|replace_function_calls_with_no_return|replace_with_regex|replace_obf_screen,0,0,0,0,0,1
Canvas Fingerprinting|AudioContext Fingerprinting,,,,replace_literals_recursive|replace_int_arrays|replace_float_arrays|replace_class_defs|replace_while_loops|replace_function_calls_with_no_return|replace_callee|replace_with_regex|replace_obf_screen,1,0,0,0,0,0
,,,,,0,0,0,1,0,0
,0.04843567521052308,1.1539,0.7826,replace_literals_recursive|obfuscate_functions|replace_int_arrays|replace_float_arrays|replace_class_defs|replace_while_loops|replace_function_calls_with_no_return|replace_canvas_api_calls|replace_callee|replace_with_regex|replace_obf_screen,0,0,0,0,0,1
,,,,,0,0,1,0,0,0
,,,,,0,0,0,1,0,0
,,,,,0,0,0,1,0,0
,,,,,0,0,0,1,0,0
AudioContext Fingerprinting,,,,,0,0,0,0,0,0
WebRTC Fingerprinting|AudioContext Fingerprinting,,,,,0,0,0,0,0,0
,,,,,0,0,0,1,0,0
WebRTC Fingerprinting|AudioContext Fingerprinting,,,,,0,0,0,0,0,0
,,,,,0,0,0,1,0,0
Canvas Fingerprinting,,,,,0,0,0,0,0,0
,,,,,0,0,0,1,0,0
Canvas Fingerprinting,,,,,0,0,0,0,0,0
Canvas Fingerprinting,,,,,0,0,0,0,0,0
Canvas Fingerprinting|AudioContext Fingerprinting,0.0013125082031762699,1.9705,0.4391,replace_literals_recursive|replace_class_defs|replace_for_loops|replace_while_loops|replace_callee|replace_with_regex|replace_obf_screen,0,0,0,0,0,1
AudioContext Fingerprinting,0.0003305006671982219,8.9386,1.3512,replace_class_defs|replace_while_loops|replace_callee|replace_with_regex|replace_obf_screen,0,0,0,0,0,1
,0.6632653061224489,0.6364,0.4355,replace_literals_recursive|obfuscate_functions|replace_int_arrays|replace_float_arrays|replace_class_defs|replace_func_defs|replace_if_else|replace_for_loops|replace_while_loops|replace_function_calls_with_no_return|replace_canvas_api_calls|replace_callee|replace_with_regex|replace_obf_screen,0,0,0,0,0,1
Canvas Fingerprinting,0.011868745636490576,2.3066,0.4663,replace_literals_recursive|replace_class_defs|replace_if_else|replace_for_loops|replace_while_loops|replace_with_regex|replace_obf_screen,0,0,0,0,0,1
,,,,,0,0,0,1,0,0
,,,,,0,0,0,1,0,0
,,,,,0,0,0,1,0,0
,,,,,0,0,0,1,0,0
Canvas Fingerprinting,,,,,0,0,0,0,0,0
,,,,,0,0,0,1,0,0
,,,,,0,0,0,1,0,0
AudioContext Fingerprinting,,,,,0,0,0,0,0,0
WebRTC Fingerprinting,,,,replace_literals_recursive|obfuscate_functions|replace_int_arrays|replace_float_arrays|replace_class_defs|replace_while_loops|replace_function_calls_with_no_return|replace_callee|replace_with_regex|replace_obf_screen,1,0,0,0,0,0
,,,,,0,0,1,0,0,0
,,,,,0,0,0,1,0,0
