categories,cnv_ptg,time_cnv,time_val,working_rules,abrupt_fail,time_fail,ast_fail,large_file_skip,validation_fail,success
,,,,,0,0,0,1,0,0
,,,,,0,0,0,1,0,0
Canvas Fingerprinting,0.0,2.7668,0.5124,obfuscate_functions|replace_class_defs|replace_while_loops|replace_callee|replace_with_regex|replace_obf_screen,0,0,0,0,0,1
Canvas Fingerprinting|AudioContext Fingerprinting,0.0013678954927843514,1.8966,0.4287,replace_literals_recursive|replace_class_defs|replace_for_loops|replace_while_loops|replace_callee|replace_with_regex|replace_obf_screen,0,0,0,0,0,1
,,,,,0,0,0,1,0,0
,0.02190580503833516,0.7075,0.393,replace_literals_recursive|obfuscate_functions|replace_int_arrays|replace_float_arrays|replace_class_defs|replace_func_defs|replace_if_else|replace_for_loops|replace_while_loops|replace_canvas_api_calls|replace_callee|replace_with_regex|replace_obf_screen,0,0,0,0,0,1
,,,,,0,0,0,1,0,0
,,,,,0,0,0,1,0,0
Canvas Fingerprinting|AudioContext Fingerprinting,,,,replace_literals_recursive|replace_int_arrays|replace_float_arrays|replace_class_defs|replace_while_loops|replace_function_calls_with_no_return|replace_callee|replace_with_regex|replace_obf_screen,1,0,0,0,0,0
Canvas Fingerprinting,0.03217486620671868,3.7774,0.6932,replace_literals_recursive|obfuscate_functions|replace_int_arrays|replace_float_arrays|replace_class_defs|replace_while_loops|replace_function_calls_with_no_return|replace_callee|replace_with_regex|replace_obf_screen,0,0,0,0,0,1
,,,,,0,0,0,1,0,0
,,,,,0,0,0,0,0,0
,,,,,0,0,0,1,0,0
,0.3739130434782609,0.6119,0.4405,replace_literals_recursive|obfuscate_functions|replace_int_arrays|replace_float_arrays|replace_class_defs|replace_if_else|replace_for_loops|replace_while_loops|replace_function_calls_with_no_return|replace_canvas_api_calls|replace_callee|replace_with_regex|replace_obf_screen,0,0,0,0,0,1
Canvas Fingerprinting,,,,replace_literals_recursive|replace_int_arrays|replace_float_arrays|replace_class_defs|replace_while_loops|replace_function_calls_with_no_return|replace_with_regex|replace_obf_screen,1,0,0,0,0,0
,,,,,0,0,0,1,0,0
,0.0037735849056603774,0.7632,0.3691,replace_literals_recursive|obfuscate_functions|replace_int_arrays|replace_float_arrays|replace_class_defs|replace_if_else|replace_for_loops|replace_while_loops|replace_callee|replace_with_regex|replace_obf_screen,0,0,0,0,0,1
AudioContext Fingerprinting,,,,,0,0,1,0,0,0
,,,,,0,0,0,1,0,0
AudioContext Fingerprinting,,,,,0,0,0,0,0,0
,0.0053872550828382715,2.3495,0.8091,replace_literals_recursive|obfuscate_functions|replace_class_defs|replace_while_loops|replace_function_calls_with_no_return|replace_callee|replace_with_regex|replace_obf_screen,0,0,0,0,0,1
WebRTC Fingerprinting,0.019254658385093167,0.7179,0.3897,replace_literals_recursive|obfuscate_functions|replace_int_arrays|replace_float_arrays|replace_class_defs|replace_if_else|replace_for_loops|replace_while_loops|replace_callee|replace_with_regex|replace_obf_screen,0,0,0,0,0,1
AudioContext Fingerprinting,,,,,0,0,1,0,0,0
,,,,,0,0,0,1,0,0
,,,,,0,0,0,1,0,0
AudioContext Fingerprinting,,,,,0,0,0,0,0,0
Canvas Fingerprinting,,,,replace_literals_recursive|replace_int_arrays|replace_float_arrays|replace_class_defs|replace_while_loops|replace_function_calls_with_no_return|replace_with_regex|replace_obf_screen,1,0,0,0,0,0
,,,,,0,0,0,0,0,0
,0.0,4.0192,0.6887,obfuscate_functions|replace_class_defs|replace_callee|replace_with_regex|replace_obf_screen,0,0,0,0,0,1
,,,,,0,0,0,1,0,0
,0.9765721331689272,9.2422,0.3926,replace_literals_recursive|obfuscate_functions|replace_int_arrays|replace_float_arrays|replace_class_defs|replace_func_defs|replace_if_else|replace_for_loops|replace_while_loops|replace_function_calls_with_no_return|replace_canvas_api_calls|replace_callee|replace_with_regex|replace_obf_screen,0,0,0,0,0,1
Canvas Fingerprinting,,,,replace_literals_recursive|obfuscate_functions|replace_int_arrays|replace_float_arrays|replace_class_defs|replace_for_loops|replace_while_loops|replace_function_calls_with_no_return|replace_with_regex|replace_obf_screen,1,0,0,0,0,0
WebRTC Fingerprinting|AudioContext Fingerprinting,,,,,0,0,0,0,0,0
Canvas Fingerprinting,,,,,0,0,1,0,0,0
,,,,,0,0,0,1,0,0
,,,,,0,0,0,1,0,0
AudioContext Fingerprinting,,,,,0,0,0,0,0,0
,0.9565217391304348,0.6607,0.4509,replace_literals_recursive|obfuscate_functions|replace_int_arrays|replace_float_arrays|replace_class_defs|replace_if_else|replace_for_loops|replace_while_loops|replace_function_calls_with_no_return|replace_canvas_api_calls|replace_callee|replace_with_regex|replace_obf_screen,0,0,0,0,0,1
,,,,,0,0,0,1,0,0
,0.8526841448189763,0.6878,0.4379,replace_literals_recursive|obfuscate_functions|replace_int_arrays|replace_float_arrays|replace_class_defs|replace_if_else|replace_for_loops|replace_while_loops|replace_function_calls_with_no_return|replace_canvas_api_calls|replace_callee|replace_with_regex|replace_obf_screen,0,0,0,0,0,1
AudioContext Fingerprinting,0.00023050200042807513,7.9878,1.2332,replace_class_defs|replace_while_loops|replace_with_regex|replace_obf_screen,0,0,0,0,0,1
,,,,,0,0,0,1,0,0
,,,,,0,0,0,0,0,0
WebRTC Fingerprinting,,,,,0,0,0,0,0,0
,0.9999360122856411,17.5588,0.3501,replace_func_defs,0,0,0,0,0,1
AudioContext Fingerprinting,,,,,0,0,0,0,0,0
Canvas Fingerprinting,0.0042723263506063945,1.1939,0.5213,replace_literals_recursive|replace_int_arrays|replace_float_arrays|replace_class_defs|replace_while_loops|replace_with_regex|replace_obf_screen,0,0,0,0,0,1
Canvas Fingerprinting|AudioContext Fingerprinting,,,,replace_literals_recursive|replace_int_arrays|replace_float_arrays|replace_class_defs|replace_while_loops|replace_function_calls_with_no_return|replace_callee|replace_with_regex|replace_obf_screen,1,0,0,0,0,0
,,,,,0,0,0,1,0,0
WebRTC Fingerprinting,0.9947785379906374,0.8345,0.3914,replace_literals_recursive|obfuscate_functions|replace_int_arrays|replace_float_arrays|replace_class_defs|replace_while_loops|replace_function_calls_with_no_return|replace_callee|replace_with_regex|replace_obf_screen,0,0,0,0,0,1
WebRTC Fingerprinting,,,,,0,0,0,0,0,0
WebRTC Fingerprinting,0.0016020217062659356,1.5707,0.4338,replace_literals_recursive|replace_int_arrays|replace_float_arrays|replace_while_loops|replace_with_regex|replace_obf_screen,0,0,0,0,0,1
WebRTC Fingerprinting,,,,,0,0,1,0,0,0
,,,,,0,0,0,1,0,0
,,,,,0,0,0,1,0,0
,0.005985457554977536,7.903,1.0596,replace_literals_recursive|replace_while_loops|replace_function_calls_with_no_return|replace_callee|replace_with_regex|replace_obf_screen,0,0,0,0,0,1
,0.01748971193415638,0.6731,0.3868,replace_literals_recursive|obfuscate_functions|replace_int_arrays|replace_float_arrays|replace_class_defs|replace_func_defs|replace_if_else|replace_for_loops|replace_while_loops|replace_function_calls_with_no_return|replace_canvas_api_calls|replace_callee|replace_with_regex|replace_obf_screen,0,0,0,0,0,1
Canvas Fingerprinting|AudioContext Fingerprinting,0.00047376524931896246,2.0905,0.4623,replace_literals_recursive|obfuscate_functions|replace_class_defs|replace_while_loops|replace_callee|replace_with_regex|replace_obf_screen,0,0,0,0,0,1
,,,,,0,0,0,1,0,0
WebRTC Fingerprinting,,,,,0,0,1,0,0,0
,,,,,0,0,0,1,0,0
,,,,replace_literals_recursive|obfuscate_functions|replace_int_arrays|replace_float_arrays|replace_class_defs|replace_if_else|replace_while_loops|replace_function_calls_with_no_return|replace_canvas_api_calls|replace_callee|replace_with_regex|replace_obf_screen,1,0,0,0,0,0
,,,,,0,0,0,1,0,0
WebRTC Fingerprinting|AudioContext Fingerprinting,0.9994248602539662,4.5809,1.0348,replace_class_defs|replace_while_loops|replace_function_calls_with_no_return|replace_with_regex|replace_obf_screen,0,0,0,0,0,1
,,,,,0,0,0,1,0,0
,,,,,0,0,0,1,0,0
,,,,,0,0,0,0,0,0
,,,,,0,0,0,1,0,0
AudioContext Fingerprinting,,,,,0,0,1,0,0,0
,,,,replace_literals_recursive|replace_int_arrays|replace_float_arrays|replace_class_defs|replace_while_loops|replace_function_calls_with_no_return|replace_callee|replace_with_regex|replace_obf_screen,1,0,0,0,0,0
,,,,,0,0,0,1,0,0
,,,,,0,0,0,1,0,0
Canvas Fingerprinting,,,,,0,0,0,0,0,0
Canvas Fingerprinting|AudioContext Fingerprinting,0.9702712100139083,1.2989,0.7349,replace_class_defs|replace_while_loops|replace_function_calls_with_no_return|replace_with_regex|replace_obf_screen,0,0,0,0,0,1
WebRTC Fingerprinting|AudioContext Fingerprinting,0.00012108186647697174,5.7961,0.7794,replace_while_loops|replace_function_calls_with_no_return|replace_callee|replace_with_regex|replace_obf_screen,0,0,0,0,0,1
AudioContext Fingerprinting,,,,,0,0,0,0,0,0
,,,,,0,0,0,1,0,0
,,,,,0,0,0,1,0,0
,,,,,0,0,0,1,0,0
Canvas Font Fingerprinting,0.0003728032278546145,17.054,2.2084,obfuscate_functions|replace_class_defs|replace_callee|replace_with_regex|replace_obf_screen,0,0,0,0,0,1
,,,,,0,0,0,1,0,0
AudioContext Fingerprinting,,,,,0,0,1,0,0,0
,,,,,0,0,0,1,0,0
Canvas Fingerprinting|AudioContext Fingerprinting,,,,,0,0,1,0,0,0
,,,,,0,0,0,1,0,0
WebRTC Fingerprinting,,,,replace_literals_recursive|obfuscate_functions|replace_int_arrays|replace_float_arrays|replace_class_defs|replace_while_loops|replace_function_calls_with_no_return|replace_callee|replace_with_regex|replace_obf_screen,1,0,0,0,0,0
WebRTC Fingerprinting|AudioContext Fingerprinting,,,,,0,0,0,0,0,0
,0.9686192468619247,0.7371,0.5344,obfuscate_functions|replace_int_arrays|replace_float_arrays|replace_class_defs|replace_for_loops|replace_while_loops|replace_function_calls_with_no_return|replace_canvas_api_calls|replace_callee|replace_with_regex|replace_obf_screen,0,0,0,0,0,1
AudioContext Fingerprinting,0.00021335852995972858,8.5151,1.8558,replace_class_defs|replace_while_loops|replace_with_regex|replace_obf_screen,0,0,0,0,0,1
,,,,,0,0,0,1,0,0
,,,,,0,0,0,0,0,0
Canvas Fingerprinting,,,,replace_literals_recursive|replace_int_arrays|replace_float_arrays|replace_class_defs|replace_while_loops|replace_function_calls_with_no_return|replace_with_regex|replace_obf_screen,1,0,0,0,0,0
,,,,,0,0,0,0,0,0
Canvas Font Fingerprinting,0.0003728032278546145,18.4541,2.1722,obfuscate_functions|replace_class_defs|replace_callee|replace_with_regex|replace_obf_screen,0,0,0,0,0,1
Canvas Fingerprinting,0.0011279844588807887,2.5819,0.6434,replace_literals_recursive|obfuscate_functions|replace_class_defs|replace_while_loops|replace_with_regex|replace_obf_screen,0,0,0,0,0,1
,,,,,0,0,0,1,0,0
AudioContext Fingerprinting,0.0004163498787154701,5.1328,0.7075,replace_class_defs|replace_while_loops|replace_callee|replace_with_regex|replace_obf_screen,0,0,0,0,0,1
,,,,,0,0,0,1,0,0
Canvas Fingerprinting,0.08049762166117819,0.8342,0.4035,replace_literals_recursive|obfuscate_functions|replace_class_defs|replace_for_loops|replace_while_loops|replace_with_regex,0,0,0,0,0,1
,,,,,0,0,1,0,0,0
,,,,,0,0,0,1,0,0
AudioContext Fingerprinting,0.0003305006671982219,8.965,1.3391,replace_class_defs|replace_while_loops|replace_callee|replace_with_regex|replace_obf_screen,0,0,0,0,0,1
,,,,,0,0,0,1,0,0
,,,,,0,0,0,1,0,0
,,,,,0,0,0,1,0,0
Canvas Fingerprinting,0.0057319095696703425,1.8418,0.4181,replace_literals_recursive|replace_class_defs|replace_if_else|replace_while_loops|replace_with_regex|replace_obf_screen,0,0,0,0,0,1
,,,,,0,0,0,1,0,0
Canvas Fingerprinting|AudioContext Fingerprinting,0.0004773696929916162,2.42,0.4559,replace_literals_recursive|obfuscate_functions|replace_class_defs|replace_while_loops|replace_callee|replace_with_regex|replace_obf_screen,0,0,0,0,0,1
Canvas Fingerprinting|AudioContext Fingerprinting,,,,,0,0,0,0,0,0
,,,,,0,0,0,1,0,0
,,,,,0,0,0,0,0,0
Canvas Fingerprinting|AudioContext Fingerprinting,0.0013125082031762699,1.9917,0.4588,replace_literals_recursive|replace_class_defs|replace_for_loops|replace_while_loops|replace_callee|replace_with_regex|replace_obf_screen,0,0,0,0,0,1
,,,,,0,0,1,0,0,0
,,,,,0,0,0,1,0,0
Canvas Fingerprinting|AudioContext Fingerprinting,,,,,0,0,0,0,0,0
,,,,,0,0,0,1,0,0
AudioContext Fingerprinting,,,,,0,0,0,0,0,0
Canvas Fingerprinting,,,,,0,0,0,0,0,0
WebRTC Fingerprinting|AudioContext Fingerprinting,0.00010092281297110453,19.692,1.5212,obfuscate_functions|replace_class_defs|replace_while_loops|replace_callee|replace_with_regex|replace_obf_screen,0,0,0,0,0,1
,0.2711864406779661,0.6492,0.4365,replace_literals_recursive|obfuscate_functions|replace_int_arrays|replace_float_arrays|replace_class_defs|replace_func_defs|replace_if_else|replace_for_loops|replace_while_loops|replace_function_calls_with_no_return|replace_canvas_api_calls|replace_callee|replace_with_regex|replace_obf_screen,0,0,0,0,0,1
,,,,,0,0,0,1,0,0
,,,,,0,0,0,1,0,0
AudioContext Fingerprinting,,,,,0,0,0,0,0,0
AudioContext Fingerprinting,,,,,0,0,0,0,0,0
,,,,,0,0,0,1,0,0
,,,,,0,0,0,1,0,0
,,,,,0,0,0,1,0,0
Canvas Fingerprinting|AudioContext Fingerprinting,0.00019175915050696326,2.8216,0.585,replace_literals_recursive|replace_class_defs|replace_while_loops|replace_callee|replace_with_regex|replace_obf_screen,0,0,0,0,0,1
,,,,,0,0,1,0,0,0
Canvas Fingerprinting,0.008519701810436636,0.6357,0.4487,replace_literals_recursive,0,0,0,0,1,0
,,,,,0,0,0,0,0,0
WebRTC Fingerprinting|AudioContext Fingerprinting,0.00012108186647697174,5.8434,0.8197,replace_while_loops|replace_function_calls_with_no_return|replace_callee|replace_with_regex|replace_obf_screen,0,0,0,0,0,1
,,,,,0,0,0,1,0,0
,,,,,0,0,0,1,0,0
,,,,,0,0,0,0,0,0
,,,,,0,0,0,1,0,0
,0.9886775860173683,2.1615,0.5963,replace_literals_recursive|obfuscate_functions|replace_class_defs|replace_while_loops|replace_function_calls_with_no_return|replace_callee|replace_with_regex|replace_obf_screen,0,0,0,0,0,1
WebRTC Fingerprinting|AudioContext Fingerprinting,,,,,0,0,0,0,0,0
,,,,,0,0,0,0,0,0
WebRTC Fingerprinting,0.0009961304164591395,1.9154,0.4858,replace_class_defs|replace_while_loops|replace_with_regex|replace_obf_screen,0,0,0,0,0,1
,,,,,0,0,0,1,0,0
,,,,,0,0,0,1,0,0
,,,,,0,0,0,1,0,0
,1.0,0.6328,0.4167,replace_literals_recursive|obfuscate_functions|replace_int_arrays|replace_float_arrays|replace_class_defs|replace_func_defs|replace_if_else|replace_for_loops|replace_while_loops|replace_function_calls_with_no_return|replace_canvas_api_calls|replace_callee|replace_with_regex|replace_obf_screen,0,0,0,0,0,1
,,,,,0,0,0,1,0,0
,,,,,0,0,0,1,0,0
,,,,,0,0,0,1,0,0
AudioContext Fingerprinting,,,,,0,0,0,0,0,0
,0.9989939637826962,1.1984,0.4578,replace_literals_recursive|obfuscate_functions|replace_int_arrays|replace_float_arrays|replace_class_defs|replace_for_loops|replace_while_loops|replace_function_calls_with_no_return|replace_canvas_api_calls|replace_callee|replace_with_regex|replace_obf_screen,0,0,0,0,0,1
Canvas Fingerprinting,,,,,0,0,0,0,0,0
,0.5346260387811634,0.6572,0.4263,replace_literals_recursive|obfuscate_functions|replace_int_arrays|replace_float_arrays|replace_class_defs|replace_if_else|replace_for_loops|replace_while_loops|replace_function_calls_with_no_return|replace_canvas_api_calls|replace_callee|replace_with_regex|replace_obf_screen,0,0,0,0,0,1
Canvas Fingerprinting|AudioContext Fingerprinting,,,,,0,0,1,0,0,0
,,,,,0,0,0,1,0,0
Canvas Fingerprinting,,,,,0,0,0,0,0,0
,,,,,0,0,0,1,0,0
,,,,,0,0,0,1,0,0
Canvas Fingerprinting,,,,,0,0,1,0,0,0
,,,,,0,0,0,1,0,0
Canvas Fingerprinting|AudioContext Fingerprinting,,,,,0,0,1,0,0,0
,,,,,0,0,0,1,0,0
Canvas Fingerprinting|AudioContext Fingerprinting,,,,,0,0,0,0,0,0
Canvas Fingerprinting|AudioContext Fingerprinting,,,,replace_literals_recursive|replace_int_arrays|replace_float_arrays|replace_class_defs|replace_while_loops|replace_function_calls_with_no_return|replace_callee|replace_with_regex|replace_obf_screen,1,0,0,0,0,0
,,,,,0,0,0,1,0,0
,0.02848037231889923,2.4616,0.5182,obfuscate_functions|replace_class_defs|replace_if_else|replace_while_loops|replace_callee|replace_with_regex|replace_obf_screen,0,0,0,0,0,1
Canvas Fingerprinting,,,,,0,0,0,0,0,0
,0.0009521900370852962,2.8579,0.5625,replace_literals_recursive|replace_while_loops|replace_callee|replace_with_regex|replace_obf_screen,0,0,0,0,0,1
,,,,,0,0,0,1,0,0
Canvas Fingerprinting|AudioContext Fingerprinting,0.004130252603854903,2.1069,0.4692,replace_literals_recursive|replace_class_defs|replace_for_loops|replace_while_loops|replace_callee|replace_with_regex|replace_obf_screen,0,0,0,0,0,1
,,,,,0,0,0,0,0,0
Canvas Fingerprinting,,,,,0,0,0,0,0,0
Canvas Fingerprinting,0.998942745608328,1.8111,0.9128,replace_literals_recursive|replace_while_loops|replace_function_calls_with_no_return|replace_with_regex|replace_obf_screen,0,0,0,0,0,1
Canvas Fingerprinting|WebRTC Fingerprinting|AudioContext Fingerprinting,0.00048751752016088076,2.1573,0.8353,replace_literals_recursive|replace_class_defs|replace_while_loops|replace_callee|replace_with_regex|replace_obf_screen,0,0,0,0,0,1
,,,,,0,0,0,1,0,0
Canvas Fingerprinting|AudioContext Fingerprinting,,,,,0,0,0,0,0,0
AudioContext Fingerprinting,,,,,0,0,0,0,0,0
,,,,,0,0,0,1,0,0
,,,,,0,0,0,1,0,0
,0.20652173913043478,0.652,0.4291,replace_literals_recursive|obfuscate_functions|replace_int_arrays|replace_float_arrays|replace_class_defs|replace_func_defs|replace_if_else|replace_for_loops|replace_while_loops|replace_function_calls_with_no_return|replace_canvas_api_calls|replace_callee|replace_with_regex|replace_obf_screen,0,0,0,0,0,1
AudioContext Fingerprinting,,,,,0,0,0,0,0,0
,,,,,0,0,0,1,0,0
Canvas Fingerprinting|AudioContext Fingerprinting,,,,,0,0,0,0,0,0
WebRTC Fingerprinting|AudioContext Fingerprinting,,,,,0,0,0,0,0,0
Canvas Fingerprinting,,,,,0,0,1,0,0,0
,,,,,0,0,0,1,0,0
Canvas Fingerprinting|AudioContext Fingerprinting,,,,,0,0,1,0,0,0
,0.9978213507625272,0.7121,0.4472,replace_literals_recursive|obfuscate_functions|replace_int_arrays|replace_float_arrays|replace_class_defs|replace_if_else|replace_for_loops|replace_while_loops|replace_function_calls_with_no_return|replace_canvas_api_calls|replace_callee|replace_with_regex|replace_obf_screen,0,0,0,0,0,1
WebRTC Fingerprinting,,,,replace_literals_recursive|obfuscate_functions|replace_int_arrays|replace_float_arrays|replace_for_loops|replace_while_loops|replace_callee|replace_with_regex|replace_obf_screen,1,0,0,0,0,0
,,,,,0,0,0,1,0,0
Canvas Fingerprinting,,,,,0,0,0,0,0,0
,,,,,0,0,0,1,0,0
,,,,,0,0,0,1,0,0
Canvas Fingerprinting|AudioContext Fingerprinting,,,,,0,0,1,0,0,0
WebRTC Fingerprinting,,,,,0,0,0,0,0,0
Canvas Fingerprinting|AudioContext Fingerprinting,,,,,0,0,1,0,0,0
,,,,,0,0,0,1,0,0
AudioContext Fingerprinting,,,,,0,0,0,0,0,0
WebRTC Fingerprinting|AudioContext Fingerprinting,0.00010092281297110453,19.7391,1.5291,obfuscate_functions|replace_class_defs|replace_while_loops|replace_callee|replace_with_regex|replace_obf_screen,0,0,0,0,0,1
Canvas Fingerprinting,0.008519701810436636,0.6313,0.4407,replace_literals_recursive,0,0,0,0,1,0
Canvas Fingerprinting,,,,,0,0,0,0,0,0
,,,,,0,0,0,1,0,0
,,,,,0,0,0,0,0,0
,,,,,0,0,0,1,0,0
,0.2711864406779661,0.6187,0.4133,replace_literals_recursive|obfuscate_functions|replace_int_arrays|replace_float_arrays|replace_class_defs|replace_func_defs|replace_if_else|replace_for_loops|replace_while_loops|replace_function_calls_with_no_return|replace_canvas_api_calls|replace_callee|replace_with_regex|replace_obf_screen,0,0,0,0,0,1
,,,,,0,0,0,1,0,0
,0.0,4.3577,0.6706,obfuscate_functions|replace_class_defs|replace_callee|replace_with_regex|replace_obf_screen,0,0,0,0,0,1
AudioContext Fingerprinting,,,,,0,0,1,0,0,0
,0.17289719626168223,0.6725,0.4497,replace_literals_recursive|obfuscate_functions|replace_int_arrays|replace_float_arrays|replace_class_defs|replace_if_else|replace_for_loops|replace_while_loops|replace_function_calls_with_no_return|replace_canvas_api_calls|replace_callee|replace_with_regex|replace_obf_screen,0,0,0,0,0,1
,,,,,0,0,0,1,0,0
,,,,,0,0,0,1,0,0
,,,,,0,0,0,1,0,0
AudioContext Fingerprinting,0.9998505857915877,12.8616,3.6138,replace_literals_recursive|replace_while_loops|replace_function_calls_with_no_return|replace_callee|replace_with_regex|replace_obf_screen,0,0,0,0,0,1
,,,,,0,0,0,1,0,0
AudioContext Fingerprinting,0.0008411378726221305,8.474,0.9068,replace_literals_recursive|replace_class_defs|replace_while_loops|replace_function_calls_with_no_return|replace_callee|replace_with_regex|replace_obf_screen,0,0,0,0,0,1
Canvas Fingerprinting|AudioContext Fingerprinting,0.0013599891200870393,1.9255,0.4484,replace_literals_recursive|replace_class_defs|replace_for_loops|replace_while_loops|replace_callee|replace_with_regex|replace_obf_screen,0,0,0,0,0,1
,,,,,0,0,0,1,0,0
,,,,,0,0,0,0,0,0
WebRTC Fingerprinting|AudioContext Fingerprinting,0.00011863451671263754,5.8915,0.7873,replace_while_loops|replace_function_calls_with_no_return|replace_callee|replace_with_regex|replace_obf_screen,0,0,0,0,0,1
,0.33702737940026073,0.7505,0.543,replace_literals_recursive|obfuscate_functions|replace_int_arrays|replace_float_arrays|replace_class_defs|replace_if_else|replace_for_loops|replace_while_loops|replace_canvas_api_calls|replace_callee|replace_with_regex|replace_obf_screen,0,0,0,0,0,1
Canvas Font Fingerprinting,,,,,0,0,0,0,0,0
,,,,,0,0,0,1,0,0
AudioContext Fingerprinting,0.0021253339810541655,1.4909,0.4294,obfuscate_functions|replace_class_defs|replace_while_loops|replace_with_regex|replace_obf_screen,0,0,0,0,0,1
,0.3448275862068966,0.6721,0.4787,replace_literals_recursive|obfuscate_functions|replace_int_arrays|replace_float_arrays|replace_class_defs|replace_func_defs|replace_if_else|replace_for_loops|replace_while_loops|replace_function_calls_with_no_return|replace_canvas_api_calls|replace_callee|replace_with_regex|replace_obf_screen,0,0,0,0,0,1
,,,,,0,0,0,1,0,0
,0.9990866500472793,2.3261,0.8394,replace_class_defs|replace_function_calls_with_no_return|replace_callee|replace_with_regex|replace_obf_screen,0,0,0,0,0,1
AudioContext Fingerprinting,,,,,0,0,1,0,0,0
,,,,,0,0,0,0,0,0
,0.25862068965517243,0.6152,0.4134,replace_literals_recursive|obfuscate_functions|replace_int_arrays|replace_float_arrays|replace_class_defs|replace_func_defs|replace_if_else|replace_for_loops|replace_while_loops|replace_function_calls_with_no_return|replace_canvas_api_calls|replace_callee|replace_with_regex|replace_obf_screen,0,0,0,0,0,1
Canvas Fingerprinting|AudioContext Fingerprinting,,,,,0,0,0,0,0,0
,,,,,0,0,0,0,0,0
AudioContext Fingerprinting,0.36361554229698934,3.0777,0.5136,replace_literals_recursive|obfuscate_functions|replace_class_defs|replace_while_loops|replace_function_calls_with_no_return|replace_callee|replace_with_regex|replace_obf_screen,0,0,0,0,0,1
,,,,,0,0,0,1,0,0
WebRTC Fingerprinting|AudioContext Fingerprinting,0.00011872078355717147,5.8805,0.7952,replace_while_loops|replace_function_calls_with_no_return|replace_callee|replace_with_regex|replace_obf_screen,0,0,0,0,0,1
,,,,,0,0,0,1,0,0
WebRTC Fingerprinting|AudioContext Fingerprinting,,,,,0,0,0,0,0,0
Canvas Fingerprinting|AudioContext Fingerprinting,0.0013125082031762699,1.9954,0.4524,replace_literals_recursive|replace_class_defs|replace_for_loops|replace_while_loops|replace_callee|replace_with_regex|replace_obf_screen,0,0,0,0,0,1
Canvas Fingerprinting,0.008001499109903495,1.8853,0.5128,replace_literals_recursive|replace_class_defs|replace_while_loops|replace_with_regex|replace_obf_screen,0,0,0,0,0,1
,0.2955665024630542,0.6641,0.4343,replace_literals_recursive|obfuscate_functions|replace_int_arrays|replace_float_arrays|replace_class_defs|replace_if_else|replace_for_loops|replace_while_loops|replace_function_calls_with_no_return|replace_canvas_api_calls|replace_callee|replace_with_regex|replace_obf_screen,0,0,0,0,0,1
,,,,,0,0,0,1,0,0
Canvas Fingerprinting|AudioContext Fingerprinting,,,,,0,0,0,0,0,0
,0.30207841284837034,0.9157,0.8036,replace_literals_recursive|obfuscate_functions|replace_int_arrays|replace_float_arrays|replace_class_defs|replace_for_loops|replace_while_loops|replace_canvas_api_calls|replace_callee|replace_with_regex|replace_obf_screen,0,0,0,0,0,1
,,,,,0,0,0,1,0,0
WebRTC Fingerprinting|AudioContext Fingerprinting,0.9994248602539662,4.5434,1.0371,replace_class_defs|replace_while_loops|replace_function_calls_with_no_return|replace_with_regex|replace_obf_screen,0,0,0,0,0,1
,,,,,0,0,0,1,0,0
Canvas Fingerprinting|AudioContext Fingerprinting,0.0013878768953193852,1.8971,0.4478,replace_literals_recursive|replace_class_defs|replace_for_loops|replace_while_loops|replace_callee|replace_with_regex|replace_obf_screen,0,0,0,0,0,1
WebRTC Fingerprinting|AudioContext Fingerprinting,,,,,0,0,0,0,0,0
,,,,,0,0,0,1,0,0
Canvas Fingerprinting,,,,,0,0,0,0,0,0
,,,,,0,0,0,1,0,0
,,,,,0,0,0,1,0,0
WebRTC Fingerprinting,0.0019826228934631757,1.887,0.5252,obfuscate_functions|replace_class_defs|replace_while_loops|replace_with_regex|replace_obf_screen,0,0,0,0,0,1
,,,,,0,0,0,1,0,0
WebRTC Fingerprinting|AudioContext Fingerprinting,0.9995525783460523,4.6525,1.041,replace_class_defs|replace_while_loops|replace_function_calls_with_no_return|replace_with_regex|replace_obf_screen,0,0,0,0,0,1
Canvas Fingerprinting,,,,replace_literals_recursive|replace_int_arrays|replace_float_arrays|replace_class_defs|replace_callee|replace_with_regex|replace_obf_screen,1,0,0,0,0,0
AudioContext Fingerprinting,,,,,0,0,0,0,0,0
AudioContext Fingerprinting,0.0003305006671982219,8.8912,1.9151,replace_class_defs|replace_while_loops|replace_callee|replace_with_regex|replace_obf_screen,0,0,0,0,0,1
,,,,,0,0,0,1,0,0
Canvas Fingerprinting|AudioContext Fingerprinting,,,,,0,0,1,0,0,0
WebRTC Fingerprinting,,,,,0,0,0,0,0,0
,,,,,0,0,0,1,0,0
WebRTC Fingerprinting|AudioContext Fingerprinting,,,,,0,0,0,0,0,0
AudioContext Fingerprinting,0.0001233616037008481,6.2923,0.9744,replace_literals_recursive|replace_class_defs|replace_while_loops|replace_callee|replace_with_regex|replace_obf_screen,0,0,0,0,0,1
Canvas Fingerprinting,,,,,0,0,1,0,0,0
,,,,,0,0,1,0,0,0
,,,,,0,0,0,1,0,0
,,,,,0,0,0,1,0,0
Canvas Fingerprinting|AudioContext Fingerprinting,,,,,0,0,0,0,0,0
,,,,,0,0,0,1,0,0
Canvas Fingerprinting|AudioContext Fingerprinting,0.0004773696929916162,2.0899,0.475,replace_literals_recursive|obfuscate_functions|replace_class_defs|replace_while_loops|replace_callee|replace_with_regex|replace_obf_screen,0,0,0,0,0,1
Canvas Fingerprinting|AudioContext Fingerprinting,0.0013125082031762699,1.9611,0.4596,replace_literals_recursive|replace_class_defs|replace_for_loops|replace_while_loops|replace_callee|replace_with_regex|replace_obf_screen,0,0,0,0,0,1
,,,,,0,0,0,1,0,0
Canvas Fingerprinting,0.007989073491992217,1.9282,0.5377,replace_literals_recursive|replace_class_defs|replace_while_loops|replace_with_regex|replace_obf_screen,0,0,0,0,0,1
,0.29927007299270075,0.6761,0.4518,replace_literals_recursive|obfuscate_functions|replace_int_arrays|replace_float_arrays|replace_class_defs|replace_func_defs|replace_if_else|replace_for_loops|replace_while_loops|replace_function_calls_with_no_return|replace_canvas_api_calls|replace_callee|replace_with_regex|replace_obf_screen,0,0,0,0,0,1
AudioContext Fingerprinting,0.0010285684898043148,1.6755,0.4625,replace_literals_recursive|replace_class_defs|replace_while_loops|replace_callee|replace_with_regex|replace_obf_screen,0,0,0,0,0,1
Canvas Fingerprinting,0.0042723263506063945,1.1837,0.5238,replace_literals_recursive|replace_int_arrays|replace_float_arrays|replace_class_defs|replace_while_loops|replace_with_regex|replace_obf_screen,0,0,0,0,0,1
Canvas Fingerprinting|AudioContext Fingerprinting,0.9979505300353357,2.6128,0.602,replace_literals_recursive|obfuscate_functions|replace_class_defs|replace_while_loops|replace_function_calls_with_no_return|replace_callee|replace_with_regex|replace_obf_screen,0,0,0,0,0,1
WebRTC Fingerprinting|AudioContext Fingerprinting,,,,,0,0,1,0,0,0
,,,,,0,0,0,1,0,0
,,,,,0,0,0,1,0,0
Canvas Fingerprinting,,,,,0,0,0,0,0,0
WebRTC Fingerprinting|AudioContext Fingerprinting,0.9994248602539662,4.5517,1.0379,replace_class_defs|replace_while_loops|replace_function_calls_with_no_return|replace_with_regex|replace_obf_screen,0,0,0,0,0,1
,,,,,0,0,0,1,0,0
Canvas Fingerprinting,0.011852884782987624,2.328,0.471,replace_literals_recursive|replace_class_defs|replace_if_else|replace_for_loops|replace_while_loops|replace_with_regex|replace_obf_screen,0,0,0,0,0,1
Canvas Fingerprinting|AudioContext Fingerprinting,0.1331745740978201,2.3358,2.4963,replace_literals_recursive|obfuscate_functions|replace_class_defs|replace_while_loops|replace_canvas_api_calls|replace_callee|replace_with_regex|replace_obf_screen,0,0,0,0,0,1
AudioContext Fingerprinting,,,,,0,0,1,0,0,0
AudioContext Fingerprinting,,,,,0,0,0,0,0,0
Canvas Fingerprinting|AudioContext Fingerprinting,0.0004773696929916162,2.1076,0.4731,replace_literals_recursive|obfuscate_functions|replace_class_defs|replace_while_loops|replace_callee|replace_with_regex|replace_obf_screen,0,0,0,0,0,1
WebRTC Fingerprinting|AudioContext Fingerprinting,0.9995525783460523,4.6398,1.0528,replace_class_defs|replace_while_loops|replace_function_calls_with_no_return|replace_with_regex|replace_obf_screen,0,0,0,0,0,1
,,,,,0,0,0,1,0,0
,,,,,0,0,0,1,0,0
,0.6762481089258698,0.7126,0.4763,replace_literals_recursive|obfuscate_functions|replace_int_arrays|replace_float_arrays|replace_class_defs|replace_if_else|replace_for_loops|replace_while_loops|replace_function_calls_with_no_return|replace_canvas_api_calls|replace_callee|replace_with_regex|replace_obf_screen,0,0,0,0,0,1
,,,,,0,0,0,1,0,0
,,,,,0,0,0,1,0,0
,,,,,0,0,0,1,0,0
AudioContext Fingerprinting,0.00025405330500254055,5.9196,1.5417,replace_class_defs|replace_while_loops|replace_with_regex|replace_obf_screen,0,0,0,0,0,1
AudioContext Fingerprinting,6.110463903762851e-05,19.0704,3.3379,replace_while_loops|replace_function_calls_with_no_return|replace_with_regex|replace_obf_screen,0,0,0,0,0,1
Canvas Fingerprinting,,,,,0,0,0,0,0,0
Canvas Fingerprinting|AudioContext Fingerprinting,0.005465538089480048,1.3605,0.5188,replace_literals_recursive|obfuscate_functions|replace_int_arrays|replace_float_arrays|replace_class_defs|replace_while_loops|replace_function_calls_with_no_return|replace_callee|replace_with_regex|replace_obf_screen,0,0,0,0,0,1
AudioContext Fingerprinting,,,,,0,0,1,0,0,0
Canvas Fingerprinting,,,,,0,0,0,0,0,0
AudioContext Fingerprinting,0.000256857811688198,5.9336,1.0267,replace_class_defs|replace_while_loops|replace_with_regex|replace_obf_screen,0,0,0,0,0,1
,,,,,0,0,1,0,0,0
AudioContext Fingerprinting,,,,,0,0,0,0,0,0
,,,,,0,0,0,1,0,0
,0.39939024390243905,0.6962,0.4414,replace_literals_recursive|obfuscate_functions|replace_int_arrays|replace_float_arrays|replace_class_defs|replace_func_defs|replace_if_else|replace_for_loops|replace_while_loops|replace_function_calls_with_no_return|replace_canvas_api_calls|replace_callee|replace_with_regex|replace_obf_screen,0,0,0,0,0,1
,,,,,0,0,1,0,0,0
,,,,,0,0,0,1,0,0
,,,,,0,0,0,1,0,0
AudioContext Fingerprinting,0.3633759239099295,3.5609,0.5239,replace_literals_recursive|obfuscate_functions|replace_class_defs|replace_while_loops|replace_function_calls_with_no_return|replace_callee|replace_with_regex|replace_obf_screen,0,0,0,0,0,1
Canvas Fingerprinting|AudioContext Fingerprinting,0.004130252603854903,2.0764,0.4846,replace_literals_recursive|replace_class_defs|replace_for_loops|replace_while_loops|replace_callee|replace_with_regex|replace_obf_screen,0,0,0,0,0,1
WebRTC Fingerprinting|AudioContext Fingerprinting,,,,,0,0,0,0,0,0
,,,,,0,0,0,1,0,0
WebRTC Fingerprinting|AudioContext Fingerprinting,,,,,0,0,0,0,0,0
,,,,,0,0,0,1,0,0
,,,,,0,0,0,1,0,0
Canvas Fingerprinting|AudioContext Fingerprinting,,,,replace_literals_recursive|replace_int_arrays|replace_float_arrays|replace_class_defs|replace_while_loops|replace_function_calls_with_no_return|replace_callee|replace_with_regex|replace_obf_screen,1,0,0,0,0,0
,,,,,0,0,0,1,0,0
WebRTC Fingerprinting|AudioContext Fingerprinting,,,,,0,0,0,0,0,0
,,,,,0,0,0,1,0,0
,,,,,0,0,0,1,0,0
,,,,,0,0,0,0,0,0
,,,,,0,0,0,1,0,0
Canvas Fingerprinting|AudioContext Fingerprinting,,,,,0,0,0,0,0,0
WebRTC Fingerprinting,0.054087883607233316,10.6837,1.7047,replace_literals_recursive|obfuscate_functions|replace_class_defs|replace_while_loops|replace_function_calls_with_no_return|replace_callee|replace_with_regex|replace_obf_screen,0,0,0,0,0,1
WebRTC Fingerprinting,,,,,0,0,0,0,0,0
,,,,,0,0,0,0,0,0
,,,,,0,0,0,1,0,0
,,,,,0,0,0,1,0,0
WebRTC Fingerprinting,,,,,0,0,0,0,0,0
,,,,,0,0,0,1,0,0
,,,,,0,0,0,1,0,0
Canvas Fingerprinting,,,,,0,0,0,0,0,0
AudioContext Fingerprinting,0.0003305006671982219,8.8653,1.3533,replace_class_defs|replace_while_loops|replace_callee|replace_with_regex|replace_obf_screen,0,0,0,0,0,1
AudioContext Fingerprinting,0.36361554229698934,3.0587,0.5282,replace_literals_recursive|obfuscate_functions|replace_class_defs|replace_while_loops|replace_function_calls_with_no_return|replace_callee|replace_with_regex|replace_obf_screen,0,0,0,0,0,1
,,,,,0,0,0,1,0,0
Canvas Fingerprinting,,,,replace_literals_recursive|obfuscate_functions|replace_int_arrays|replace_float_arrays|replace_class_defs|replace_for_loops|replace_while_loops|replace_function_calls_with_no_return|replace_with_regex|replace_obf_screen,1,0,0,0,0,0
WebRTC Fingerprinting|AudioContext Fingerprinting,0.00011872078355717147,5.8775,0.8277,replace_while_loops|replace_function_calls_with_no_return|replace_callee|replace_with_regex|replace_obf_screen,0,0,0,0,0,1
,,,,,0,0,0,1,0,0
,0.0,0.6868,0.3892,replace_literals_recursive|obfuscate_functions|replace_class_defs|replace_func_defs|replace_if_else|replace_for_loops|replace_while_loops|replace_function_calls_with_no_return|replace_canvas_api_calls|replace_callee|replace_with_regex|replace_obf_screen,0,0,0,0,0,1
Canvas Font Fingerprinting,0.0,22.1965,1.5982,obfuscate_functions|replace_class_defs|replace_while_loops|replace_callee|replace_with_regex|replace_obf_screen,0,0,0,0,0,1
Canvas Fingerprinting|AudioContext Fingerprinting,0.9702712100139083,1.218,0.7127,replace_class_defs|replace_while_loops|replace_function_calls_with_no_return|replace_with_regex|replace_obf_screen,0,0,0,0,0,1
,,,,,0,0,0,1,0,0
,,,,,0,0,0,1,0,0
Canvas Fingerprinting,,,,replace_literals_recursive|obfuscate_functions|replace_int_arrays|replace_float_arrays|replace_class_defs|replace_for_loops|replace_while_loops|replace_function_calls_with_no_return|replace_with_regex|replace_obf_screen,1,0,0,0,0,0
AudioContext Fingerprinting,,,,,0,0,0,0,0,0
,,,,,0,0,0,1,0,0
AudioContext Fingerprinting,,,,,0,0,0,0,0,0
Canvas Fingerprinting|AudioContext Fingerprinting,,,,replace_literals_recursive|obfuscate_functions|replace_int_arrays|replace_float_arrays|replace_class_defs|replace_callee|replace_with_regex|replace_obf_screen,1,0,0,0,0,0
Canvas Fingerprinting,,,,,0,0,1,0,0,0
,,,,,0,0,0,1,0,0
,0.0081732613378183,1.9941,0.5049,replace_literals_recursive|replace_class_defs|replace_while_loops|replace_function_calls_with_no_return|replace_callee|replace_with_regex|replace_obf_screen,0,0,0,0,0,1
WebRTC Fingerprinting|AudioContext Fingerprinting,,,,,0,0,0,0,0,0
,,,,,0,0,0,1,0,0
AudioContext Fingerprinting,,,,,0,0,1,0,0,0
,,,,,0,0,0,1,0,0
,,,,,0,0,0,1,0,0
,,,,,0,0,0,1,0,0
,0.11011713969345532,7.1512,1.1608,replace_literals_recursive|replace_class_defs|replace_while_loops|replace_callee|replace_with_regex|replace_obf_screen,0,0,0,0,0,1
,,,,,0,0,0,0,0,0
,,,,,0,0,0,1,0,0
,,,,,0,0,0,0,0,0
,,,,,0,0,0,1,0,0
,,,,,0,0,0,1,0,0
,,,,,0,0,0,0,0,0
,,,,,0,0,0,1,0,0
,0.0,4.0875,0.6798,obfuscate_functions|replace_class_defs|replace_callee|replace_with_regex|replace_obf_screen,0,0,0,0,0,1
,,,,,0,0,0,1,0,0
,0.248068669527897,0.8596,0.6362,replace_literals_recursive|obfuscate_functions|replace_class_defs|replace_if_else|replace_while_loops|replace_canvas_api_calls|replace_callee|replace_with_regex|replace_obf_screen,0,0,0,0,0,1
AudioContext Fingerprinting,,,,,0,0,1,0,0,0
AudioContext Fingerprinting,,,,,0,0,0,0,0,0
WebRTC Fingerprinting|AudioContext Fingerprinting,0.00010092281297110453,20.2249,1.5257,obfuscate_functions|replace_class_defs|replace_while_loops|replace_callee|replace_with_regex|replace_obf_screen,0,0,0,0,0,1
WebRTC Fingerprinting|AudioContext Fingerprinting,0.9995525783460523,4.6147,1.0494,replace_class_defs|replace_while_loops|replace_function_calls_with_no_return|replace_with_regex|replace_obf_screen,0,0,0,0,0,1
,,,,,0,0,0,1,0,0
,,,,,0,0,0,1,0,0
WebRTC Fingerprinting,,,,,0,0,0,0,0,0
,,,,,0,0,0,0,0,0
,,,,,0,0,0,1,0,0
,,,,,0,0,0,1,0,0
,0.0002278408911110408,6.9383,0.7769,obfuscate_functions|replace_class_defs|replace_while_loops|replace_with_regex|replace_obf_screen,0,0,0,0,0,1
,,,,replace_literals_recursive|obfuscate_functions|replace_int_arrays|replace_float_arrays|replace_class_defs|replace_if_else|replace_for_loops|replace_while_loops|replace_function_calls_with_no_return|replace_callee|replace_with_regex|replace_obf_screen,1,0,0,0,0,0
,0.0,0.6406,0.404,replace_literals_recursive|obfuscate_functions|replace_int_arrays|replace_float_arrays|replace_class_defs|replace_func_defs|replace_if_else|replace_for_loops|replace_while_loops|replace_function_calls_with_no_return|replace_canvas_api_calls|replace_callee|replace_with_regex|replace_obf_screen,0,0,0,0,0,1
,,,,,0,0,0,0,0,0
,0.02672003290566515,2.2314,0.4998,obfuscate_functions|replace_class_defs|replace_if_else|replace_while_loops|replace_callee|replace_with_regex|replace_obf_screen,0,0,0,0,0,1
,,,,,0,0,0,1,0,0
,,,,,0,0,0,0,0,0
,,,,,0,0,0,1,0,0
AudioContext Fingerprinting,,,,,0,0,0,0,0,0
,,,,,0,0,0,1,0,0
WebRTC Fingerprinting,0.0019529049461073347,1.4343,0.4447,replace_class_defs|replace_while_loops|replace_function_calls_with_no_return|replace_with_regex|replace_obf_screen,0,0,0,0,0,1
,0.18323646375038238,0.7671,0.4646,replace_literals_recursive|obfuscate_functions|replace_int_arrays|replace_float_arrays|replace_class_defs|replace_for_loops|replace_while_loops|replace_function_calls_with_no_return|replace_canvas_api_calls|replace_callee|replace_with_regex|replace_obf_screen,0,0,0,0,0,1
,,,,,0,0,0,1,0,0
Canvas Fingerprinting,0.011990830541350733,1.8632,0.4792,replace_literals_recursive|replace_class_defs|replace_if_else|replace_while_loops|replace_with_regex|replace_obf_screen,0,0,0,0,0,1
Canvas Fingerprinting,,,,replace_literals_recursive|replace_int_arrays|replace_float_arrays|replace_class_defs|replace_while_loops|replace_function_calls_with_no_return|replace_with_regex|replace_obf_screen,1,0,0,0,0,0
AudioContext Fingerprinting,,,,,0,0,0,0,0,0
,,,,,0,0,0,1,0,0
Canvas Fingerprinting,0.04554170661553212,0.709,0.4341,replace_literals_recursive|obfuscate_functions|replace_int_arrays|replace_float_arrays|replace_class_defs|replace_canvas_api_calls|replace_callee|replace_with_regex|replace_obf_screen,0,0,0,0,0,1
,,,,,0,0,0,1,0,0
,,,,,0,0,0,0,0,0
,,,,,0,0,0,1,0,0
Canvas Fingerprinting|AudioContext Fingerprinting,,,,replace_literals_recursive|replace_int_arrays|replace_float_arrays|replace_class_defs|replace_while_loops|replace_function_calls_with_no_return|replace_callee|replace_with_regex|replace_obf_screen,1,0,0,0,0,0
Canvas Fingerprinting|AudioContext Fingerprinting,,,,,0,0,1,0,0,0
,,,,,0,0,1,0,0,0
Canvas Font Fingerprinting,0.0,25.6286,1.9451,obfuscate_functions|replace_class_defs|replace_while_loops|replace_callee|replace_with_regex|replace_obf_screen,0,0,0,0,0,1
,0.9846029173419774,4.3878,0.392,replace_literals_recursive|obfuscate_functions|replace_int_arrays|replace_float_arrays|replace_class_defs|replace_func_defs|replace_if_else|replace_for_loops|replace_while_loops|replace_function_calls_with_no_return|replace_canvas_api_calls|replace_callee|replace_with_regex|replace_obf_screen,0,0,0,0,0,1
,,,,,0,0,0,1,0,0
AudioContext Fingerprinting,,,,,0,0,0,0,0,0
,,,,,0,0,0,0,0,0
,,,,,0,0,0,1,0,0
,,,,,0,0,0,0,0,0
,0.17289719626168223,0.647,0.4361,replace_literals_recursive|obfuscate_functions|replace_int_arrays|replace_float_arrays|replace_class_defs|replace_if_else|replace_for_loops|replace_while_loops|replace_function_calls_with_no_return|replace_canvas_api_calls|replace_callee|replace_with_regex|replace_obf_screen,0,0,0,0,0,1
,,,,,0,0,0,1,0,0
,,,,,0,0,0,1,0,0
Canvas Fingerprinting|AudioContext Fingerprinting,0.0013090290277186897,1.9641,0.4443,replace_literals_recursive|replace_class_defs|replace_for_loops|replace_while_loops|replace_callee|replace_with_regex|replace_obf_screen,0,0,0,0,0,1
Canvas Fingerprinting|AudioContext Fingerprinting,0.00047376524931896246,2.3673,0.4545,replace_literals_recursive|obfuscate_functions|replace_class_defs|replace_while_loops|replace_callee|replace_with_regex|replace_obf_screen,0,0,0,0,0,1
Canvas Font Fingerprinting,0.0,28.0189,1.8915,obfuscate_functions|replace_class_defs|replace_while_loops|replace_callee|replace_with_regex|replace_obf_screen,0,0,0,0,0,1
,0.1111111111111111,0.6362,0.3751,replace_literals_recursive|obfuscate_functions|replace_int_arrays|replace_float_arrays|replace_class_defs|replace_func_defs|replace_if_else|replace_for_loops|replace_while_loops|replace_function_calls_with_no_return|replace_canvas_api_calls|replace_callee|replace_with_regex|replace_obf_screen,0,0,0,0,0,1
Canvas Fingerprinting|AudioContext Fingerprinting,0.0012921983524471006,1.8655,0.4207,replace_literals_recursive|replace_class_defs|replace_for_loops|replace_while_loops|replace_callee|replace_with_regex|replace_obf_screen,0,0,0,0,0,1
,,,,,0,0,0,1,0,0
Canvas Fingerprinting|AudioContext Fingerprinting,,,,,0,0,0,0,0,0
,,,,,0,0,0,1,0,0
,,,,,0,0,0,0,0,0
,,,,,0,0,0,1,0,0
,,,,,0,0,0,1,0,0
Canvas Fingerprinting|AudioContext Fingerprinting,0.024763128792181007,1.9338,1.2057,replace_literals_recursive|obfuscate_functions|replace_class_defs|replace_canvas_api_calls|replace_callee|replace_with_regex|replace_obf_screen,0,0,0,0,0,1
WebRTC Fingerprinting,,,,,0,0,0,0,0,0
,,,,,0,0,0,1,0,0
,,,,,0,0,0,1,0,0
,,,,,0,0,0,1,0,0
AudioContext Fingerprinting,0.00041577410811934523,5.1159,0.9582,replace_class_defs|replace_while_loops|replace_callee|replace_with_regex|replace_obf_screen,0,0,0,0,0,1
,,,,,0,0,0,1,0,0
AudioContext Fingerprinting,,,,,0,0,0,0,0,0
WebRTC Fingerprinting,,,,replace_literals_recursive|obfuscate_functions|replace_int_arrays|replace_float_arrays|replace_class_defs|replace_while_loops|replace_function_calls_with_no_return|replace_callee|replace_with_regex|replace_obf_screen,1,0,0,0,0,0
,,,,,0,0,0,1,0,0
,,,,,0,0,0,1,0,0
,,,,,0,0,0,1,0,0
,,,,,0,0,0,0,0,0
,0.008995569014272673,0.9039,0.4692,replace_literals_recursive|obfuscate_functions|replace_int_arrays|replace_float_arrays|replace_class_defs|replace_if_else|replace_while_loops|replace_canvas_api_calls|replace_callee|replace_with_regex|replace_obf_screen,0,0,0,0,0,1
,,,,,0,0,0,1,0,0
,,,,,0,0,0,1,0,0
,,,,,0,0,0,0,0,0
AudioContext Fingerprinting,,,,,0,0,0,0,0,0
,,,,,0,0,0,1,0,0
,,,,,0,0,0,1,0,0
Canvas Fingerprinting|AudioContext Fingerprinting,0.0008803979398688207,1.9302,0.4704,replace_literals_recursive|replace_class_defs|replace_while_loops|replace_function_calls_with_no_return|replace_callee|replace_with_regex|replace_obf_screen,0,0,0,0,0,1
AudioContext Fingerprinting,,,,,0,0,1,0,0,0
WebRTC Fingerprinting,,,,,0,0,1,0,0,0
,,,,,0,0,0,1,0,0
WebRTC Fingerprinting|AudioContext Fingerprinting,0.9994248602539662,4.5117,1.2438,replace_class_defs|replace_while_loops|replace_function_calls_with_no_return|replace_with_regex|replace_obf_screen,0,0,0,0,0,1
,,,,,0,0,0,1,0,0
,,,,,0,0,0,0,0,0
WebRTC Fingerprinting|AudioContext Fingerprinting,0.9994248602539662,4.5401,1.3059,replace_class_defs|replace_while_loops|replace_function_calls_with_no_return|replace_with_regex|replace_obf_screen,0,0,0,0,0,1
,,,,,0,0,0,0,0,0
Canvas Fingerprinting|AudioContext Fingerprinting,0.13713726357005274,2.4525,2.1166,replace_literals_recursive|obfuscate_functions|replace_class_defs|replace_while_loops|replace_canvas_api_calls|replace_callee|replace_with_regex|replace_obf_screen,0,0,0,0,0,1
AudioContext Fingerprinting,,,,,0,0,1,0,0,0
,0.18446601941747573,0.6436,0.4166,replace_literals_recursive|obfuscate_functions|replace_int_arrays|replace_float_arrays|replace_class_defs|replace_func_defs|replace_for_loops|replace_while_loops|replace_canvas_api_calls|replace_callee|replace_with_regex|replace_obf_screen,0,0,0,0,0,1
,,,,,0,0,0,1,0,0
AudioContext Fingerprinting,0.31197380729653884,0.7752,0.5678,replace_literals_recursive|obfuscate_functions|replace_int_arrays|replace_float_arrays|replace_class_defs|replace_if_else|replace_while_loops|replace_function_calls_with_no_return|replace_canvas_api_calls|replace_callee|replace_with_regex|replace_obf_screen,0,0,0,0,0,1
,,,,,0,0,0,1,0,0
,,,,,0,0,0,1,0,0
WebRTC Fingerprinting,,,,,0,0,0,0,0,0
,4.640667327961761e-05,4.075,0.6479,replace_class_defs|replace_while_loops|replace_function_calls_with_no_return|replace_callee|replace_with_regex|replace_obf_screen,0,0,0,0,0,1
Canvas Fingerprinting|AudioContext Fingerprinting,,,,,0,0,0,0,0,0
,,,,,0,0,0,1,0,0
Canvas Fingerprinting|AudioContext Fingerprinting,,,,,0,0,1,0,0,0
WebRTC Fingerprinting|AudioContext Fingerprinting,0.9994248602539662,4.4777,1.2714,replace_class_defs|replace_while_loops|replace_function_calls_with_no_return|replace_with_regex|replace_obf_screen,0,0,0,0,0,1
,,,,,0,0,0,1,0,0
,,,,,0,0,0,1,0,0
,,,,,0,0,0,1,0,0
,,,,,0,0,0,1,0,0
WebRTC Fingerprinting,,,,,0,0,1,0,0,0
,,,,,0,0,0,1,0,0
,,,,,0,0,0,1,0,0
,,,,,0,0,0,1,0,0
,,,,,0,0,0,1,0,0
,,,,,0,0,1,0,0,0
,,,,,0,0,0,1,0,0
Canvas Fingerprinting|AudioContext Fingerprinting,,,,,0,0,1,0,0,0
WebRTC Fingerprinting,,,,,0,0,0,0,0,0
Canvas Fingerprinting|AudioContext Fingerprinting,0.033840293687377516,2.3851,0.5629,replace_literals_recursive|obfuscate_functions|replace_class_defs|replace_while_loops|replace_function_calls_with_no_return|replace_callee|replace_with_regex|replace_obf_screen,0,0,0,0,0,1
,,,,,0,0,0,1,0,0
,,,,,0,0,0,1,0,0
Canvas Fingerprinting,0.008519701810436636,0.6401,0.4068,replace_literals_recursive,0,0,0,0,1,0
AudioContext Fingerprinting,0.0010477238200010477,1.7316,0.4573,replace_literals_recursive|replace_class_defs|replace_while_loops|replace_callee|replace_with_regex|replace_obf_screen,0,0,0,0,0,1
,0.5,0.643,0.3891,replace_literals_recursive|obfuscate_functions|replace_int_arrays|replace_float_arrays|replace_class_defs|replace_func_defs|replace_if_else|replace_for_loops|replace_while_loops|replace_function_calls_with_no_return|replace_canvas_api_calls|replace_callee|replace_with_regex|replace_obf_screen,0,0,0,0,0,1
,0.5970695970695971,0.6102,0.4335,replace_literals_recursive|obfuscate_functions|replace_int_arrays|replace_float_arrays|replace_class_defs|replace_if_else|replace_while_loops|replace_function_calls_with_no_return|replace_canvas_api_calls|replace_callee|replace_with_regex|replace_obf_screen,0,0,0,0,0,1
,,,,,0,0,0,1,0,0
Canvas Fingerprinting,,,,,0,0,0,0,0,0
,,,,,0,0,0,1,0,0
,0.0,6.4558,0.909,obfuscate_functions|replace_class_defs|replace_function_calls_with_no_return|replace_callee|replace_with_regex|replace_obf_screen,0,0,0,0,0,1
,,,,,0,0,0,1,0,0
,,,,,0,0,0,1,0,0
