rule,attempted,success_rate(%),conversion_percentage,average_conversion_time(s),average_validation_time(s),size_difference
obfuscate_functions,268,33.21,0.0,1.3774,0.5546,
replace_callee,268,41.79,0.0,1.0015,0.5389,
replace_canvas_api_calls,268,16.79,0.1255,0.6949,0.6314,
replace_class_defs,268,52.99,0.0002,0.7069,0.601,
replace_float_arrays,268,23.88,0.0005,0.6744,0.5027,
replace_for_loops,268,24.63,0.0,0.8179,0.3823,
replace_function_calls_with_no_return,268,24.25,0.3335,0.629,0.5334,
replace_func_defs,268,9.7,0.2154,3.4002,0.3589,
replace_if_else,268,19.78,0.0147,0.7282,0.3824,
replace_int_arrays,268,23.13,0.0007,0.6694,0.491,
replace_literals_recursive,536,21.64,0.0216,0.6909,0.4844,
replace_obf_screen,268,53.73,0.0003,1.0849,0.5796,
replace_while_loops,268,51.49,0.0021,1.727,0.5618,
replace_with_regex,268,54.1,0.0004,0.6229,0.6175,
