categories,cnv_ptg,time_cnv,time_val,working_rules,abrupt_fail,time_fail,ast_fail,large_file_skip,validation_fail,success
,,,,,0,0,0,1,0,0
,,,,,0,0,0,0,0,0
Canvas Fingerprinting|AudioContext Fingerprinting,,,,,0,0,0,0,0,0
,0.0,0.606,0.3803,replace_with_regex,0,0,0,0,0,1
,,,,,0,0,0,1,0,0
,0.0,0.6135,0.4031,replace_with_regex,0,0,0,0,0,1
,,,,,0,0,0,1,0,0
Canvas Fingerprinting|AudioContext Fingerprinting,,,,,0,0,0,0,0,0
Canvas Fingerprinting,0.00035366150173515176,0.5986,0.4978,replace_with_regex,0,0,0,0,0,1
,0.0,0.6257,0.387,replace_with_regex,0,0,0,0,0,1
,,,,,0,0,0,1,0,0
AudioContext Fingerprinting,,,,,0,0,0,0,0,0
,,,,,0,0,0,1,0,0
,,,,,0,0,1,0,0,0
,,,,,0,0,0,1,0,0
AudioContext Fingerprinting,,,,,0,0,1,0,0,0
AudioContext Fingerprinting,4.7165639831382836e-05,0.6247,1.2591,replace_with_regex,0,0,0,0,0,1
,,,,,0,0,0,1,0,0
Canvas Fingerprinting|AudioContext Fingerprinting,0.0013090290277186897,0.633,0.4936,replace_with_regex,0,0,0,0,0,1
AudioContext Fingerprinting,,,,,0,0,0,0,0,0
AudioContext Fingerprinting,,,,,0,0,0,0,0,0
AudioContext Fingerprinting,,,,,0,0,0,0,0,0
,,,,,0,0,0,1,0,0
Canvas Fingerprinting|AudioContext Fingerprinting,0.0013172627280511099,0.6227,0.4908,replace_with_regex,0,0,0,0,0,1
Canvas Fingerprinting|AudioContext Fingerprinting,0.001374334306820134,0.6259,0.4136,replace_with_regex,0,0,0,0,0,1
AudioContext Fingerprinting,,,,,0,0,0,0,0,0
,,,,,0,0,0,1,0,0
,,,,,0,0,0,1,0,0
,,,,,0,0,0,1,0,0
WebRTC Fingerprinting,,,,,0,0,0,0,0,0
AudioContext Fingerprinting,,,,,0,0,1,0,0,0
,,,,,0,0,0,1,0,0
,,,,,0,0,0,1,0,0
,,,,,0,0,0,1,0,0
,0.0,0.626,0.3814,replace_with_regex,0,0,0,0,0,1
,0.0,0.6121,0.3881,replace_with_regex,0,0,0,0,0,1
,,,,,0,0,0,1,0,0
,0.0,0.6065,0.3831,replace_with_regex,0,0,0,0,0,1
,,,,,0,0,0,1,0,0
,,,,,0,0,0,0,0,0
WebRTC Fingerprinting,,,,,0,0,0,0,0,0
,,,,,0,0,0,1,0,0
,,,,,0,0,0,1,0,0
Canvas Fingerprinting,,,,,0,0,1,0,0,0
,,,,,0,0,0,1,0,0
,0.0,0.6325,0.5152,replace_with_regex,0,0,0,0,0,1
,,,,,0,0,0,1,0,0
,0.0,0.6272,0.3839,replace_with_regex,0,0,0,0,0,1
Canvas Fingerprinting,,,,,0,0,1,0,0,0
,,,,,0,0,0,1,0,0
,,,,,0,0,0,1,0,0
,,,,,0,0,0,1,0,0
Canvas Fingerprinting|AudioContext Fingerprinting,,,,,0,0,1,0,0,0
,,,,,0,0,0,1,0,0
,0.0,0.6078,0.3794,replace_with_regex,0,0,0,0,0,1
,0.0,0.6384,0.8453,replace_with_regex,0,0,0,0,0,1
AudioContext Fingerprinting,,,,,0,0,1,0,0,0
Canvas Fingerprinting|AudioContext Fingerprinting,,,,,0,0,0,0,0,0
,,,,,0,0,0,1,0,0
Canvas Fingerprinting|AudioContext Fingerprinting,0.0013125082031762699,0.6142,0.4152,replace_with_regex,0,0,0,0,0,1
Canvas Fingerprinting,,,,,0,0,0,0,0,0
Canvas Fingerprinting|AudioContext Fingerprinting,,,,,0,0,1,0,0,0
,,,,,0,0,0,1,0,0
,,,,,0,0,0,1,0,0
Canvas Fingerprinting,,,,,0,0,0,0,0,0
WebRTC Fingerprinting|AudioContext Fingerprinting,5.632097322641735e-05,0.6208,0.4543,replace_with_regex,0,0,0,0,0,1
,,,,,0,0,0,1,0,0
,,,,,0,0,0,1,0,0
Canvas Font Fingerprinting,0.0,0.6617,1.9021,replace_with_regex,0,0,0,0,0,1
WebRTC Fingerprinting|AudioContext Fingerprinting,,,,,0,0,0,0,0,0
,,,,,0,0,0,1,0,0
,,,,,0,0,0,1,0,0
,0.0,0.6428,0.7051,replace_with_regex,0,0,0,0,0,1
,,,,,0,0,0,1,0,0
,,,,,0,0,0,1,0,0
,0.0,0.6152,0.3794,replace_with_regex,0,0,0,0,0,1
Canvas Fingerprinting,,,,,0,0,0,0,0,0
,,,,,0,0,0,1,0,0
,,,,,0,0,0,1,0,0
AudioContext Fingerprinting,0.00039795055464358556,0.6121,0.7221,replace_with_regex,0,0,0,0,0,1
,0.0,0.6373,0.4444,replace_with_regex,0,0,0,0,0,1
,,,,,0,0,0,1,0,0
,,,,,0,0,0,1,0,0
,,,,,0,0,0,1,0,0
Canvas Font Fingerprinting,,,,,0,0,0,0,0,0
,,,,,0,0,0,1,0,0
AudioContext Fingerprinting,3.0480138379828246e-05,0.641,1.3087,replace_with_regex,0,0,0,0,0,1
,,,,,0,0,0,1,0,0
,2.531717675503416e-05,0.669,1.5613,replace_with_regex,0,0,0,0,0,1
,,,,,0,0,0,1,0,0
WebRTC Fingerprinting|AudioContext Fingerprinting,,,,,0,0,0,0,0,0
Canvas Fingerprinting,0.0002817794371455743,0.6432,0.5205,replace_with_regex,0,0,0,0,0,1
,,,,,0,0,0,1,0,0
,0.0,0.6015,0.3895,replace_with_regex,0,0,0,0,0,1
WebRTC Fingerprinting|AudioContext Fingerprinting,0.00010339590939933438,0.6344,0.8949,replace_with_regex,0,0,0,0,0,1
Canvas Fingerprinting,0.0007074637424831977,0.6409,0.4692,replace_with_regex,0,0,0,0,0,1
,,,,,0,0,0,1,0,0
Canvas Fingerprinting,0.0005013264261692394,0.6209,0.6456,replace_with_regex,0,0,0,0,0,1
AudioContext Fingerprinting,4.642741074330285e-05,0.6462,1.0323,replace_with_regex,0,0,0,0,0,1
WebRTC Fingerprinting,,,,,0,0,1,0,0,0
Canvas Fingerprinting|AudioContext Fingerprinting,,,,,0,0,0,0,0,0
,,,,,0,0,0,1,0,0
Canvas Fingerprinting|AudioContext Fingerprinting,,,,,0,0,0,0,0,0
,,,,,0,0,0,1,0,0
WebRTC Fingerprinting,0.0004664995043442766,0.6205,0.4959,replace_with_regex,0,0,0,0,0,1
,,,,,0,0,0,1,0,0
,,,,,0,0,0,1,0,0
WebRTC Fingerprinting|AudioContext Fingerprinting,0.00010339590939933438,0.6391,1.0798,replace_with_regex,0,0,0,0,0,1
,,,,,0,0,0,1,0,0
WebRTC Fingerprinting|AudioContext Fingerprinting,,,,,0,0,0,0,0,0
Canvas Fingerprinting|AudioContext Fingerprinting,0.000441635154158271,0.5907,0.4414,replace_with_regex,0,0,0,0,0,1
,,,,,0,0,0,0,0,0
Canvas Fingerprinting|AudioContext Fingerprinting,0.0013599891200870393,0.6138,0.4798,replace_with_regex,0,0,0,0,0,1
WebRTC Fingerprinting|AudioContext Fingerprinting,,,,,0,0,0,0,0,0
,,,,,0,0,0,0,0,0
,,,,,0,0,0,1,0,0
WebRTC Fingerprinting,,,,,0,0,0,0,0,0
WebRTC Fingerprinting|AudioContext Fingerprinting,0.00010339590939933438,0.6151,0.8963,replace_with_regex,0,0,0,0,0,1
,,,,,0,0,0,1,0,0
,,,,,0,0,1,0,0,0
,,,,,0,0,0,1,0,0
,,,,,0,0,0,1,0,0
Canvas Fingerprinting|AudioContext Fingerprinting,,,,,0,0,1,0,0,0
,,,,,0,0,0,1,0,0
,,,,,0,0,0,1,0,0
Canvas Fingerprinting,0.0005512679162072767,0.6177,0.4143,replace_with_regex,0,0,0,0,0,1
,,,,,0,0,0,1,0,0
,0.0,0.6047,0.3665,replace_with_regex,0,0,0,0,0,1
AudioContext Fingerprinting,0.00039795055464358556,0.628,0.5087,replace_with_regex,0,0,0,0,0,1
,,,,,0,0,0,1,0,0
,,,,,0,0,0,1,0,0
AudioContext Fingerprinting,0.0001292814376095862,0.627,0.5304,replace_with_regex,0,0,0,0,0,1
,,,,,0,0,1,0,0,0
,,,,,0,0,0,1,0,0
,,,,,0,0,0,1,0,0
WebRTC Fingerprinting,0.0,0.6246,0.6728,replace_with_regex,0,0,0,0,0,1
WebRTC Fingerprinting,0.0,0.642,0.6582,replace_with_regex,0,0,0,0,0,1
,,,,,0,0,0,1,0,0
WebRTC Fingerprinting,,,,,0,0,0,0,0,0
AudioContext Fingerprinting,0.00039795055464358556,0.619,0.5361,replace_with_regex,0,0,0,0,0,1
WebRTC Fingerprinting|AudioContext Fingerprinting,0.00010339590939933438,0.6222,0.9126,replace_with_regex,0,0,0,0,0,1
,,,,,0,0,0,1,0,0
AudioContext Fingerprinting,,,,,0,0,0,0,0,0
Canvas Fingerprinting,0.0003914851969659897,0.6142,0.4366,replace_with_regex,0,0,0,0,0,1
,0.0,0.5961,0.5139,replace_with_regex,0,0,0,0,0,1
Canvas Fingerprinting,0.0011636025133814289,0.5963,0.4478,replace_with_regex,0,0,0,0,0,1
,,,,,0,0,0,1,0,0
,,,,,0,0,0,0,0,0
,0.0,0.6282,0.364,replace_with_regex,0,0,0,0,0,1
,,,,,0,0,0,1,0,0
Canvas Fingerprinting,0.0005512679162072767,0.6109,0.4596,replace_with_regex,0,0,0,0,0,1
,,,,,0,0,0,1,0,0
,,,,,0,0,0,1,0,0
,,,,,0,0,0,1,0,0
,0.0,0.6007,0.3759,replace_with_regex,0,0,0,0,0,1
,,,,,0,0,0,1,0,0
,0.0,0.5571,0.3658,replace_with_regex,0,0,0,0,0,1
,0.0,0.6282,0.3587,replace_with_regex,0,0,0,0,0,1
Canvas Fingerprinting,0.004259850905218318,0.6131,0.4094,replace_with_regex,0,0,0,0,1,0
,,,,,0,0,0,1,0,0
Canvas Fingerprinting,0.0005512679162072767,0.6157,0.4599,replace_with_regex,0,0,0,0,0,1
AudioContext Fingerprinting,,,,,0,0,0,0,0,0
,,,,,0,0,0,0,0,0
Canvas Fingerprinting|AudioContext Fingerprinting,0.0013125082031762699,0.6111,0.4745,replace_with_regex,0,0,0,0,0,1
,,,,,0,0,0,1,0,0
WebRTC Fingerprinting,,,,,0,0,0,0,0,0
WebRTC Fingerprinting,0.0,0.6175,0.6666,replace_with_regex,0,0,0,0,0,1
,,,,,0,0,0,1,0,0
,,,,,0,0,0,0,0,0
,,,,,0,0,1,0,0,0
,,,,,0,0,0,1,0,0
Canvas Fingerprinting,0.0011636025133814289,0.6237,0.4007,replace_with_regex,0,0,0,0,0,1
,,,,,0,0,0,1,0,0
,,,,,0,0,0,1,0,0
,,,,,0,0,0,1,0,0
,,,,,0,0,0,1,0,0
,,,,,0,0,0,1,0,0
WebRTC Fingerprinting|AudioContext Fingerprinting,,,,,0,0,0,0,0,0
Canvas Font Fingerprinting,0.0,0.6699,1.8718,replace_with_regex,0,0,0,0,0,1
WebRTC Fingerprinting,0.0,0.6248,0.4941,replace_with_regex,0,0,0,0,0,1
,,,,,0,0,0,1,0,0
Canvas Fingerprinting,0.00035366150173515176,0.6244,0.4489,replace_with_regex,0,0,0,0,0,1
,,,,,0,0,1,0,0,0
,,,,,0,0,0,1,0,0
Canvas Fingerprinting,,,,,0,0,0,0,0,0
,0.0,0.6287,0.405,replace_with_regex,0,0,0,0,0,1
Canvas Fingerprinting|AudioContext Fingerprinting,,,,,0,0,1,0,0,0
Canvas Fingerprinting,0.0010727887142627259,0.6084,0.5143,replace_with_regex,0,0,0,0,0,1
WebRTC Fingerprinting,0.0,0.6073,0.4087,replace_with_regex,0,0,0,0,0,1
Canvas Font Fingerprinting,0.0003728032278546145,0.664,2.7416,replace_with_regex,0,0,0,0,0,1
,,,,,0,0,0,1,0,0
,,,,,0,0,0,1,0,0
AudioContext Fingerprinting,,,,,0,0,0,0,0,0
WebRTC Fingerprinting,0.0,0.646,0.6771,replace_with_regex,0,0,0,0,0,1
,0.0,0.6032,0.7777,replace_with_regex,0,0,0,0,0,1
,0.0,0.6103,0.3714,replace_with_regex,0,0,0,0,0,1
,,,,,0,0,0,1,0,0
Canvas Fingerprinting,,,,,0,0,1,0,0,0
Canvas Fingerprinting,0.0005512679162072767,0.626,0.455,replace_with_regex,0,0,0,0,0,1
,,,,,0,0,0,1,0,0
,,,,,0,0,0,1,0,0
,,,,,0,0,0,1,0,0
,0.0,0.6134,0.4481,replace_with_regex,0,0,0,0,0,1
,,,,,0,0,0,0,0,0
,0.0,0.615,0.4575,replace_with_regex,0,0,0,0,0,1
,0.0,0.6054,0.6396,replace_with_regex,0,0,0,0,0,1
,,,,,0,0,0,1,0,0
,,,,,0,0,0,1,0,0
WebRTC Fingerprinting|AudioContext Fingerprinting,,,,,0,0,0,0,0,0
AudioContext Fingerprinting,,,,,0,0,0,0,0,0
Canvas Fingerprinting|AudioContext Fingerprinting,0.00023770613578963007,0.6253,0.4992,replace_with_regex,0,0,0,0,0,1
,,,,,0,0,0,1,0,0
,,,,,0,0,0,1,0,0
Canvas Fingerprinting,0.0011581781857138722,0.6213,0.4643,replace_with_regex,0,0,0,0,0,1
,,,,,0,0,0,1,0,0
,,,,,0,0,0,1,0,0
,0.0,0.6329,0.3739,replace_with_regex,0,0,0,0,0,1
AudioContext Fingerprinting,,,,,0,0,0,0,0,0
WebRTC Fingerprinting|AudioContext Fingerprinting,,,,,0,0,0,0,0,0
,,,,,0,0,0,1,0,0
Canvas Fingerprinting|AudioContext Fingerprinting,0.0011971746677840297,0.6347,0.4826,replace_with_regex,0,0,0,0,0,1
,,,,,0,0,0,1,0,0
Canvas Fingerprinting|AudioContext Fingerprinting,0.0013125082031762699,0.6289,0.5019,replace_with_regex,0,0,0,0,0,1
,,,,,0,0,0,0,0,0
Canvas Fingerprinting,,,,,0,0,0,0,0,0
,,,,,0,0,0,1,0,0
,,,,,0,0,0,0,0,0
,,,,,0,0,0,1,0,0
AudioContext Fingerprinting,,,,,0,0,1,0,0,0
,,,,,0,0,0,1,0,0
,0.0,0.6332,0.3793,replace_with_regex,0,0,0,0,0,1
WebRTC Fingerprinting,,,,,0,0,0,0,0,0
,0.0,0.6201,0.3696,replace_with_regex,0,0,0,0,0,1
Canvas Font Fingerprinting,0.0,0.6766,1.6161,replace_with_regex,0,0,0,0,0,1
Canvas Fingerprinting,,,,,0,0,0,0,0,0
,,,,,0,0,0,1,0,0
AudioContext Fingerprinting,0.00018322778649382178,0.6064,0.5706,replace_with_regex,0,0,0,0,0,1
WebRTC Fingerprinting|AudioContext Fingerprinting,,,,,0,0,0,0,0,0
,,,,,0,0,0,1,0,0
,,,,,0,0,0,1,0,0
WebRTC Fingerprinting|AudioContext Fingerprinting,,,,,0,0,0,0,0,0
,,,,,0,0,0,0,0,0
Canvas Fingerprinting|AudioContext Fingerprinting,,,,,0,0,0,0,0,0
Canvas Fingerprinting,0.0008843443415780019,0.6371,0.461,replace_with_regex,0,0,0,0,0,1
,0.0,0.6058,0.367,replace_with_regex,0,0,0,0,0,1
,,,,,0,0,0,1,0,0
,0.0,0.6253,0.3826,replace_with_regex,0,0,0,0,0,1
WebRTC Fingerprinting|AudioContext Fingerprinting,0.00010082741497413146,0.6299,0.9322,replace_with_regex,0,0,0,0,0,1
AudioContext Fingerprinting,,,,,0,0,1,0,0,0
,0.0,0.63,0.3813,replace_with_regex,0,0,0,0,0,1
AudioContext Fingerprinting,,,,,0,0,0,0,0,0
,,,,,0,0,0,1,0,0
Canvas Fingerprinting|AudioContext Fingerprinting,0.0013125082031762699,0.6337,0.4949,replace_with_regex,0,0,0,0,0,1
AudioContext Fingerprinting,,,,,0,0,1,0,0,0
AudioContext Fingerprinting,3.207891412875674e-05,0.648,1.5724,replace_with_regex,0,0,0,0,0,1
,,,,,0,0,1,0,0,0
,,,,,0,0,0,1,0,0
,,,,,0,0,0,1,0,0
,,,,,0,0,0,1,0,0
WebRTC Fingerprinting|AudioContext Fingerprinting,,,,,0,0,0,0,0,0
AudioContext Fingerprinting,6.94890815280649e-05,0.6451,0.7119,replace_with_regex,0,0,0,0,0,1
,,,,,0,0,0,1,0,0
AudioContext Fingerprinting,,,,,0,0,0,0,0,0
,,,,,0,0,0,1,0,0
,,,,,0,0,0,0,0,0
Canvas Fingerprinting,0.0005512679162072767,0.6237,0.4721,replace_with_regex,0,0,0,0,0,1
,,,,,0,0,0,1,0,0
,,,,,0,0,1,0,0,0
,,,,,0,0,0,1,0,0
Canvas Fingerprinting|AudioContext Fingerprinting,,,,,0,0,1,0,0,0
,,,,,0,0,0,1,0,0
,0.0,0.616,0.3919,replace_with_regex,0,0,0,0,0,1
,,,,,0,0,0,1,0,0
,,,,,0,0,0,0,0,0
WebRTC Fingerprinting|AudioContext Fingerprinting,,,,,0,0,0,0,0,0
AudioContext Fingerprinting,,,,,0,0,0,0,0,0
,0.0,0.6291,0.443,replace_with_regex,0,0,0,0,0,1
Canvas Fingerprinting,,,,,0,0,0,0,0,0
Canvas Fingerprinting|AudioContext Fingerprinting,0.0013125082031762699,0.6272,0.4916,replace_with_regex,0,0,0,0,0,1
WebRTC Fingerprinting,0.0,0.6295,0.6498,replace_with_regex,0,0,0,0,0,1
,,,,,0,0,0,1,0,0
,,,,,0,0,0,0,0,0
,,,,,0,0,0,0,0,0
,0.0,0.6216,0.3656,replace_with_regex,0,0,0,0,0,1
AudioContext Fingerprinting,,,,,0,0,0,0,0,0
,,,,,0,0,0,1,0,0
Canvas Fingerprinting,,,,,0,0,0,0,0,0
,,,,,0,0,0,1,0,0
,,,,,0,0,0,1,0,0
AudioContext Fingerprinting,,,,,0,0,0,0,0,0
WebRTC Fingerprinting|AudioContext Fingerprinting,,,,,0,0,0,0,0,0
Canvas Fingerprinting|AudioContext Fingerprinting,,,,,0,0,1,0,0,0
,,,,,0,0,0,1,0,0
WebRTC Fingerprinting,0.0,0.6015,0.5834,replace_with_regex,0,0,0,0,0,1
WebRTC Fingerprinting,,,,,0,0,0,0,0,0
Canvas Fingerprinting|AudioContext Fingerprinting,0.0013510774842937243,0.6281,0.4904,replace_with_regex,0,0,0,0,0,1
,,,,,0,0,0,1,0,0
AudioContext Fingerprinting,3.0480138379828246e-05,0.6532,1.3215,replace_with_regex,0,0,0,0,0,1
Canvas Fingerprinting|AudioContext Fingerprinting,,,,,0,0,1,0,0,0
,,,,,0,0,0,1,0,0
AudioContext Fingerprinting,,,,,0,0,0,0,0,0
,,,,,0,0,0,1,0,0
WebRTC Fingerprinting,0.0,0.605,0.4042,replace_with_regex,0,0,0,0,0,1
AudioContext Fingerprinting,,,,,0,0,0,0,0,0
Canvas Fingerprinting|AudioContext Fingerprinting,,,,,0,0,1,0,0,0
Canvas Fingerprinting|AudioContext Fingerprinting,,,,,0,0,0,0,0,0
,,,,,0,0,0,1,0,0
,0.0,0.5913,0.432,replace_with_regex,0,0,0,0,0,1
WebRTC Fingerprinting,,,,,0,0,0,0,0,0
,0.0,0.5916,0.3811,replace_with_regex,0,0,0,0,0,1
,0.0,0.6247,0.3792,replace_with_regex,0,0,0,0,0,1
Canvas Fingerprinting|AudioContext Fingerprinting,0.00047376524931896246,0.6283,0.6731,replace_with_regex,0,0,0,0,0,1
Canvas Fingerprinting,,,,,0,0,0,0,0,0
WebRTC Fingerprinting|AudioContext Fingerprinting,0.00010339590939933438,0.6362,0.9089,replace_with_regex,0,0,0,0,0,1
,,,,,0,0,0,1,0,0
,,,,,0,0,0,1,0,0
,,,,,0,0,0,1,0,0
,,,,,0,0,0,1,0,0
AudioContext Fingerprinting,,,,,0,0,0,0,0,0
,,,,,0,0,0,1,0,0
,,,,,0,0,0,0,0,0
,,,,,0,0,0,1,0,0
,,,,,0,0,0,1,0,0
,,,,,0,0,0,1,0,0
,,,,,0,0,0,1,0,0
,,,,,0,0,0,1,0,0
,,,,,0,0,0,1,0,0
,,,,,0,0,0,0,0,0
,,,,,0,0,0,1,0,0
,,,,,0,0,1,0,0,0
Canvas Fingerprinting,0.0005013264261692394,0.6168,0.6614,replace_with_regex,0,0,0,0,0,1
AudioContext Fingerprinting,,,,,0,0,0,0,0,0
AudioContext Fingerprinting,,,,,0,0,0,0,0,0
AudioContext Fingerprinting,,,,,0,0,0,0,0,0
,0.0,0.6134,0.3728,replace_with_regex,0,0,0,0,0,1
Canvas Fingerprinting|AudioContext Fingerprinting,0.0013124651376447813,0.6397,0.5038,replace_with_regex,0,0,0,0,0,1
Canvas Fingerprinting,,,,,0,0,0,0,0,0
,,,,,0,0,0,1,0,0
,,,,,0,0,1,0,0,0
Canvas Fingerprinting|AudioContext Fingerprinting,0.0013125082031762699,0.5973,0.4973,replace_with_regex,0,0,0,0,0,1
,,,,,0,0,0,1,0,0
,,,,,0,0,0,0,0,0
,,,,,0,0,0,1,0,0
AudioContext Fingerprinting,,,,,0,0,0,0,0,0
Canvas Fingerprinting|AudioContext Fingerprinting,0.0013125082031762699,0.6248,0.4946,replace_with_regex,0,0,0,0,0,1
,,,,,0,0,0,0,0,0
,,,,,0,0,0,1,0,0
AudioContext Fingerprinting,3.05736768285925e-05,0.6386,1.5737,replace_with_regex,0,0,0,0,0,1
WebRTC Fingerprinting,,,,,0,0,0,0,0,0
,,,,,0,0,0,1,0,0
,,,,,0,0,0,0,0,0
Canvas Fingerprinting|AudioContext Fingerprinting,0.0004027690371302706,0.6155,0.4907,replace_with_regex,0,0,0,0,0,1
Canvas Fingerprinting,0.000848140452058861,0.6243,0.645,replace_with_regex,0,0,0,0,0,1
,0.0,0.5819,0.3817,replace_with_regex,0,0,0,0,0,1
Canvas Fingerprinting,,,,,0,0,0,0,0,0
Canvas Fingerprinting|AudioContext Fingerprinting,0.0013125082031762699,0.6048,0.4748,replace_with_regex,0,0,0,0,0,1
,,,,,0,0,0,1,0,0
,,,,,0,0,0,1,0,0
,,,,,0,0,0,0,0,0
Canvas Fingerprinting,,,,,0,0,1,0,0,0
,0.0,0.6265,0.6961,replace_with_regex,0,0,0,0,0,1
,,,,,0,0,0,1,0,0
,0.0,0.6121,0.3837,replace_with_regex,0,0,0,0,0,1
,,,,,0,0,0,1,0,0
,0.0,0.5996,0.3529,replace_with_regex,0,0,0,0,0,1
Canvas Fingerprinting|AudioContext Fingerprinting,0.0011971746677840297,0.6345,0.6558,replace_with_regex,0,0,0,0,0,1
Canvas Fingerprinting,,,,,0,0,0,0,0,0
,,,,,0,0,1,0,0,0
Canvas Fingerprinting|AudioContext Fingerprinting,,,,,0,0,0,0,0,0
WebRTC Fingerprinting|AudioContext Fingerprinting,,,,,0,0,0,0,0,0
Canvas Fingerprinting,0.0029271862422246614,0.6149,0.4175,replace_with_regex,0,0,0,0,0,1
,,,,,0,0,0,1,0,0
,,,,,0,0,0,1,0,0
AudioContext Fingerprinting,,,,,0,0,0,0,0,0
,,,,,0,0,0,1,0,0
WebRTC Fingerprinting|AudioContext Fingerprinting,,,,,0,0,0,0,0,0
Canvas Fingerprinting|AudioContext Fingerprinting,,,,,0,0,1,0,0,0
Canvas Fingerprinting,,,,,0,0,0,0,0,0
AudioContext Fingerprinting,0.00015799660307303393,0.6258,0.528,replace_with_regex,0,0,0,0,0,1
Canvas Fingerprinting|AudioContext Fingerprinting,0.0006690977217222575,0.6372,0.4916,replace_with_regex,0,0,0,0,0,1
Canvas Fingerprinting|AudioContext Fingerprinting,,,,,0,0,1,0,0,0
,,,,,0,0,0,1,0,0
Canvas Fingerprinting|AudioContext Fingerprinting,0.0013125082031762699,0.616,0.4546,replace_with_regex,0,0,0,0,0,1
,,,,,0,0,0,1,0,0
,,,,,0,0,0,1,0,0
,,,,,0,0,0,1,0,0
AudioContext Fingerprinting,,,,,0,0,0,0,0,0
,0.0,0.6157,0.3377,replace_with_regex,0,0,0,0,0,1
Canvas Fingerprinting|AudioContext Fingerprinting,0.0002526129653604471,0.6172,0.5027,replace_with_regex,0,0,0,0,0,1
,,,,,0,0,1,0,0,0
,,,,,0,0,0,0,0,0
,,,,,0,0,0,1,0,0
Canvas Fingerprinting|AudioContext Fingerprinting,,,,,0,0,0,0,0,0
Canvas Fingerprinting,,,,,0,0,0,0,0,0
,0.0,0.6217,0.3616,replace_with_regex,0,0,0,0,0,1
,,,,,0,0,1,0,0,0
,,,,,0,0,0,1,0,0
,,,,,0,0,0,1,0,0
Canvas Font Fingerprinting,,,,,0,0,0,0,0,0
AudioContext Fingerprinting,6.055422252162921e-05,0.6491,0.9215,replace_with_regex,0,0,0,0,0,1
Canvas Fingerprinting|AudioContext Fingerprinting,,,,,0,0,1,0,0,0
,,,,,0,0,0,1,0,0
Canvas Fingerprinting,0.0010769479295676054,0.6421,0.5166,replace_with_regex,0,0,0,0,0,1
,,,,,0,0,0,0,0,0
,,,,,0,0,0,1,0,0
,,,,,0,0,0,1,0,0
Canvas Fingerprinting,,,,,0,0,0,0,0,0
,,,,,0,0,0,1,0,0
,,,,,0,0,0,1,0,0
,,,,,0,0,0,1,0,0
,,,,,0,0,0,1,0,0
AudioContext Fingerprinting,,,,,0,0,0,0,0,0
AudioContext Fingerprinting,0.0003356778331995867,0.5831,1.4853,replace_with_regex,0,0,0,0,0,1
,,,,,0,0,0,1,0,0
,,,,,0,0,0,0,0,0
,,,,,0,0,0,1,0,0
,,,,,0,0,0,1,0,0
,0.0,0.6372,0.3962,replace_with_regex,0,0,0,0,0,1
,,,,,0,0,0,1,0,0
,,,,,0,0,0,1,0,0
,,,,,0,0,0,0,0,0
WebRTC Fingerprinting,,,,,0,0,0,0,0,0
,0.0,0.6211,0.3869,replace_with_regex,0,0,0,0,0,1
Canvas Fingerprinting,,,,,0,0,1,0,0,0
Canvas Fingerprinting|AudioContext Fingerprinting,0.00047376524931896246,0.6045,0.4531,replace_with_regex,0,0,0,0,0,1
,,,,,0,0,0,1,0,0
AudioContext Fingerprinting,,,,,0,0,0,0,0,0
AudioContext Fingerprinting,7.023766670471207e-05,0.6425,0.8307,replace_with_regex,0,0,0,0,0,1
,,,,,0,0,0,1,0,0
AudioContext Fingerprinting,,,,,0,0,0,0,0,0
,,,,,0,0,0,1,0,0
AudioContext Fingerprinting,,,,,0,0,0,0,0,0
AudioContext Fingerprinting,,,,,0,0,0,0,0,0
Canvas Fingerprinting,,,,,0,0,0,0,0,0
,,,,,0,0,0,1,0,0
Canvas Fingerprinting|AudioContext Fingerprinting,,,,,0,0,0,0,0,0
,0.0,0.6167,0.4371,replace_with_regex,0,0,0,0,0,1
,,,,,0,0,0,1,0,0
,,,,,0,0,0,0,0,0
Canvas Fingerprinting|AudioContext Fingerprinting,,,,,0,0,0,0,0,0
AudioContext Fingerprinting,0.000362036819144507,0.5874,0.7537,replace_with_regex,0,0,0,0,0,1
AudioContext Fingerprinting,,,,,0,0,1,0,0,0
Canvas Fingerprinting|AudioContext Fingerprinting,0.00047376524931896246,0.6347,0.491,replace_with_regex,0,0,0,0,0,1
,,,,,0,0,0,1,0,0
,,,,,0,0,0,1,0,0
,,,,,0,0,0,1,0,0
,,,,,0,0,0,0,0,0
,,,,,0,0,0,1,0,0
Canvas Fingerprinting|AudioContext Fingerprinting,,,,,0,0,0,0,0,0
AudioContext Fingerprinting,0.0,0.6166,0.3962,replace_with_regex,0,0,0,0,0,1
Canvas Fingerprinting|AudioContext Fingerprinting,,,,,0,0,0,0,0,0
Canvas Fingerprinting,,,,,0,0,0,0,0,0
WebRTC Fingerprinting,,,,,0,0,1,0,0,0
,,,,,0,0,0,0,0,0
,,,,,0,0,0,1,0,0
,,,,,0,0,0,1,0,0
,,,,,0,0,0,1,0,0
,,,,,0,0,0,1,0,0
WebRTC Fingerprinting,,,,,0,0,0,0,0,0
Canvas Fingerprinting|AudioContext Fingerprinting,,,,,0,0,0,0,0,0
,,,,,0,0,0,1,0,0
,,,,,0,0,0,1,0,0
Canvas Fingerprinting|AudioContext Fingerprinting,0.0013035685188202706,0.6418,0.4903,replace_with_regex,0,0,0,0,0,1
,,,,,0,0,1,0,0,0
AudioContext Fingerprinting,,,,,0,0,0,0,0,0
AudioContext Fingerprinting,,,,,0,0,0,0,0,0
AudioContext Fingerprinting,3.056433218844439e-05,0.6355,1.3162,replace_with_regex,0,0,0,0,0,1
,,,,,0,0,0,1,0,0
Canvas Fingerprinting|AudioContext Fingerprinting,0.0013125082031762699,0.6173,0.4898,replace_with_regex,0,0,0,0,0,1
AudioContext Fingerprinting,,,,,0,0,1,0,0,0
WebRTC Fingerprinting,,,,,0,0,0,0,0,0
,,,,,0,0,1,0,0,0
,,,,,0,0,0,1,0,0
,,,,,0,0,0,1,0,0
,,,,,0,0,0,0,0,0
Canvas Fingerprinting,0.003616636528028933,0.6121,0.4077,replace_with_regex,0,0,0,0,0,1
AudioContext Fingerprinting,,,,,0,0,0,0,0,0
,,,,,0,0,0,0,0,0
,,,,,0,0,0,1,0,0
,,,,,0,0,0,1,0,0
,,,,,0,0,0,1,0,0
,,,,,0,0,0,1,0,0
,0.0,0.6188,0.3733,replace_with_regex,0,0,0,0,0,1
AudioContext Fingerprinting,3.100667030995043e-05,0.65,1.6123,replace_with_regex,0,0,0,0,0,1
,,,,,0,0,0,1,0,0
,,,,,0,0,0,1,0,0
,0.0,0.6303,0.375,replace_with_regex,0,0,0,0,0,1
,,,,,0,0,0,1,0,0
,,,,,0,0,0,1,0,0
,0.0,0.6366,0.3806,replace_with_regex,0,0,0,0,0,1
Canvas Fingerprinting,0.0006265173466990367,0.6149,0.4364,replace_with_regex,0,0,0,0,0,1
,,,,,0,0,0,1,0,0
Canvas Fingerprinting|AudioContext Fingerprinting,0.0013059518756733815,0.6229,0.4475,replace_with_regex,0,0,0,0,0,1
,,,,,0,0,0,1,0,0
,0.0,0.6201,0.3887,replace_with_regex,0,0,0,0,0,1
,,,,,0,0,0,1,0,0
,,,,,0,0,0,0,0,0
Canvas Font Fingerprinting,0.0003728032278546145,0.6555,2.2579,replace_with_regex,0,0,0,0,0,1
,,,,,0,0,0,1,0,0
,,,,,0,0,0,1,0,0
