categories,cnv_ptg,time_cnv,time_val,working_rules,abrupt_fail,time_fail,ast_fail,large_file_skip,validation_fail,success
,,,,,0,0,0,1,0,0
,,,,,0,0,0,0,0,0
Canvas Fingerprinting|AudioContext Fingerprinting,,,,,0,0,0,0,0,0
,,,,,0,0,0,0,0,0
,,,,,0,0,0,1,0,0
,0.0,0.6035,0.3256,replace_function_calls_with_no_return,0,0,0,0,0,1
,,,,,0,0,0,1,0,0
Canvas Fingerprinting|AudioContext Fingerprinting,,,,,0,0,0,0,0,0
Canvas Fingerprinting,0.0,0.6266,0.4975,replace_function_calls_with_no_return,0,0,0,0,0,1
,0.0,0.595,0.3596,replace_function_calls_with_no_return,0,0,0,0,0,1
,,,,,0,0,0,1,0,0
AudioContext Fingerprinting,,,,,0,0,0,0,0,0
,,,,,0,0,0,1,0,0
,,,,,0,0,1,0,0,0
,,,,,0,0,0,1,0,0
AudioContext Fingerprinting,,,,,0,0,1,0,0,0
AudioContext Fingerprinting,,,,,0,0,0,0,0,0
,,,,,0,0,0,1,0,0
Canvas Fingerprinting|AudioContext Fingerprinting,,,,,0,0,0,0,0,0
AudioContext Fingerprinting,,,,,0,0,0,0,0,0
AudioContext Fingerprinting,,,,,0,0,0,0,0,0
AudioContext Fingerprinting,,,,,0,0,0,0,0,0
,,,,,0,0,0,1,0,0
Canvas Fingerprinting|AudioContext Fingerprinting,,,,,0,0,0,0,0,0
Canvas Fingerprinting|AudioContext Fingerprinting,0.0,0.5828,0.4003,replace_function_calls_with_no_return,0,0,0,0,0,1
AudioContext Fingerprinting,,,,,0,0,0,0,0,0
,,,,,0,0,0,1,0,0
,,,,,0,0,0,1,0,0
,,,,,0,0,0,1,0,0
WebRTC Fingerprinting,,,,,0,0,0,0,0,0
AudioContext Fingerprinting,,,,,0,0,1,0,0,0
,,,,,0,0,0,1,0,0
,,,,,0,0,0,1,0,0
,,,,,0,0,0,1,0,0
,0.0,0.6137,0.3625,replace_function_calls_with_no_return,0,0,0,0,0,1
,,,,,0,0,0,0,0,0
,,,,,0,0,0,1,0,0
,0.9973226238286479,0.5801,0.3906,replace_function_calls_with_no_return,0,0,0,0,0,1
,,,,,0,0,0,1,0,0
,,,,,0,0,0,0,0,0
WebRTC Fingerprinting,,,,,0,0,0,0,0,0
,,,,,0,0,0,1,0,0
,,,,,0,0,0,1,0,0
Canvas Fingerprinting,,,,,0,0,1,0,0,0
,,,,,0,0,0,1,0,0
,,,,,0,0,0,0,0,0
,,,,,0,0,0,1,0,0
,0.0,0.6232,0.373,replace_function_calls_with_no_return,0,0,0,0,0,1
Canvas Fingerprinting,,,,,0,0,1,0,0,0
,,,,,0,0,0,1,0,0
,,,,,0,0,0,1,0,0
,,,,,0,0,0,1,0,0
Canvas Fingerprinting|AudioContext Fingerprinting,,,,,0,0,1,0,0,0
,,,,,0,0,0,1,0,0
,0.0,0.6095,0.338,replace_function_calls_with_no_return,0,0,0,0,0,1
,0.9966222596719597,0.855,2.4036,replace_function_calls_with_no_return,0,0,0,0,0,1
AudioContext Fingerprinting,,,,,0,0,1,0,0,0
Canvas Fingerprinting|AudioContext Fingerprinting,,,,,0,0,0,0,0,0
,,,,,0,0,0,1,0,0
Canvas Fingerprinting|AudioContext Fingerprinting,,,,,0,0,0,0,0,0
Canvas Fingerprinting,,,,,0,0,0,0,0,0
Canvas Fingerprinting|AudioContext Fingerprinting,,,,,0,0,1,0,0,0
,,,,,0,0,0,1,0,0
,,,,,0,0,0,1,0,0
Canvas Fingerprinting,,,,,0,0,0,0,0,0
WebRTC Fingerprinting|AudioContext Fingerprinting,0.0,0.6217,0.4248,replace_function_calls_with_no_return,0,0,0,0,0,1
,,,,,0,0,0,1,0,0
,,,,,0,0,0,1,0,0
Canvas Font Fingerprinting,,,,,0,0,0,0,0,0
WebRTC Fingerprinting|AudioContext Fingerprinting,,,,,0,0,0,0,0,0
,,,,,0,0,0,1,0,0
,,,,,0,0,0,1,0,0
,,,,,0,0,0,0,0,0
,,,,,0,0,0,1,0,0
,,,,,0,0,0,1,0,0
,0.0,0.6052,0.3584,replace_function_calls_with_no_return,0,0,0,0,0,1
Canvas Fingerprinting,,,,,0,0,0,0,0,0
,,,,,0,0,0,1,0,0
,,,,,0,0,0,1,0,0
AudioContext Fingerprinting,,,,,0,0,0,0,0,0
,0.9993555039958752,0.6303,0.4865,replace_function_calls_with_no_return,0,0,0,0,0,1
,,,,,0,0,0,1,0,0
,,,,,0,0,0,1,0,0
,,,,,0,0,0,1,0,0
Canvas Font Fingerprinting,,,,,0,0,0,0,0,0
,,,,,0,0,0,1,0,0
AudioContext Fingerprinting,,,,,0,0,0,0,0,0
,,,,,0,0,0,1,0,0
,,,,,0,0,0,0,0,0
,,,,,0,0,0,1,0,0
WebRTC Fingerprinting|AudioContext Fingerprinting,,,,,0,0,0,0,0,0
Canvas Fingerprinting,,,,,0,0,0,0,0,0
,,,,,0,0,0,1,0,0
,0.0,0.6185,0.3563,replace_function_calls_with_no_return,0,0,0,0,0,1
WebRTC Fingerprinting|AudioContext Fingerprinting,0.9994248602539662,0.7318,1.2498,replace_function_calls_with_no_return,0,0,0,0,0,1
Canvas Fingerprinting,0.9816059426954369,0.69,0.7468,replace_function_calls_with_no_return,0,0,0,0,0,1
,,,,,0,0,0,1,0,0
Canvas Fingerprinting,,,,,0,0,0,0,0,0
AudioContext Fingerprinting,,,,,0,0,0,0,0,0
WebRTC Fingerprinting,,,,,0,0,1,0,0,0
Canvas Fingerprinting|AudioContext Fingerprinting,,,,,0,0,0,0,0,0
,,,,,0,0,0,1,0,0
Canvas Fingerprinting|AudioContext Fingerprinting,,,,,0,0,0,0,0,0
,,,,,0,0,0,1,0,0
WebRTC Fingerprinting,,,,,0,0,0,0,0,0
,,,,,0,0,0,1,0,0
,,,,,0,0,0,1,0,0
WebRTC Fingerprinting|AudioContext Fingerprinting,0.9994248602539662,0.731,1.2934,replace_function_calls_with_no_return,0,0,0,0,0,1
,,,,,0,0,0,1,0,0
WebRTC Fingerprinting|AudioContext Fingerprinting,,,,,0,0,0,0,0,0
Canvas Fingerprinting|AudioContext Fingerprinting,0.0,0.6149,0.4849,replace_function_calls_with_no_return,0,0,0,0,0,1
,,,,,0,0,0,0,0,0
Canvas Fingerprinting|AudioContext Fingerprinting,,,,,0,0,0,0,0,0
WebRTC Fingerprinting|AudioContext Fingerprinting,,,,,0,0,0,0,0,0
,,,,,0,0,0,0,0,0
,,,,,0,0,0,1,0,0
WebRTC Fingerprinting,,,,,0,0,0,0,0,0
WebRTC Fingerprinting|AudioContext Fingerprinting,0.9994248602539662,0.7144,1.0184,replace_function_calls_with_no_return,0,0,0,0,0,1
,,,,,0,0,0,1,0,0
,,,,,0,0,1,0,0,0
,,,,,0,0,0,1,0,0
,,,,,0,0,0,1,0,0
Canvas Fingerprinting|AudioContext Fingerprinting,,,,,0,0,1,0,0,0
,,,,,0,0,0,1,0,0
,,,,,0,0,0,1,0,0
Canvas Fingerprinting,,,,,0,0,0,0,0,0
,,,,,0,0,0,1,0,0
,0.0,0.6185,0.3532,replace_function_calls_with_no_return,0,0,0,0,0,1
AudioContext Fingerprinting,,,,,0,0,0,0,0,0
,,,,,0,0,0,1,0,0
,,,,,0,0,0,1,0,0
AudioContext Fingerprinting,,,,,0,0,0,0,0,0
,,,,,0,0,1,0,0,0
,,,,,0,0,0,1,0,0
,,,,,0,0,0,1,0,0
WebRTC Fingerprinting,0.0,0.6159,0.6504,replace_function_calls_with_no_return,0,0,0,0,0,1
WebRTC Fingerprinting,0.0,0.6159,0.577,replace_function_calls_with_no_return,0,0,0,0,0,1
,,,,,0,0,0,1,0,0
WebRTC Fingerprinting,,,,,0,0,0,0,0,0
AudioContext Fingerprinting,,,,,0,0,0,0,0,0
WebRTC Fingerprinting|AudioContext Fingerprinting,0.9994248602539662,0.7088,1.0291,replace_function_calls_with_no_return,0,0,0,0,0,1
,,,,,0,0,0,1,0,0
AudioContext Fingerprinting,,,,,0,0,0,0,0,0
Canvas Fingerprinting,0.9993638365549302,0.6637,0.4679,replace_function_calls_with_no_return,0,0,0,0,0,1
,,,,,0,0,0,0,0,0
Canvas Fingerprinting,,,,,0,0,0,0,0,0
,,,,,0,0,0,1,0,0
,,,,,0,0,0,0,0,0
,,,,,0,0,0,0,0,0
,,,,,0,0,0,1,0,0
Canvas Fingerprinting,,,,,0,0,0,0,0,0
,,,,,0,0,0,1,0,0
,,,,,0,0,0,1,0,0
,,,,,0,0,0,1,0,0
,0.847457627118644,0.62,0.3188,replace_function_calls_with_no_return,0,0,0,0,0,1
,,,,,0,0,0,1,0,0
,0.8648648648648649,0.6111,0.3617,replace_function_calls_with_no_return,0,0,0,0,0,1
,0.3625,0.6275,0.3445,replace_function_calls_with_no_return,0,0,0,0,0,1
Canvas Fingerprinting,0.0,0.618,0.3456,replace_function_calls_with_no_return,0,0,0,0,1,0
,,,,,0,0,0,1,0,0
Canvas Fingerprinting,,,,,0,0,0,0,0,0
AudioContext Fingerprinting,,,,,0,0,0,0,0,0
,,,,,0,0,0,0,0,0
Canvas Fingerprinting|AudioContext Fingerprinting,,,,,0,0,0,0,0,0
,,,,,0,0,0,1,0,0
WebRTC Fingerprinting,,,,,0,0,0,0,0,0
WebRTC Fingerprinting,,,,,0,0,0,0,0,0
,,,,,0,0,0,1,0,0
,,,,,0,0,0,0,0,0
,,,,,0,0,1,0,0,0
,,,,,0,0,0,1,0,0
Canvas Fingerprinting,,,,,0,0,0,0,0,0
,,,,,0,0,0,1,0,0
,,,,,0,0,0,1,0,0
,,,,,0,0,0,1,0,0
,,,,,0,0,0,1,0,0
,,,,,0,0,0,1,0,0
WebRTC Fingerprinting|AudioContext Fingerprinting,,,,,0,0,0,0,0,0
Canvas Font Fingerprinting,,,,,0,0,0,0,0,0
WebRTC Fingerprinting,,,,,0,0,0,0,0,0
,,,,,0,0,0,1,0,0
Canvas Fingerprinting,0.0,0.6281,0.5119,replace_function_calls_with_no_return,0,0,0,0,0,1
,,,,,0,0,1,0,0,0
,,,,,0,0,0,1,0,0
Canvas Fingerprinting,,,,,0,0,0,0,0,0
,0.9990550265319473,0.6205,0.4007,replace_function_calls_with_no_return,0,0,0,0,0,1
Canvas Fingerprinting|AudioContext Fingerprinting,,,,,0,0,1,0,0,0
Canvas Fingerprinting,,,,,0,0,0,0,0,0
WebRTC Fingerprinting,,,,,0,0,0,0,0,0
Canvas Font Fingerprinting,,,,,0,0,0,0,0,0
,,,,,0,0,0,1,0,0
,,,,,0,0,0,1,0,0
AudioContext Fingerprinting,,,,,0,0,0,0,0,0
WebRTC Fingerprinting,0.0,0.6026,0.6567,replace_function_calls_with_no_return,0,0,0,0,0,1
,,,,,0,0,0,0,0,0
,0.935930735930736,0.6225,0.4041,replace_function_calls_with_no_return,0,0,0,0,0,1
,,,,,0,0,0,1,0,0
Canvas Fingerprinting,,,,,0,0,1,0,0,0
Canvas Fingerprinting,,,,,0,0,0,0,0,0
,,,,,0,0,0,1,0,0
,,,,,0,0,0,1,0,0
,,,,,0,0,0,1,0,0
,,,,,0,0,0,0,0,0
,,,,,0,0,0,0,0,0
,0.0,0.634,0.4419,replace_function_calls_with_no_return,0,0,0,0,0,1
,0.0,0.5885,0.6775,replace_function_calls_with_no_return,0,0,0,0,0,1
,,,,,0,0,0,1,0,0
,,,,,0,0,0,1,0,0
WebRTC Fingerprinting|AudioContext Fingerprinting,,,,,0,0,0,0,0,0
AudioContext Fingerprinting,,,,,0,0,0,0,0,0
Canvas Fingerprinting|AudioContext Fingerprinting,,,,,0,0,0,0,0,0
,,,,,0,0,0,1,0,0
,,,,,0,0,0,1,0,0
Canvas Fingerprinting,,,,,0,0,0,0,0,0
,,,,,0,0,0,1,0,0
,,,,,0,0,0,1,0,0
,0.0,0.6041,0.363,replace_function_calls_with_no_return,0,0,0,0,0,1
AudioContext Fingerprinting,,,,,0,0,0,0,0,0
WebRTC Fingerprinting|AudioContext Fingerprinting,,,,,0,0,0,0,0,0
,,,,,0,0,0,1,0,0
Canvas Fingerprinting|AudioContext Fingerprinting,,,,,0,0,0,0,0,0
,,,,,0,0,0,1,0,0
Canvas Fingerprinting|AudioContext Fingerprinting,,,,,0,0,0,0,0,0
,,,,,0,0,0,0,0,0
Canvas Fingerprinting,,,,,0,0,0,0,0,0
,,,,,0,0,0,1,0,0
,,,,,0,0,0,0,0,0
,,,,,0,0,0,1,0,0
AudioContext Fingerprinting,,,,,0,0,1,0,0,0
,,,,,0,0,0,1,0,0
,0.42671009771986973,0.6237,0.3835,replace_function_calls_with_no_return,0,0,0,0,0,1
WebRTC Fingerprinting,,,,,0,0,0,0,0,0
,0.0,0.603,0.3509,replace_function_calls_with_no_return,0,0,0,0,0,1
Canvas Font Fingerprinting,,,,,0,0,0,0,0,0
Canvas Fingerprinting,,,,,0,0,0,0,0,0
,,,,,0,0,0,1,0,0
AudioContext Fingerprinting,0.0,0.6065,0.5761,replace_function_calls_with_no_return,0,0,0,0,0,1
WebRTC Fingerprinting|AudioContext Fingerprinting,,,,,0,0,0,0,0,0
,,,,,0,0,0,1,0,0
,,,,,0,0,0,1,0,0
WebRTC Fingerprinting|AudioContext Fingerprinting,,,,,0,0,0,0,0,0
,,,,,0,0,0,0,0,0
Canvas Fingerprinting|AudioContext Fingerprinting,,,,,0,0,0,0,0,0
Canvas Fingerprinting,,,,,0,0,0,0,0,0
,0.0,0.6224,0.3564,replace_function_calls_with_no_return,0,0,0,0,0,1
,,,,,0,0,0,1,0,0
,0.0,0.5962,0.3426,replace_function_calls_with_no_return,0,0,0,0,0,1
WebRTC Fingerprinting|AudioContext Fingerprinting,0.9995525783460523,0.7306,1.0566,replace_function_calls_with_no_return,0,0,0,0,0,1
AudioContext Fingerprinting,,,,,0,0,1,0,0,0
,0.0,0.6047,0.3702,replace_function_calls_with_no_return,0,0,0,0,0,1
AudioContext Fingerprinting,,,,,0,0,0,0,0,0
,,,,,0,0,0,1,0,0
Canvas Fingerprinting|AudioContext Fingerprinting,,,,,0,0,0,0,0,0
AudioContext Fingerprinting,,,,,0,0,1,0,0,0
AudioContext Fingerprinting,,,,,0,0,0,0,0,0
,,,,,0,0,1,0,0,0
,,,,,0,0,0,1,0,0
,,,,,0,0,0,1,0,0
,,,,,0,0,0,1,0,0
WebRTC Fingerprinting|AudioContext Fingerprinting,,,,,0,0,0,0,0,0
AudioContext Fingerprinting,,,,,0,0,0,0,0,0
,,,,,0,0,0,1,0,0
AudioContext Fingerprinting,,,,,0,0,0,0,0,0
,,,,,0,0,0,1,0,0
,,,,,0,0,0,0,0,0
Canvas Fingerprinting,,,,,0,0,0,0,0,0
,,,,,0,0,0,1,0,0
,,,,,0,0,1,0,0,0
,,,,,0,0,0,1,0,0
Canvas Fingerprinting|AudioContext Fingerprinting,,,,,0,0,1,0,0,0
,,,,,0,0,0,1,0,0
,0.5391355140186916,0.6282,0.4183,replace_function_calls_with_no_return,0,0,0,0,0,1
,,,,,0,0,0,1,0,0
,,,,,0,0,0,0,0,0
WebRTC Fingerprinting|AudioContext Fingerprinting,,,,,0,0,0,0,0,0
AudioContext Fingerprinting,,,,,0,0,0,0,0,0
,0.0,0.6251,0.4484,replace_function_calls_with_no_return,0,0,0,0,0,1
Canvas Fingerprinting,,,,,0,0,0,0,0,0
Canvas Fingerprinting|AudioContext Fingerprinting,,,,,0,0,0,0,0,0
WebRTC Fingerprinting,0.0,0.5963,0.6707,replace_function_calls_with_no_return,0,0,0,0,0,1
,,,,,0,0,0,1,0,0
,,,,,0,0,0,0,0,0
,,,,,0,0,0,0,0,0
,0.0,0.6146,0.3599,replace_function_calls_with_no_return,0,0,0,0,0,1
AudioContext Fingerprinting,,,,,0,0,0,0,0,0
,,,,,0,0,0,1,0,0
Canvas Fingerprinting,,,,,0,0,0,0,0,0
,,,,,0,0,0,1,0,0
,,,,,0,0,0,1,0,0
AudioContext Fingerprinting,,,,,0,0,0,0,0,0
WebRTC Fingerprinting|AudioContext Fingerprinting,,,,,0,0,0,0,0,0
Canvas Fingerprinting|AudioContext Fingerprinting,,,,,0,0,1,0,0,0
,,,,,0,0,0,1,0,0
WebRTC Fingerprinting,0.0,0.6359,0.5787,replace_function_calls_with_no_return,0,0,0,0,0,1
WebRTC Fingerprinting,,,,,0,0,0,0,0,0
Canvas Fingerprinting|AudioContext Fingerprinting,,,,,0,0,0,0,0,0
,,,,,0,0,0,1,0,0
AudioContext Fingerprinting,,,,,0,0,0,0,0,0
Canvas Fingerprinting|AudioContext Fingerprinting,,,,,0,0,1,0,0,0
,,,,,0,0,0,1,0,0
AudioContext Fingerprinting,,,,,0,0,0,0,0,0
,,,,,0,0,0,1,0,0
WebRTC Fingerprinting,,,,,0,0,0,0,0,0
AudioContext Fingerprinting,,,,,0,0,0,0,0,0
Canvas Fingerprinting|AudioContext Fingerprinting,,,,,0,0,1,0,0,0
Canvas Fingerprinting|AudioContext Fingerprinting,,,,,0,0,0,0,0,0
,,,,,0,0,0,1,0,0
,,,,,0,0,0,0,0,0
WebRTC Fingerprinting,,,,,0,0,0,0,0,0
,0.0,0.62,0.3622,replace_function_calls_with_no_return,0,0,0,0,0,1
,0.0,0.6029,0.3554,replace_function_calls_with_no_return,0,0,0,0,0,1
Canvas Fingerprinting|AudioContext Fingerprinting,,,,,0,0,0,0,0,0
Canvas Fingerprinting,,,,,0,0,0,0,0,0
WebRTC Fingerprinting|AudioContext Fingerprinting,0.9994248602539662,0.7042,1.0299,replace_function_calls_with_no_return,0,0,0,0,0,1
,,,,,0,0,0,1,0,0
,,,,,0,0,0,1,0,0
,,,,,0,0,0,1,0,0
,,,,,0,0,0,1,0,0
AudioContext Fingerprinting,,,,,0,0,0,0,0,0
,,,,,0,0,0,1,0,0
,,,,,0,0,0,0,0,0
,,,,,0,0,0,1,0,0
,,,,,0,0,0,1,0,0
,,,,,0,0,0,1,0,0
,,,,,0,0,0,1,0,0
,,,,,0,0,0,1,0,0
,,,,,0,0,0,1,0,0
,,,,,0,0,0,0,0,0
,,,,,0,0,0,1,0,0
,,,,,0,0,1,0,0,0
Canvas Fingerprinting,,,,,0,0,0,0,0,0
AudioContext Fingerprinting,,,,,0,0,0,0,0,0
AudioContext Fingerprinting,,,,,0,0,0,0,0,0
AudioContext Fingerprinting,,,,,0,0,0,0,0,0
,0.23246492985971945,0.6161,0.3871,replace_function_calls_with_no_return,0,0,0,0,0,1
Canvas Fingerprinting|AudioContext Fingerprinting,,,,,0,0,0,0,0,0
Canvas Fingerprinting,,,,,0,0,0,0,0,0
,,,,,0,0,0,1,0,0
,,,,,0,0,1,0,0,0
Canvas Fingerprinting|AudioContext Fingerprinting,,,,,0,0,0,0,0,0
,,,,,0,0,0,1,0,0
,,,,,0,0,0,0,0,0
,,,,,0,0,0,1,0,0
AudioContext Fingerprinting,,,,,0,0,0,0,0,0
Canvas Fingerprinting|AudioContext Fingerprinting,,,,,0,0,0,0,0,0
,,,,,0,0,0,0,0,0
,,,,,0,0,0,1,0,0
AudioContext Fingerprinting,,,,,0,0,0,0,0,0
WebRTC Fingerprinting,,,,,0,0,0,0,0,0
,,,,,0,0,0,1,0,0
,,,,,0,0,0,0,0,0
Canvas Fingerprinting|AudioContext Fingerprinting,,,,,0,0,0,0,0,0
Canvas Fingerprinting,0.9986641787880073,0.6494,0.746,replace_function_calls_with_no_return,0,0,0,0,0,1
,0.9854545454545455,0.5851,0.382,replace_function_calls_with_no_return,0,0,0,0,0,1
Canvas Fingerprinting,,,,,0,0,0,0,0,0
Canvas Fingerprinting|AudioContext Fingerprinting,,,,,0,0,0,0,0,0
,,,,,0,0,0,1,0,0
,,,,,0,0,0,1,0,0
,,,,,0,0,0,0,0,0
Canvas Fingerprinting,,,,,0,0,1,0,0,0
,0.0,0.609,0.891,replace_function_calls_with_no_return,0,0,0,0,0,1
,,,,,0,0,0,1,0,0
,0.0,0.6019,0.3604,replace_function_calls_with_no_return,0,0,0,0,0,1
,,,,,0,0,0,1,0,0
,,,,,0,0,0,0,0,0
Canvas Fingerprinting|AudioContext Fingerprinting,,,,,0,0,0,0,0,0
Canvas Fingerprinting,,,,,0,0,0,0,0,0
,,,,,0,0,1,0,0,0
Canvas Fingerprinting|AudioContext Fingerprinting,,,,,0,0,0,0,0,0
WebRTC Fingerprinting|AudioContext Fingerprinting,,,,,0,0,0,0,0,0
Canvas Fingerprinting,,,,,0,0,0,0,0,0
,,,,,0,0,0,1,0,0
,,,,,0,0,0,1,0,0
AudioContext Fingerprinting,,,,,0,0,0,0,0,0
,,,,,0,0,0,1,0,0
WebRTC Fingerprinting|AudioContext Fingerprinting,,,,,0,0,0,0,0,0
Canvas Fingerprinting|AudioContext Fingerprinting,,,,,0,0,1,0,0,0
Canvas Fingerprinting,,,,,0,0,0,0,0,0
AudioContext Fingerprinting,,,,,0,0,0,0,0,0
Canvas Fingerprinting|AudioContext Fingerprinting,0.9800107055635475,0.7097,0.7783,replace_function_calls_with_no_return,0,0,0,0,0,1
Canvas Fingerprinting|AudioContext Fingerprinting,,,,,0,0,1,0,0,0
,,,,,0,0,0,1,0,0
Canvas Fingerprinting|AudioContext Fingerprinting,,,,,0,0,0,0,0,0
,,,,,0,0,0,1,0,0
,,,,,0,0,0,1,0,0
,,,,,0,0,0,1,0,0
AudioContext Fingerprinting,,,,,0,0,0,0,0,0
,0.0,0.5944,0.3585,replace_function_calls_with_no_return,0,0,0,0,0,1
Canvas Fingerprinting|AudioContext Fingerprinting,,,,,0,0,0,0,0,0
,,,,,0,0,1,0,0,0
,,,,,0,0,0,0,0,0
,,,,,0,0,0,1,0,0
Canvas Fingerprinting|AudioContext Fingerprinting,,,,,0,0,0,0,0,0
Canvas Fingerprinting,,,,,0,0,0,0,0,0
,0.0,0.5926,0.3552,replace_function_calls_with_no_return,0,0,0,0,0,1
,,,,,0,0,1,0,0,0
,,,,,0,0,0,1,0,0
,,,,,0,0,0,1,0,0
Canvas Font Fingerprinting,,,,,0,0,0,0,0,0
AudioContext Fingerprinting,,,,,0,0,0,0,0,0
Canvas Fingerprinting|AudioContext Fingerprinting,,,,,0,0,1,0,0,0
,,,,,0,0,0,1,0,0
Canvas Fingerprinting,,,,,0,0,0,0,0,0
,,,,,0,0,0,0,0,0
,,,,,0,0,0,1,0,0
,,,,,0,0,0,1,0,0
Canvas Fingerprinting,,,,,0,0,0,0,0,0
,,,,,0,0,0,1,0,0
,,,,,0,0,0,1,0,0
,,,,,0,0,0,1,0,0
,,,,,0,0,0,1,0,0
AudioContext Fingerprinting,,,,,0,0,0,0,0,0
AudioContext Fingerprinting,,,,,0,0,0,0,0,0
,,,,,0,0,0,1,0,0
,,,,,0,0,0,0,0,0
,,,,,0,0,0,1,0,0
,,,,,0,0,0,1,0,0
,0.9612128146453089,0.6233,0.5558,replace_function_calls_with_no_return,0,0,0,0,0,1
,,,,,0,0,0,1,0,0
,,,,,0,0,0,1,0,0
,,,,,0,0,0,0,0,0
WebRTC Fingerprinting,,,,,0,0,0,0,0,0
,0.0,0.6232,0.3531,replace_function_calls_with_no_return,0,0,0,0,0,1
Canvas Fingerprinting,,,,,0,0,1,0,0,0
Canvas Fingerprinting|AudioContext Fingerprinting,,,,,0,0,0,0,0,0
,,,,,0,0,0,1,0,0
AudioContext Fingerprinting,,,,,0,0,0,0,0,0
AudioContext Fingerprinting,,,,,0,0,0,0,0,0
,,,,,0,0,0,1,0,0
AudioContext Fingerprinting,,,,,0,0,0,0,0,0
,,,,,0,0,0,1,0,0
AudioContext Fingerprinting,,,,,0,0,0,0,0,0
AudioContext Fingerprinting,,,,,0,0,0,0,0,0
Canvas Fingerprinting,,,,,0,0,0,0,0,0
,,,,,0,0,0,1,0,0
Canvas Fingerprinting|AudioContext Fingerprinting,,,,,0,0,0,0,0,0
,0.0,0.6215,0.3373,replace_function_calls_with_no_return,0,0,0,0,0,1
,,,,,0,0,0,1,0,0
,,,,,0,0,0,0,0,0
Canvas Fingerprinting|AudioContext Fingerprinting,,,,,0,0,0,0,0,0
AudioContext Fingerprinting,,,,,0,0,0,0,0,0
AudioContext Fingerprinting,,,,,0,0,1,0,0,0
Canvas Fingerprinting|AudioContext Fingerprinting,,,,,0,0,0,0,0,0
,,,,,0,0,0,1,0,0
,,,,,0,0,0,1,0,0
,,,,,0,0,0,1,0,0
,,,,,0,0,0,0,0,0
,,,,,0,0,0,1,0,0
Canvas Fingerprinting|AudioContext Fingerprinting,,,,,0,0,0,0,0,0
AudioContext Fingerprinting,0.17222600408441116,0.6123,0.4081,replace_function_calls_with_no_return,0,0,0,0,0,1
Canvas Fingerprinting|AudioContext Fingerprinting,,,,,0,0,0,0,0,0
Canvas Fingerprinting,,,,,0,0,0,0,0,0
WebRTC Fingerprinting,,,,,0,0,1,0,0,0
,,,,,0,0,0,0,0,0
,,,,,0,0,0,1,0,0
,,,,,0,0,0,1,0,0
,,,,,0,0,0,1,0,0
,,,,,0,0,0,1,0,0
WebRTC Fingerprinting,,,,,0,0,0,0,0,0
Canvas Fingerprinting|AudioContext Fingerprinting,,,,,0,0,0,0,0,0
,,,,,0,0,0,1,0,0
,,,,,0,0,0,1,0,0
Canvas Fingerprinting|AudioContext Fingerprinting,,,,,0,0,0,0,0,0
,,,,,0,0,1,0,0,0
AudioContext Fingerprinting,,,,,0,0,0,0,0,0
AudioContext Fingerprinting,,,,,0,0,0,0,0,0
AudioContext Fingerprinting,,,,,0,0,0,0,0,0
,,,,,0,0,0,1,0,0
Canvas Fingerprinting|AudioContext Fingerprinting,,,,,0,0,0,0,0,0
AudioContext Fingerprinting,,,,,0,0,1,0,0,0
WebRTC Fingerprinting,,,,,0,0,0,0,0,0
,,,,,0,0,1,0,0,0
,,,,,0,0,0,1,0,0
,,,,,0,0,0,1,0,0
,,,,,0,0,0,0,0,0
Canvas Fingerprinting,0.0,0.5742,0.3927,replace_function_calls_with_no_return,0,0,0,0,0,1
AudioContext Fingerprinting,,,,,0,0,0,0,0,0
,,,,,0,0,0,0,0,0
,,,,,0,0,0,1,0,0
,,,,,0,0,0,1,0,0
,,,,,0,0,0,1,0,0
,,,,,0,0,0,1,0,0
,0.0,0.6231,0.3364,replace_function_calls_with_no_return,0,0,0,0,0,1
AudioContext Fingerprinting,,,,,0,0,0,0,0,0
,,,,,0,0,0,1,0,0
,,,,,0,0,0,1,0,0
,0.9605263157894737,0.6084,0.3755,replace_function_calls_with_no_return,0,0,0,0,0,1
,,,,,0,0,0,1,0,0
,,,,,0,0,0,1,0,0
,0.014705882352941176,0.5908,0.3817,replace_function_calls_with_no_return,0,0,0,0,0,1
Canvas Fingerprinting,,,,,0,0,0,0,0,0
,,,,,0,0,0,1,0,0
Canvas Fingerprinting|AudioContext Fingerprinting,,,,,0,0,0,0,0,0
,,,,,0,0,0,1,0,0
,0.7574123989218329,0.6201,0.371,replace_function_calls_with_no_return,0,0,0,0,0,1
,,,,,0,0,0,1,0,0
,,,,,0,0,0,0,0,0
Canvas Font Fingerprinting,,,,,0,0,0,0,0,0
,,,,,0,0,0,1,0,0
,,,,,0,0,0,1,0,0
