categories,cnv_ptg,time_cnv,time_val,working_rules,abrupt_fail,time_fail,ast_fail,large_file_skip,validation_fail,success
,,,,,0,0,0,1,0,0
,,,,,0,0,0,0,0,0
Canvas Fingerprinting|AudioContext Fingerprinting,,,,,0,0,0,0,0,0
,0.0,0.6642,0.3556,replace_while_loops,0,0,0,0,0,1
,,,,,0,0,0,1,0,0
,0.0,0.6336,0.3439,replace_while_loops,0,0,0,0,0,1
,,,,,0,0,0,1,0,0
Canvas Fingerprinting|AudioContext Fingerprinting,,,,,0,0,0,0,0,0
Canvas Fingerprinting,0.0,1.3645,0.4413,replace_while_loops,0,0,0,0,0,1
,0.0,0.6161,0.3557,replace_while_loops,0,0,0,0,0,1
,,,,,0,0,0,1,0,0
AudioContext Fingerprinting,,,,,0,0,0,0,0,0
,,,,,0,0,0,1,0,0
,,,,,0,0,1,0,0,0
,,,,,0,0,0,1,0,0
AudioContext Fingerprinting,,,,,0,0,1,0,0,0
AudioContext Fingerprinting,0.0,4.2272,0.9851,replace_while_loops,0,0,0,0,0,1
,,,,,0,0,0,1,0,0
Canvas Fingerprinting|AudioContext Fingerprinting,0.0,1.1051,0.4298,replace_while_loops,0,0,0,0,0,1
AudioContext Fingerprinting,,,,,0,0,0,0,0,0
AudioContext Fingerprinting,,,,,0,0,0,0,0,0
AudioContext Fingerprinting,,,,,0,0,0,0,0,0
,,,,,0,0,0,1,0,0
Canvas Fingerprinting|AudioContext Fingerprinting,0.0,1.0907,0.4267,replace_while_loops,0,0,0,0,0,1
Canvas Fingerprinting|AudioContext Fingerprinting,0.06622573440989521,0.7243,0.3678,replace_while_loops,0,0,0,0,0,1
AudioContext Fingerprinting,,,,,0,0,0,0,0,0
,,,,,0,0,0,1,0,0
,,,,,0,0,0,1,0,0
,,,,,0,0,0,1,0,0
WebRTC Fingerprinting,,,,,0,0,0,0,0,0
AudioContext Fingerprinting,,,,,0,0,1,0,0,0
,,,,,0,0,0,1,0,0
,,,,,0,0,0,1,0,0
,,,,,0,0,0,1,0,0
,0.0,0.6305,0.3499,replace_while_loops,0,0,0,0,0,1
,0.0,0.6979,0.3602,replace_while_loops,0,0,0,0,0,1
,,,,,0,0,0,1,0,0
,0.0,0.6355,0.3631,replace_while_loops,0,0,0,0,0,1
,,,,,0,0,0,1,0,0
,,,,,0,0,0,0,0,0
WebRTC Fingerprinting,,,,,0,0,0,0,0,0
,,,,,0,0,0,1,0,0
,,,,,0,0,0,1,0,0
Canvas Fingerprinting,,,,,0,0,1,0,0,0
,,,,,0,0,0,1,0,0
,0.0,1.389,0.4389,replace_while_loops,0,0,0,0,0,1
,,,,,0,0,0,1,0,0
,0.0,0.6203,0.3529,replace_while_loops,0,0,0,0,0,1
Canvas Fingerprinting,,,,,0,0,1,0,0,0
,,,,,0,0,0,1,0,0
,,,,,0,0,0,1,0,0
,,,,,0,0,0,1,0,0
Canvas Fingerprinting|AudioContext Fingerprinting,,,,,0,0,1,0,0,0
,,,,,0,0,0,1,0,0
,0.0,0.6503,0.3597,replace_while_loops,0,0,0,0,0,1
,0.003595659058881641,3.5932,1.1352,replace_while_loops,0,0,0,0,0,1
AudioContext Fingerprinting,,,,,0,0,1,0,0,0
Canvas Fingerprinting|AudioContext Fingerprinting,,,,,0,0,0,0,0,0
,,,,,0,0,0,1,0,0
Canvas Fingerprinting|AudioContext Fingerprinting,0.0,1.1056,0.4284,replace_while_loops,0,0,0,0,0,1
Canvas Fingerprinting,,,,,0,0,0,0,0,0
Canvas Fingerprinting|AudioContext Fingerprinting,,,,,0,0,1,0,0,0
,,,,,0,0,0,1,0,0
,,,,,0,0,0,1,0,0
Canvas Fingerprinting,,,,,0,0,0,0,0,0
WebRTC Fingerprinting|AudioContext Fingerprinting,0.0,0.603,0.46,replace_while_loops,0,0,0,0,0,1
,,,,,0,0,0,1,0,0
,,,,,0,0,0,1,0,0
Canvas Font Fingerprinting,0.0,10.1089,2.5191,replace_while_loops,0,0,0,0,0,1
WebRTC Fingerprinting|AudioContext Fingerprinting,,,,,0,0,0,0,0,0
,,,,,0,0,0,1,0,0
,,,,,0,0,0,1,0,0
,,,,,0,0,0,0,0,0
,,,,,0,0,0,1,0,0
,,,,,0,0,0,1,0,0
,0.0,0.6214,0.3541,replace_while_loops,0,0,0,0,0,1
Canvas Fingerprinting,,,,,0,0,0,0,0,0
,,,,,0,0,0,1,0,0
,,,,,0,0,0,1,0,0
AudioContext Fingerprinting,,,,,0,0,0,0,0,0
,0.0,0.9337,0.3815,replace_while_loops,0,0,0,0,0,1
,,,,,0,0,0,1,0,0
,,,,,0,0,0,1,0,0
,,,,,0,0,0,1,0,0
Canvas Font Fingerprinting,,,,,0,0,0,0,0,0
,,,,,0,0,0,1,0,0
AudioContext Fingerprinting,0.0,6.1892,1.2802,replace_while_loops,0,0,0,0,0,1
,,,,,0,0,0,1,0,0
,0.0,6.3625,1.2578,replace_while_loops,0,0,0,0,0,1
,,,,,0,0,0,1,0,0
WebRTC Fingerprinting|AudioContext Fingerprinting,,,,,0,0,0,0,0,0
Canvas Fingerprinting,0.0,1.3679,0.4589,replace_while_loops,0,0,0,0,0,1
,,,,,0,0,0,1,0,0
,0.0,0.6661,0.3536,replace_while_loops,0,0,0,0,0,1
WebRTC Fingerprinting|AudioContext Fingerprinting,0.0,3.3499,1.0925,replace_while_loops,0,0,0,0,0,1
Canvas Fingerprinting,0.0020516448532012736,1.1459,0.3975,replace_while_loops,0,0,0,0,0,1
,,,,,0,0,0,1,0,0
Canvas Fingerprinting,0.0,1.5724,0.6363,replace_while_loops,0,0,0,0,0,1
AudioContext Fingerprinting,0.0,4.2922,0.9963,replace_while_loops,0,0,0,0,0,1
WebRTC Fingerprinting,,,,,0,0,1,0,0,0
Canvas Fingerprinting|AudioContext Fingerprinting,,,,,0,0,0,0,0,0
,,,,,0,0,0,1,0,0
Canvas Fingerprinting|AudioContext Fingerprinting,,,,,0,0,0,0,0,0
,,,,,0,0,0,1,0,0
WebRTC Fingerprinting,0.0,1.2652,0.4693,replace_while_loops,0,0,0,0,0,1
,,,,,0,0,0,1,0,0
,,,,,0,0,0,1,0,0
WebRTC Fingerprinting|AudioContext Fingerprinting,0.0,3.3139,1.0726,replace_while_loops,0,0,0,0,0,1
,,,,,0,0,0,1,0,0
WebRTC Fingerprinting|AudioContext Fingerprinting,,,,,0,0,0,0,0,0
Canvas Fingerprinting|AudioContext Fingerprinting,0.0,1.2923,0.4154,replace_while_loops,0,0,0,0,0,1
,,,,,0,0,0,0,0,0
Canvas Fingerprinting|AudioContext Fingerprinting,0.0,1.1079,0.4248,replace_while_loops,0,0,0,0,0,1
WebRTC Fingerprinting|AudioContext Fingerprinting,,,,,0,0,0,0,0,0
,,,,,0,0,0,0,0,0
,,,,,0,0,0,1,0,0
WebRTC Fingerprinting,,,,,0,0,0,0,0,0
WebRTC Fingerprinting|AudioContext Fingerprinting,0.0,3.336,0.8492,replace_while_loops,0,0,0,0,0,1
,,,,,0,0,0,1,0,0
,,,,,0,0,1,0,0,0
,,,,,0,0,0,1,0,0
,,,,,0,0,0,1,0,0
Canvas Fingerprinting|AudioContext Fingerprinting,,,,,0,0,1,0,0,0
,,,,,0,0,0,1,0,0
,,,,,0,0,0,1,0,0
Canvas Fingerprinting,0.0,0.9684,0.395,replace_while_loops,0,0,0,0,0,1
,,,,,0,0,0,1,0,0
,0.0,0.6067,0.3482,replace_while_loops,0,0,0,0,0,1
AudioContext Fingerprinting,,,,,0,0,0,0,0,0
,,,,,0,0,0,1,0,0
,,,,,0,0,0,1,0,0
AudioContext Fingerprinting,,,,,0,0,0,0,0,0
,,,,,0,0,1,0,0,0
,,,,,0,0,0,1,0,0
,,,,,0,0,0,1,0,0
WebRTC Fingerprinting,0.0014668246323963094,2.1959,0.6029,replace_while_loops,0,0,0,0,0,1
WebRTC Fingerprinting,0.0014668246323963094,2.1755,0.605,replace_while_loops,0,0,0,0,0,1
,,,,,0,0,0,1,0,0
WebRTC Fingerprinting,,,,,0,0,0,0,0,0
AudioContext Fingerprinting,,,,,0,0,0,0,0,0
WebRTC Fingerprinting|AudioContext Fingerprinting,0.0,3.3586,0.8855,replace_while_loops,0,0,0,0,0,1
,,,,,0,0,0,1,0,0
AudioContext Fingerprinting,,,,,0,0,0,0,0,0
Canvas Fingerprinting,0.0,0.9801,0.3687,replace_while_loops,0,0,0,0,0,1
,0.027242374877014145,1.3013,0.4874,replace_while_loops,0,0,0,0,0,1
Canvas Fingerprinting,0.0,1.1554,0.4086,replace_while_loops,0,0,0,0,0,1
,,,,,0,0,0,1,0,0
,,,,,0,0,0,0,0,0
,0.0,0.8604,0.3573,replace_while_loops,0,0,0,0,0,1
,,,,,0,0,0,1,0,0
Canvas Fingerprinting,0.0,1.001,0.3989,replace_while_loops,0,0,0,0,0,1
,,,,,0,0,0,1,0,0
,,,,,0,0,0,1,0,0
,,,,,0,0,0,1,0,0
,0.0,0.606,0.3509,replace_while_loops,0,0,0,0,0,1
,,,,,0,0,0,1,0,0
,0.0,0.6378,0.3579,replace_while_loops,0,0,0,0,0,1
,0.0,0.6222,0.3566,replace_while_loops,0,0,0,0,0,1
Canvas Fingerprinting,0.0,0.7421,0.3742,replace_while_loops,0,0,0,0,1,0
,,,,,0,0,0,1,0,0
Canvas Fingerprinting,0.0,0.9514,0.3901,replace_while_loops,0,0,0,0,0,1
AudioContext Fingerprinting,,,,,0,0,0,0,0,0
,,,,,0,0,0,0,0,0
Canvas Fingerprinting|AudioContext Fingerprinting,0.0,1.1143,0.4222,replace_while_loops,0,0,0,0,0,1
,,,,,0,0,0,1,0,0
WebRTC Fingerprinting,,,,,0,0,0,0,0,0
WebRTC Fingerprinting,0.0,2.3937,0.5953,replace_while_loops,0,0,0,0,0,1
,,,,,0,0,0,1,0,0
,,,,,0,0,0,0,0,0
,,,,,0,0,1,0,0,0
,,,,,0,0,0,1,0,0
Canvas Fingerprinting,0.0,1.1313,0.4091,replace_while_loops,0,0,0,0,0,1
,,,,,0,0,0,1,0,0
,,,,,0,0,0,1,0,0
,,,,,0,0,0,1,0,0
,,,,,0,0,0,1,0,0
,,,,,0,0,0,1,0,0
WebRTC Fingerprinting|AudioContext Fingerprinting,,,,,0,0,0,0,0,0
Canvas Font Fingerprinting,0.0,10.0439,1.835,replace_while_loops,0,0,0,0,0,1
WebRTC Fingerprinting,0.0,1.2524,0.4303,replace_while_loops,0,0,0,0,0,1
,,,,,0,0,0,1,0,0
Canvas Fingerprinting,0.0,1.3769,0.4805,replace_while_loops,0,0,0,0,0,1
,,,,,0,0,1,0,0,0
,,,,,0,0,0,1,0,0
Canvas Fingerprinting,,,,,0,0,0,0,0,0
,0.0,0.6592,0.3551,replace_while_loops,0,0,0,0,0,1
Canvas Fingerprinting|AudioContext Fingerprinting,,,,,0,0,1,0,0,0
Canvas Fingerprinting,0.0,1.1815,0.481,replace_while_loops,0,0,0,0,0,1
WebRTC Fingerprinting,0.0,0.7622,0.3463,replace_while_loops,0,0,0,0,0,1
Canvas Font Fingerprinting,,,,,0,0,0,0,0,0
,,,,,0,0,0,1,0,0
,,,,,0,0,0,1,0,0
AudioContext Fingerprinting,,,,,0,0,0,0,0,0
WebRTC Fingerprinting,0.0014668246323963094,2.176,0.5963,replace_while_loops,0,0,0,0,0,1
,0.028844183345856957,1.242,0.4997,replace_while_loops,0,0,0,0,0,1
,0.0,0.6616,0.3508,replace_while_loops,0,0,0,0,0,1
,,,,,0,0,0,1,0,0
Canvas Fingerprinting,,,,,0,0,1,0,0,0
Canvas Fingerprinting,0.0,0.9498,0.3922,replace_while_loops,0,0,0,0,0,1
,,,,,0,0,0,1,0,0
,,,,,0,0,0,1,0,0
,,,,,0,0,0,1,0,0
,0.0,0.8721,0.3532,replace_while_loops,0,0,0,0,0,1
,,,,,0,0,0,0,0,0
,0.0,0.9938,0.4019,replace_while_loops,0,0,0,0,0,1
,0.0,2.5933,0.6185,replace_while_loops,0,0,0,0,0,1
,,,,,0,0,0,1,0,0
,,,,,0,0,0,1,0,0
WebRTC Fingerprinting|AudioContext Fingerprinting,,,,,0,0,0,0,0,0
AudioContext Fingerprinting,,,,,0,0,0,0,0,0
Canvas Fingerprinting|AudioContext Fingerprinting,0.0,1.2233,0.439,replace_while_loops,0,0,0,0,0,1
,,,,,0,0,0,1,0,0
,,,,,0,0,0,1,0,0
Canvas Fingerprinting,0.0,1.1253,0.4133,replace_while_loops,0,0,0,0,0,1
,,,,,0,0,0,1,0,0
,,,,,0,0,0,1,0,0
,0.0,0.6171,0.3561,replace_while_loops,0,0,0,0,0,1
AudioContext Fingerprinting,,,,,0,0,0,0,0,0
WebRTC Fingerprinting|AudioContext Fingerprinting,,,,,0,0,0,0,0,0
,,,,,0,0,0,1,0,0
Canvas Fingerprinting|AudioContext Fingerprinting,0.0,1.14,0.4303,replace_while_loops,0,0,0,0,0,1
,,,,,0,0,0,1,0,0
Canvas Fingerprinting|AudioContext Fingerprinting,0.0,1.0843,0.4117,replace_while_loops,0,0,0,0,0,1
,,,,,0,0,0,0,0,0
Canvas Fingerprinting,,,,,0,0,0,0,0,0
,,,,,0,0,0,1,0,0
,,,,,0,0,0,0,0,0
,,,,,0,0,0,1,0,0
AudioContext Fingerprinting,,,,,0,0,1,0,0,0
,,,,,0,0,0,1,0,0
,0.0,0.6279,0.3477,replace_while_loops,0,0,0,0,0,1
WebRTC Fingerprinting,,,,,0,0,0,0,0,0
,0.0,0.6152,0.3193,replace_while_loops,0,0,0,0,0,1
Canvas Font Fingerprinting,0.0,8.8331,2.2265,replace_while_loops,0,0,0,0,0,1
Canvas Fingerprinting,,,,,0,0,0,0,0,0
,,,,,0,0,0,1,0,0
AudioContext Fingerprinting,0.0,1.5559,0.5308,replace_while_loops,0,0,0,0,0,1
WebRTC Fingerprinting|AudioContext Fingerprinting,,,,,0,0,0,0,0,0
,,,,,0,0,0,1,0,0
,,,,,0,0,0,1,0,0
WebRTC Fingerprinting|AudioContext Fingerprinting,,,,,0,0,0,0,0,0
,,,,,0,0,0,0,0,0
Canvas Fingerprinting|AudioContext Fingerprinting,,,,,0,0,0,0,0,0
Canvas Fingerprinting,0.0,1.1211,0.4044,replace_while_loops,0,0,0,0,0,1
,0.0,0.6406,0.3548,replace_while_loops,0,0,0,0,0,1
,,,,,0,0,0,1,0,0
,0.0,0.6332,0.3595,replace_while_loops,0,0,0,0,0,1
WebRTC Fingerprinting|AudioContext Fingerprinting,0.0,3.4264,1.2188,replace_while_loops,0,0,0,0,0,1
AudioContext Fingerprinting,,,,,0,0,1,0,0,0
,0.0,0.6277,0.3537,replace_while_loops,0,0,0,0,0,1
AudioContext Fingerprinting,,,,,0,0,0,0,0,0
,,,,,0,0,0,1,0,0
Canvas Fingerprinting|AudioContext Fingerprinting,0.0,1.0582,0.4246,replace_while_loops,0,0,0,0,0,1
AudioContext Fingerprinting,,,,,0,0,1,0,0,0
AudioContext Fingerprinting,0.0,5.9706,1.6012,replace_while_loops,0,0,0,0,0,1
,,,,,0,0,1,0,0,0
,,,,,0,0,0,1,0,0
,,,,,0,0,0,1,0,0
,,,,,0,0,0,1,0,0
WebRTC Fingerprinting|AudioContext Fingerprinting,,,,,0,0,0,0,0,0
AudioContext Fingerprinting,0.0,2.8359,0.6797,replace_while_loops,0,0,0,0,0,1
,,,,,0,0,0,1,0,0
AudioContext Fingerprinting,,,,,0,0,0,0,0,0
,,,,,0,0,0,1,0,0
,,,,,0,0,0,0,0,0
Canvas Fingerprinting,0.0,0.9182,0.3943,replace_while_loops,0,0,0,0,0,1
,,,,,0,0,0,1,0,0
,,,,,0,0,1,0,0,0
,,,,,0,0,0,1,0,0
Canvas Fingerprinting|AudioContext Fingerprinting,,,,,0,0,1,0,0,0
,,,,,0,0,0,1,0,0
,0.0,0.6694,0.3605,replace_while_loops,0,0,0,0,0,1
,,,,,0,0,0,1,0,0
,,,,,0,0,0,0,0,0
WebRTC Fingerprinting|AudioContext Fingerprinting,,,,,0,0,0,0,0,0
AudioContext Fingerprinting,,,,,0,0,0,0,0,0
,0.0,1.1023,0.4076,replace_while_loops,0,0,0,0,0,1
Canvas Fingerprinting,,,,,0,0,0,0,0,0
Canvas Fingerprinting|AudioContext Fingerprinting,0.0,1.1406,0.4313,replace_while_loops,0,0,0,0,0,1
WebRTC Fingerprinting,0.0014668246323963094,2.1986,0.8157,replace_while_loops,0,0,0,0,0,1
,,,,,0,0,0,1,0,0
,,,,,0,0,0,0,0,0
,,,,,0,0,0,0,0,0
,0.0,0.643,0.364,replace_while_loops,0,0,0,0,0,1
AudioContext Fingerprinting,,,,,0,0,0,0,0,0
,,,,,0,0,0,1,0,0
Canvas Fingerprinting,,,,,0,0,0,0,0,0
,,,,,0,0,0,1,0,0
,,,,,0,0,0,1,0,0
AudioContext Fingerprinting,,,,,0,0,0,0,0,0
WebRTC Fingerprinting|AudioContext Fingerprinting,,,,,0,0,0,0,0,0
Canvas Fingerprinting|AudioContext Fingerprinting,,,,,0,0,1,0,0,0
,,,,,0,0,0,1,0,0
WebRTC Fingerprinting,0.0,1.7949,0.5388,replace_while_loops,0,0,0,0,0,1
WebRTC Fingerprinting,,,,,0,0,0,0,0,0
Canvas Fingerprinting|AudioContext Fingerprinting,0.0,1.1036,0.435,replace_while_loops,0,0,0,0,0,1
,,,,,0,0,0,1,0,0
AudioContext Fingerprinting,0.0,6.0777,1.7056,replace_while_loops,0,0,0,0,0,1
Canvas Fingerprinting|AudioContext Fingerprinting,,,,,0,0,1,0,0,0
,,,,,0,0,0,1,0,0
AudioContext Fingerprinting,,,,,0,0,0,0,0,0
,,,,,0,0,0,1,0,0
WebRTC Fingerprinting,0.0,0.6911,0.3566,replace_while_loops,0,0,0,0,0,1
AudioContext Fingerprinting,,,,,0,0,0,0,0,0
Canvas Fingerprinting|AudioContext Fingerprinting,,,,,0,0,1,0,0,0
Canvas Fingerprinting|AudioContext Fingerprinting,,,,,0,0,0,0,0,0
,,,,,0,0,0,1,0,0
,0.0,0.6495,0.4252,replace_while_loops,0,0,0,0,0,1
WebRTC Fingerprinting,,,,,0,0,0,0,0,0
,0.0,0.6614,0.3586,replace_while_loops,0,0,0,0,0,1
,0.0,0.5996,0.3601,replace_while_loops,0,0,0,0,0,1
Canvas Fingerprinting|AudioContext Fingerprinting,0.0,1.2673,0.4397,replace_while_loops,0,0,0,0,0,1
Canvas Fingerprinting,,,,,0,0,0,0,0,0
WebRTC Fingerprinting|AudioContext Fingerprinting,0.0,3.3333,0.8687,replace_while_loops,0,0,0,0,0,1
,,,,,0,0,0,1,0,0
,,,,,0,0,0,1,0,0
,,,,,0,0,0,1,0,0
,,,,,0,0,0,1,0,0
AudioContext Fingerprinting,,,,,0,0,0,0,0,0
,,,,,0,0,0,1,0,0
,,,,,0,0,0,0,0,0
,,,,,0,0,0,1,0,0
,,,,,0,0,0,1,0,0
,,,,,0,0,0,1,0,0
,,,,,0,0,0,1,0,0
,,,,,0,0,0,1,0,0
,,,,,0,0,0,1,0,0
,,,,,0,0,0,0,0,0
,,,,,0,0,0,1,0,0
,,,,,0,0,1,0,0,0
Canvas Fingerprinting,0.0,1.6103,0.5874,replace_while_loops,0,0,0,0,0,1
AudioContext Fingerprinting,,,,,0,0,0,0,0,0
AudioContext Fingerprinting,,,,,0,0,0,0,0,0
AudioContext Fingerprinting,,,,,0,0,0,0,0,0
,0.0,0.6418,0.3734,replace_while_loops,0,0,0,0,0,1
Canvas Fingerprinting|AudioContext Fingerprinting,0.0,1.1501,0.4326,replace_while_loops,0,0,0,0,0,1
Canvas Fingerprinting,,,,,0,0,0,0,0,0
,,,,,0,0,0,1,0,0
,,,,,0,0,1,0,0,0
Canvas Fingerprinting|AudioContext Fingerprinting,0.0,1.1171,0.4288,replace_while_loops,0,0,0,0,0,1
,,,,,0,0,0,1,0,0
,,,,,0,0,0,0,0,0
,,,,,0,0,0,1,0,0
AudioContext Fingerprinting,,,,,0,0,0,0,0,0
Canvas Fingerprinting|AudioContext Fingerprinting,0.0,1.112,0.4143,replace_while_loops,0,0,0,0,0,1
,,,,,0,0,0,0,0,0
,,,,,0,0,0,1,0,0
AudioContext Fingerprinting,0.0,6.1631,1.6856,replace_while_loops,0,0,0,0,0,1
WebRTC Fingerprinting,,,,,0,0,0,0,0,0
,,,,,0,0,0,1,0,0
,,,,,0,0,0,0,0,0
Canvas Fingerprinting|AudioContext Fingerprinting,0.0,1.3119,0.499,replace_while_loops,0,0,0,0,0,1
Canvas Fingerprinting,0.0,1.5151,0.4693,replace_while_loops,0,0,0,0,0,1
,0.0,0.6351,0.3754,replace_while_loops,0,0,0,0,0,1
Canvas Fingerprinting,,,,,0,0,0,0,0,0
Canvas Fingerprinting|AudioContext Fingerprinting,0.0,1.0663,0.4279,replace_while_loops,0,0,0,0,0,1
,,,,,0,0,0,1,0,0
,,,,,0,0,0,1,0,0
,,,,,0,0,0,0,0,0
Canvas Fingerprinting,,,,,0,0,1,0,0,0
,0.001414050799394847,2.9185,0.6506,replace_while_loops,0,0,0,0,0,1
,,,,,0,0,0,1,0,0
,0.0,0.6279,0.3597,replace_while_loops,0,0,0,0,0,1
,,,,,0,0,0,1,0,0
,0.0,0.6637,0.363,replace_while_loops,0,0,0,0,0,1
Canvas Fingerprinting|AudioContext Fingerprinting,0.0,1.0927,0.4434,replace_while_loops,0,0,0,0,0,1
Canvas Fingerprinting,,,,,0,0,0,0,0,0
,,,,,0,0,1,0,0,0
Canvas Fingerprinting|AudioContext Fingerprinting,,,,,0,0,0,0,0,0
WebRTC Fingerprinting|AudioContext Fingerprinting,,,,,0,0,0,0,0,0
Canvas Fingerprinting,0.07171606293450421,0.7609,0.3609,replace_while_loops,0,0,0,0,0,1
,,,,,0,0,0,1,0,0
,,,,,0,0,0,1,0,0
AudioContext Fingerprinting,,,,,0,0,0,0,0,0
,,,,,0,0,0,1,0,0
WebRTC Fingerprinting|AudioContext Fingerprinting,,,,,0,0,0,0,0,0
Canvas Fingerprinting|AudioContext Fingerprinting,,,,,0,0,1,0,0,0
Canvas Fingerprinting,,,,,0,0,0,0,0,0
AudioContext Fingerprinting,0.0,1.3696,0.4545,replace_while_loops,0,0,0,0,0,1
Canvas Fingerprinting|AudioContext Fingerprinting,0.0,1.1058,0.4255,replace_while_loops,0,0,0,0,0,1
Canvas Fingerprinting|AudioContext Fingerprinting,,,,,0,0,1,0,0,0
,,,,,0,0,0,1,0,0
Canvas Fingerprinting|AudioContext Fingerprinting,0.0,1.1202,0.4244,replace_while_loops,0,0,0,0,0,1
,,,,,0,0,0,1,0,0
,,,,,0,0,0,1,0,0
,,,,,0,0,0,1,0,0
AudioContext Fingerprinting,,,,,0,0,0,0,0,0
,0.0,0.6253,0.3628,replace_while_loops,0,0,0,0,0,1
Canvas Fingerprinting|AudioContext Fingerprinting,0.0,1.1921,0.435,replace_while_loops,0,0,0,0,0,1
,,,,,0,0,1,0,0,0
,,,,,0,0,0,0,0,0
,,,,,0,0,0,1,0,0
Canvas Fingerprinting|AudioContext Fingerprinting,,,,,0,0,0,0,0,0
Canvas Fingerprinting,,,,,0,0,0,0,0,0
,0.0,0.6004,0.3665,replace_while_loops,0,0,0,0,0,1
,,,,,0,0,1,0,0,0
,,,,,0,0,0,1,0,0
,,,,,0,0,0,1,0,0
Canvas Font Fingerprinting,,,,,0,0,0,0,0,0
AudioContext Fingerprinting,0.0,3.7107,0.934,replace_while_loops,0,0,0,0,0,1
Canvas Fingerprinting|AudioContext Fingerprinting,,,,,0,0,1,0,0,0
,,,,,0,0,0,1,0,0
Canvas Fingerprinting,0.0,1.3801,0.45,replace_while_loops,0,0,0,0,0,1
,,,,,0,0,0,0,0,0
,,,,,0,0,0,1,0,0
,,,,,0,0,0,1,0,0
Canvas Fingerprinting,,,,,0,0,0,0,0,0
,,,,,0,0,0,1,0,0
,,,,,0,0,0,1,0,0
,,,,,0,0,0,1,0,0
,,,,,0,0,0,1,0,0
AudioContext Fingerprinting,,,,,0,0,0,0,0,0
AudioContext Fingerprinting,0.0,4.3538,1.1824,replace_while_loops,0,0,0,0,0,1
,,,,,0,0,0,1,0,0
,,,,,0,0,0,0,0,0
,,,,,0,0,0,1,0,0
,,,,,0,0,0,1,0,0
,0.0,1.021,0.401,replace_while_loops,0,0,0,0,0,1
,,,,,0,0,0,1,0,0
,,,,,0,0,0,1,0,0
,,,,,0,0,0,0,0,0
WebRTC Fingerprinting,,,,,0,0,0,0,0,0
,0.0,0.6069,0.3521,replace_while_loops,0,0,0,0,0,1
Canvas Fingerprinting,,,,,0,0,1,0,0,0
Canvas Fingerprinting|AudioContext Fingerprinting,0.0,1.1768,0.4163,replace_while_loops,0,0,0,0,0,1
,,,,,0,0,0,1,0,0
AudioContext Fingerprinting,,,,,0,0,0,0,0,0
AudioContext Fingerprinting,0.0,3.2822,0.7836,replace_while_loops,0,0,0,0,0,1
,,,,,0,0,0,1,0,0
AudioContext Fingerprinting,,,,,0,0,0,0,0,0
,,,,,0,0,0,1,0,0
AudioContext Fingerprinting,,,,,0,0,0,0,0,0
AudioContext Fingerprinting,,,,,0,0,0,0,0,0
Canvas Fingerprinting,,,,,0,0,0,0,0,0
,,,,,0,0,0,1,0,0
Canvas Fingerprinting|AudioContext Fingerprinting,,,,,0,0,0,0,0,0
,0.0,0.6248,0.3555,replace_while_loops,0,0,0,0,0,1
,,,,,0,0,0,1,0,0
,,,,,0,0,0,0,0,0
Canvas Fingerprinting|AudioContext Fingerprinting,,,,,0,0,0,0,0,0
AudioContext Fingerprinting,0.0,3.1522,0.6749,replace_while_loops,0,0,0,0,0,1
AudioContext Fingerprinting,,,,,0,0,1,0,0,0
Canvas Fingerprinting|AudioContext Fingerprinting,0.0,1.2174,0.4267,replace_while_loops,0,0,0,0,0,1
,,,,,0,0,0,1,0,0
,,,,,0,0,0,1,0,0
,,,,,0,0,0,1,0,0
,,,,,0,0,0,0,0,0
,,,,,0,0,0,1,0,0
Canvas Fingerprinting|AudioContext Fingerprinting,,,,,0,0,0,0,0,0
AudioContext Fingerprinting,0.0,0.647,0.3641,replace_while_loops,0,0,0,0,0,1
Canvas Fingerprinting|AudioContext Fingerprinting,,,,,0,0,0,0,0,0
Canvas Fingerprinting,,,,,0,0,0,0,0,0
WebRTC Fingerprinting,,,,,0,0,1,0,0,0
,,,,,0,0,0,0,0,0
,,,,,0,0,0,1,0,0
,,,,,0,0,0,1,0,0
,,,,,0,0,0,1,0,0
,,,,,0,0,0,1,0,0
WebRTC Fingerprinting,,,,,0,0,0,0,0,0
Canvas Fingerprinting|AudioContext Fingerprinting,,,,,0,0,0,0,0,0
,,,,,0,0,0,1,0,0
,,,,,0,0,0,1,0,0
Canvas Fingerprinting|AudioContext Fingerprinting,0.0,1.0939,0.5859,replace_while_loops,0,0,0,0,0,1
,,,,,0,0,1,0,0,0
AudioContext Fingerprinting,,,,,0,0,0,0,0,0
AudioContext Fingerprinting,,,,,0,0,0,0,0,0
AudioContext Fingerprinting,0.0,6.1507,1.2703,replace_while_loops,0,0,0,0,0,1
,,,,,0,0,0,1,0,0
Canvas Fingerprinting|AudioContext Fingerprinting,0.0,1.0917,0.4302,replace_while_loops,0,0,0,0,0,1
AudioContext Fingerprinting,,,,,0,0,1,0,0,0
WebRTC Fingerprinting,,,,,0,0,0,0,0,0
,,,,,0,0,1,0,0,0
,,,,,0,0,0,1,0,0
,,,,,0,0,0,1,0,0
,,,,,0,0,0,0,0,0
Canvas Fingerprinting,0.09041591320072333,0.7098,0.365,replace_while_loops,0,0,0,0,0,1
AudioContext Fingerprinting,,,,,0,0,0,0,0,0
,,,,,0,0,0,0,0,0
,,,,,0,0,0,1,0,0
,,,,,0,0,0,1,0,0
,,,,,0,0,0,1,0,0
,,,,,0,0,0,1,0,0
,0.0,0.6307,0.365,replace_while_loops,0,0,0,0,0,1
AudioContext Fingerprinting,0.0,6.1056,1.2551,replace_while_loops,0,0,0,0,0,1
,,,,,0,0,0,1,0,0
,,,,,0,0,0,1,0,0
,0.0,0.6159,0.3674,replace_while_loops,0,0,0,0,0,1
,,,,,0,0,0,1,0,0
,,,,,0,0,0,1,0,0
,0.0,0.67,0.3607,replace_while_loops,0,0,0,0,0,1
Canvas Fingerprinting,0.0,0.8216,0.3634,replace_while_loops,0,0,0,0,0,1
,,,,,0,0,0,1,0,0
Canvas Fingerprinting|AudioContext Fingerprinting,0.0,1.1198,0.3914,replace_while_loops,0,0,0,0,0,1
,,,,,0,0,0,1,0,0
,0.0,0.6398,0.3477,replace_while_loops,0,0,0,0,0,1
,,,,,0,0,0,1,0,0
,,,,,0,0,0,0,0,0
Canvas Font Fingerprinting,,,,,0,0,0,0,0,0
,,,,,0,0,0,1,0,0
,,,,,0,0,0,1,0,0
