categories,cnv_ptg,time_cnv,time_val,working_rules,abrupt_fail,time_fail,ast_fail,large_file_skip,validation_fail,success
,,,,,0,0,0,1,0,0
,,,,,0,0,0,0,0,0
Canvas Fingerprinting|AudioContext Fingerprinting,,,,,0,0,0,0,0,0
,0.0,0.6825,0.3535,replace_for_loops,0,0,0,0,0,1
,,,,,0,0,0,1,0,0
,0.0,0.711,0.3641,replace_for_loops,0,0,0,0,0,1
,,,,,0,0,0,1,0,0
Canvas Fingerprinting|AudioContext Fingerprinting,,,,,0,0,0,0,0,0
Canvas Fingerprinting,,,,,0,0,0,0,0,0
,0.0,0.6218,0.3831,replace_for_loops,0,0,0,0,0,1
,,,,,0,0,0,1,0,0
AudioContext Fingerprinting,,,,,0,0,0,0,0,0
,,,,,0,0,0,1,0,0
,,,,,0,0,1,0,0,0
,,,,,0,0,0,1,0,0
AudioContext Fingerprinting,,,,,0,0,1,0,0,0
AudioContext Fingerprinting,,,,,0,0,0,0,0,0
,,,,,0,0,0,1,0,0
Canvas Fingerprinting|AudioContext Fingerprinting,0.0,1.168,0.4182,replace_for_loops,0,0,0,0,0,1
AudioContext Fingerprinting,,,,,0,0,0,0,0,0
AudioContext Fingerprinting,,,,,0,0,0,0,0,0
AudioContext Fingerprinting,,,,,0,0,0,0,0,0
,,,,,0,0,0,1,0,0
Canvas Fingerprinting|AudioContext Fingerprinting,0.0,1.1356,0.4182,replace_for_loops,0,0,0,0,0,1
Canvas Fingerprinting|AudioContext Fingerprinting,,,,,0,0,0,0,0,0
AudioContext Fingerprinting,,,,,0,0,0,0,0,0
,,,,,0,0,0,1,0,0
,,,,,0,0,0,1,0,0
,,,,,0,0,0,1,0,0
WebRTC Fingerprinting,,,,,0,0,0,0,0,0
AudioContext Fingerprinting,,,,,0,0,1,0,0,0
,,,,,0,0,0,1,0,0
,,,,,0,0,0,1,0,0
,,,,,0,0,0,1,0,0
,0.0,0.6485,0.3553,replace_for_loops,0,0,0,0,0,1
,0.0,0.7078,0.371,replace_for_loops,0,0,0,0,0,1
,,,,,0,0,0,1,0,0
,,,,,0,0,0,0,0,0
,,,,,0,0,0,1,0,0
,,,,,0,0,0,0,0,0
WebRTC Fingerprinting,,,,,0,0,0,0,0,0
,,,,,0,0,0,1,0,0
,,,,,0,0,0,1,0,0
Canvas Fingerprinting,,,,,0,0,1,0,0,0
,,,,,0,0,0,1,0,0
,,,,,0,0,0,0,0,0
,,,,,0,0,0,1,0,0
,0.0,0.6249,0.3599,replace_for_loops,0,0,0,0,0,1
Canvas Fingerprinting,,,,,0,0,1,0,0,0
,,,,,0,0,0,1,0,0
,,,,,0,0,0,1,0,0
,,,,,0,0,0,1,0,0
Canvas Fingerprinting|AudioContext Fingerprinting,,,,,0,0,1,0,0,0
,,,,,0,0,0,1,0,0
,0.0,0.6433,0.3621,replace_for_loops,0,0,0,0,0,1
,,,,,0,0,0,0,0,0
AudioContext Fingerprinting,,,,,0,0,1,0,0,0
Canvas Fingerprinting|AudioContext Fingerprinting,,,,,0,0,0,0,0,0
,,,,,0,0,0,1,0,0
Canvas Fingerprinting|AudioContext Fingerprinting,0.0,1.0979,0.421,replace_for_loops,0,0,0,0,0,1
Canvas Fingerprinting,,,,,0,0,0,0,0,0
Canvas Fingerprinting|AudioContext Fingerprinting,,,,,0,0,1,0,0,0
,,,,,0,0,0,1,0,0
,,,,,0,0,0,1,0,0
Canvas Fingerprinting,,,,,0,0,0,0,0,0
WebRTC Fingerprinting|AudioContext Fingerprinting,0.0,0.6362,0.4392,replace_for_loops,0,0,0,0,0,1
,,,,,0,0,0,1,0,0
,,,,,0,0,0,1,0,0
Canvas Font Fingerprinting,,,,,0,0,0,0,0,0
WebRTC Fingerprinting|AudioContext Fingerprinting,,,,,0,0,0,0,0,0
,,,,,0,0,0,1,0,0
,,,,,0,0,0,1,0,0
,,,,,0,0,0,0,0,0
,,,,,0,0,0,1,0,0
,,,,,0,0,0,1,0,0
,0.0,0.6168,0.3591,replace_for_loops,0,0,0,0,0,1
Canvas Fingerprinting,,,,,0,0,0,0,0,0
,,,,,0,0,0,1,0,0
,,,,,0,0,0,1,0,0
AudioContext Fingerprinting,,,,,0,0,0,0,0,0
,0.0,0.8855,0.3588,replace_for_loops,0,0,0,0,0,1
,,,,,0,0,0,1,0,0
,,,,,0,0,0,1,0,0
,,,,,0,0,0,1,0,0
Canvas Font Fingerprinting,,,,,0,0,0,0,0,0
,,,,,0,0,0,1,0,0
AudioContext Fingerprinting,,,,,0,0,0,0,0,0
,,,,,0,0,0,1,0,0
,,,,,0,0,0,0,0,0
,,,,,0,0,0,1,0,0
WebRTC Fingerprinting|AudioContext Fingerprinting,,,,,0,0,0,0,0,0
Canvas Fingerprinting,,,,,0,0,0,0,0,0
,,,,,0,0,0,1,0,0
,0.0,0.6668,0.3721,replace_for_loops,0,0,0,0,0,1
WebRTC Fingerprinting|AudioContext Fingerprinting,,,,,0,0,0,0,0,0
Canvas Fingerprinting,,,,,0,0,0,0,0,0
,,,,,0,0,0,1,0,0
Canvas Fingerprinting,,,,,0,0,0,0,0,0
AudioContext Fingerprinting,,,,,0,0,0,0,0,0
WebRTC Fingerprinting,,,,,0,0,1,0,0,0
Canvas Fingerprinting|AudioContext Fingerprinting,,,,,0,0,0,0,0,0
,,,,,0,0,0,1,0,0
Canvas Fingerprinting|AudioContext Fingerprinting,,,,,0,0,0,0,0,0
,,,,,0,0,0,1,0,0
WebRTC Fingerprinting,,,,,0,0,0,0,0,0
,,,,,0,0,0,1,0,0
,,,,,0,0,0,1,0,0
WebRTC Fingerprinting|AudioContext Fingerprinting,,,,,0,0,0,0,0,0
,,,,,0,0,0,1,0,0
WebRTC Fingerprinting|AudioContext Fingerprinting,,,,,0,0,0,0,0,0
Canvas Fingerprinting|AudioContext Fingerprinting,,,,,0,0,0,0,0,0
,,,,,0,0,0,0,0,0
Canvas Fingerprinting|AudioContext Fingerprinting,0.0,1.1135,0.4192,replace_for_loops,0,0,0,0,0,1
WebRTC Fingerprinting|AudioContext Fingerprinting,,,,,0,0,0,0,0,0
,,,,,0,0,0,0,0,0
,,,,,0,0,0,1,0,0
WebRTC Fingerprinting,,,,,0,0,0,0,0,0
WebRTC Fingerprinting|AudioContext Fingerprinting,,,,,0,0,0,0,0,0
,,,,,0,0,0,1,0,0
,,,,,0,0,1,0,0,0
,,,,,0,0,0,1,0,0
,,,,,0,0,0,1,0,0
Canvas Fingerprinting|AudioContext Fingerprinting,,,,,0,0,1,0,0,0
,,,,,0,0,0,1,0,0
,,,,,0,0,0,1,0,0
Canvas Fingerprinting,,,,,0,0,0,0,0,0
,,,,,0,0,0,1,0,0
,0.0,0.6098,0.3576,replace_for_loops,0,0,0,0,0,1
AudioContext Fingerprinting,,,,,0,0,0,0,0,0
,,,,,0,0,0,1,0,0
,,,,,0,0,0,1,0,0
AudioContext Fingerprinting,,,,,0,0,0,0,0,0
,,,,,0,0,1,0,0,0
,,,,,0,0,0,1,0,0
,,,,,0,0,0,1,0,0
WebRTC Fingerprinting,,,,,0,0,0,0,0,0
WebRTC Fingerprinting,,,,,0,0,0,0,0,0
,,,,,0,0,0,1,0,0
WebRTC Fingerprinting,,,,,0,0,0,0,0,0
AudioContext Fingerprinting,,,,,0,0,0,0,0,0
WebRTC Fingerprinting|AudioContext Fingerprinting,,,,,0,0,0,0,0,0
,,,,,0,0,0,1,0,0
AudioContext Fingerprinting,,,,,0,0,0,0,0,0
Canvas Fingerprinting,,,,,0,0,0,0,0,0
,,,,,0,0,0,0,0,0
Canvas Fingerprinting,0.0,1.0942,0.3964,replace_for_loops,0,0,0,0,0,1
,,,,,0,0,0,1,0,0
,,,,,0,0,0,0,0,0
,,,,,0,0,0,0,0,0
,,,,,0,0,0,1,0,0
Canvas Fingerprinting,,,,,0,0,0,0,0,0
,,,,,0,0,0,1,0,0
,,,,,0,0,0,1,0,0
,,,,,0,0,0,1,0,0
,0.0,0.617,0.3594,replace_for_loops,0,0,0,0,0,1
,,,,,0,0,0,1,0,0
,0.0,0.6239,0.3491,replace_for_loops,0,0,0,0,0,1
,0.0,0.6125,0.356,replace_for_loops,0,0,0,0,0,1
Canvas Fingerprinting,,,,,0,0,0,0,0,0
,,,,,0,0,0,1,0,0
Canvas Fingerprinting,,,,,0,0,0,0,0,0
AudioContext Fingerprinting,,,,,0,0,0,0,0,0
,,,,,0,0,0,0,0,0
Canvas Fingerprinting|AudioContext Fingerprinting,0.0,1.1351,0.4132,replace_for_loops,0,0,0,0,0,1
,,,,,0,0,0,1,0,0
WebRTC Fingerprinting,,,,,0,0,0,0,0,0
WebRTC Fingerprinting,,,,,0,0,0,0,0,0
,,,,,0,0,0,1,0,0
,,,,,0,0,0,0,0,0
,,,,,0,0,1,0,0,0
,,,,,0,0,0,1,0,0
Canvas Fingerprinting,0.0,1.1375,0.4007,replace_for_loops,0,0,0,0,0,1
,,,,,0,0,0,1,0,0
,,,,,0,0,0,1,0,0
,,,,,0,0,0,1,0,0
,,,,,0,0,0,1,0,0
,,,,,0,0,0,1,0,0
WebRTC Fingerprinting|AudioContext Fingerprinting,,,,,0,0,0,0,0,0
Canvas Font Fingerprinting,,,,,0,0,0,0,0,0
WebRTC Fingerprinting,,,,,0,0,0,0,0,0
,,,,,0,0,0,1,0,0
Canvas Fingerprinting,,,,,0,0,0,0,0,0
,,,,,0,0,1,0,0,0
,,,,,0,0,0,1,0,0
Canvas Fingerprinting,,,,,0,0,0,0,0,0
,0.0,0.6711,0.3641,replace_for_loops,0,0,0,0,0,1
Canvas Fingerprinting|AudioContext Fingerprinting,,,,,0,0,1,0,0,0
Canvas Fingerprinting,,,,,0,0,0,0,0,0
WebRTC Fingerprinting,,,,,0,0,0,0,0,0
Canvas Font Fingerprinting,,,,,0,0,0,0,0,0
,,,,,0,0,0,1,0,0
,,,,,0,0,0,1,0,0
AudioContext Fingerprinting,,,,,0,0,0,0,0,0
WebRTC Fingerprinting,,,,,0,0,0,0,0,0
,,,,,0,0,0,0,0,0
,,,,,0,0,0,0,0,0
,,,,,0,0,0,1,0,0
Canvas Fingerprinting,,,,,0,0,1,0,0,0
Canvas Fingerprinting,,,,,0,0,0,0,0,0
,,,,,0,0,0,1,0,0
,,,,,0,0,0,1,0,0
,,,,,0,0,0,1,0,0
,,,,,0,0,0,0,0,0
,,,,,0,0,0,0,0,0
,0.0,0.9958,0.3821,replace_for_loops,0,0,0,0,0,1
,,,,,0,0,0,0,0,0
,,,,,0,0,0,1,0,0
,,,,,0,0,0,1,0,0
WebRTC Fingerprinting|AudioContext Fingerprinting,,,,,0,0,0,0,0,0
AudioContext Fingerprinting,,,,,0,0,0,0,0,0
Canvas Fingerprinting|AudioContext Fingerprinting,,,,,0,0,0,0,0,0
,,,,,0,0,0,1,0,0
,,,,,0,0,0,1,0,0
Canvas Fingerprinting,0.0,1.1463,0.4139,replace_for_loops,0,0,0,0,0,1
,,,,,0,0,0,1,0,0
,,,,,0,0,0,1,0,0
,0.0,0.6041,0.3638,replace_for_loops,0,0,0,0,0,1
AudioContext Fingerprinting,,,,,0,0,0,0,0,0
WebRTC Fingerprinting|AudioContext Fingerprinting,,,,,0,0,0,0,0,0
,,,,,0,0,0,1,0,0
Canvas Fingerprinting|AudioContext Fingerprinting,0.0,1.1817,0.4363,replace_for_loops,0,0,0,0,0,1
,,,,,0,0,0,1,0,0
Canvas Fingerprinting|AudioContext Fingerprinting,0.0,1.0591,0.4217,replace_for_loops,0,0,0,0,0,1
,,,,,0,0,0,0,0,0
Canvas Fingerprinting,,,,,0,0,0,0,0,0
,,,,,0,0,0,1,0,0
,,,,,0,0,0,0,0,0
,,,,,0,0,0,1,0,0
AudioContext Fingerprinting,,,,,0,0,1,0,0,0
,,,,,0,0,0,1,0,0
,0.0,0.6195,0.3709,replace_for_loops,0,0,0,0,0,1
WebRTC Fingerprinting,,,,,0,0,0,0,0,0
,0.0,0.6403,0.3728,replace_for_loops,0,0,0,0,0,1
Canvas Font Fingerprinting,,,,,0,0,0,0,0,0
Canvas Fingerprinting,,,,,0,0,0,0,0,0
,,,,,0,0,0,1,0,0
AudioContext Fingerprinting,,,,,0,0,0,0,0,0
WebRTC Fingerprinting|AudioContext Fingerprinting,,,,,0,0,0,0,0,0
,,,,,0,0,0,1,0,0
,,,,,0,0,0,1,0,0
WebRTC Fingerprinting|AudioContext Fingerprinting,,,,,0,0,0,0,0,0
,,,,,0,0,0,0,0,0
Canvas Fingerprinting|AudioContext Fingerprinting,,,,,0,0,0,0,0,0
Canvas Fingerprinting,0.0,1.1369,0.3986,replace_for_loops,0,0,0,0,0,1
,0.0,0.6143,0.3631,replace_for_loops,0,0,0,0,0,1
,,,,,0,0,0,1,0,0
,0.0,0.621,0.363,replace_for_loops,0,0,0,0,0,1
WebRTC Fingerprinting|AudioContext Fingerprinting,,,,,0,0,0,0,0,0
AudioContext Fingerprinting,,,,,0,0,1,0,0,0
,0.0,0.6143,0.3538,replace_for_loops,0,0,0,0,0,1
AudioContext Fingerprinting,,,,,0,0,0,0,0,0
,,,,,0,0,0,1,0,0
Canvas Fingerprinting|AudioContext Fingerprinting,0.0,1.1366,0.4203,replace_for_loops,0,0,0,0,0,1
AudioContext Fingerprinting,,,,,0,0,1,0,0,0
AudioContext Fingerprinting,,,,,0,0,0,0,0,0
,,,,,0,0,1,0,0,0
,,,,,0,0,0,1,0,0
,,,,,0,0,0,1,0,0
,,,,,0,0,0,1,0,0
WebRTC Fingerprinting|AudioContext Fingerprinting,,,,,0,0,0,0,0,0
AudioContext Fingerprinting,,,,,0,0,0,0,0,0
,,,,,0,0,0,1,0,0
AudioContext Fingerprinting,,,,,0,0,0,0,0,0
,,,,,0,0,0,1,0,0
,,,,,0,0,0,0,0,0
Canvas Fingerprinting,,,,,0,0,0,0,0,0
,,,,,0,0,0,1,0,0
,,,,,0,0,1,0,0,0
,,,,,0,0,0,1,0,0
Canvas Fingerprinting|AudioContext Fingerprinting,,,,,0,0,1,0,0,0
,,,,,0,0,0,1,0,0
,0.0,0.6795,0.3653,replace_for_loops,0,0,0,0,0,1
,,,,,0,0,0,1,0,0
,,,,,0,0,0,0,0,0
WebRTC Fingerprinting|AudioContext Fingerprinting,,,,,0,0,0,0,0,0
AudioContext Fingerprinting,,,,,0,0,0,0,0,0
,0.0,1.0594,0.3973,replace_for_loops,0,0,0,0,0,1
Canvas Fingerprinting,,,,,0,0,0,0,0,0
Canvas Fingerprinting|AudioContext Fingerprinting,0.0,1.084,0.424,replace_for_loops,0,0,0,0,0,1
WebRTC Fingerprinting,,,,,0,0,0,0,0,0
,,,,,0,0,0,1,0,0
,,,,,0,0,0,0,0,0
,,,,,0,0,0,0,0,0
,0.0,0.6072,0.3521,replace_for_loops,0,0,0,0,0,1
AudioContext Fingerprinting,,,,,0,0,0,0,0,0
,,,,,0,0,0,1,0,0
Canvas Fingerprinting,,,,,0,0,0,0,0,0
,,,,,0,0,0,1,0,0
,,,,,0,0,0,1,0,0
AudioContext Fingerprinting,,,,,0,0,0,0,0,0
WebRTC Fingerprinting|AudioContext Fingerprinting,,,,,0,0,0,0,0,0
Canvas Fingerprinting|AudioContext Fingerprinting,,,,,0,0,1,0,0,0
,,,,,0,0,0,1,0,0
WebRTC Fingerprinting,,,,,0,0,0,0,0,0
WebRTC Fingerprinting,,,,,0,0,0,0,0,0
Canvas Fingerprinting|AudioContext Fingerprinting,0.0,1.042,0.4151,replace_for_loops,0,0,0,0,0,1
,,,,,0,0,0,1,0,0
AudioContext Fingerprinting,,,,,0,0,0,0,0,0
Canvas Fingerprinting|AudioContext Fingerprinting,,,,,0,0,1,0,0,0
,,,,,0,0,0,1,0,0
AudioContext Fingerprinting,,,,,0,0,0,0,0,0
,,,,,0,0,0,1,0,0
WebRTC Fingerprinting,,,,,0,0,0,0,0,0
AudioContext Fingerprinting,,,,,0,0,0,0,0,0
Canvas Fingerprinting|AudioContext Fingerprinting,,,,,0,0,1,0,0,0
Canvas Fingerprinting|AudioContext Fingerprinting,,,,,0,0,0,0,0,0
,,,,,0,0,0,1,0,0
,0.0,0.6537,0.3573,replace_for_loops,0,0,0,0,0,1
WebRTC Fingerprinting,,,,,0,0,0,0,0,0
,0.0,0.6356,0.3538,replace_for_loops,0,0,0,0,0,1
,0.0,0.5868,0.3521,replace_for_loops,0,0,0,0,0,1
Canvas Fingerprinting|AudioContext Fingerprinting,,,,,0,0,0,0,0,0
Canvas Fingerprinting,,,,,0,0,0,0,0,0
WebRTC Fingerprinting|AudioContext Fingerprinting,,,,,0,0,0,0,0,0
,,,,,0,0,0,1,0,0
,,,,,0,0,0,1,0,0
,,,,,0,0,0,1,0,0
,,,,,0,0,0,1,0,0
AudioContext Fingerprinting,,,,,0,0,0,0,0,0
,,,,,0,0,0,1,0,0
,,,,,0,0,0,0,0,0
,,,,,0,0,0,1,0,0
,,,,,0,0,0,1,0,0
,,,,,0,0,0,1,0,0
,,,,,0,0,0,1,0,0
,,,,,0,0,0,1,0,0
,,,,,0,0,0,1,0,0
,,,,,0,0,0,0,0,0
,,,,,0,0,0,1,0,0
,,,,,0,0,1,0,0,0
Canvas Fingerprinting,,,,,0,0,0,0,0,0
AudioContext Fingerprinting,,,,,0,0,0,0,0,0
AudioContext Fingerprinting,,,,,0,0,0,0,0,0
AudioContext Fingerprinting,,,,,0,0,0,0,0,0
,0.0,0.6278,0.3566,replace_for_loops,0,0,0,0,0,1
Canvas Fingerprinting|AudioContext Fingerprinting,0.0,1.0641,0.4178,replace_for_loops,0,0,0,0,0,1
Canvas Fingerprinting,,,,,0,0,0,0,0,0
,,,,,0,0,0,1,0,0
,,,,,0,0,1,0,0,0
Canvas Fingerprinting|AudioContext Fingerprinting,0.0,1.0795,0.4344,replace_for_loops,0,0,0,0,0,1
,,,,,0,0,0,1,0,0
,,,,,0,0,0,0,0,0
,,,,,0,0,0,1,0,0
AudioContext Fingerprinting,,,,,0,0,0,0,0,0
Canvas Fingerprinting|AudioContext Fingerprinting,0.0,1.114,0.4275,replace_for_loops,0,0,0,0,0,1
,,,,,0,0,0,0,0,0
,,,,,0,0,0,1,0,0
AudioContext Fingerprinting,,,,,0,0,0,0,0,0
WebRTC Fingerprinting,,,,,0,0,0,0,0,0
,,,,,0,0,0,1,0,0
,,,,,0,0,0,0,0,0
Canvas Fingerprinting|AudioContext Fingerprinting,,,,,0,0,0,0,0,0
Canvas Fingerprinting,,,,,0,0,0,0,0,0
,0.0,0.6336,0.3679,replace_for_loops,0,0,0,0,0,1
Canvas Fingerprinting,,,,,0,0,0,0,0,0
Canvas Fingerprinting|AudioContext Fingerprinting,0.0,1.0931,0.4257,replace_for_loops,0,0,0,0,0,1
,,,,,0,0,0,1,0,0
,,,,,0,0,0,1,0,0
,,,,,0,0,0,0,0,0
Canvas Fingerprinting,,,,,0,0,1,0,0,0
,,,,,0,0,0,0,0,0
,,,,,0,0,0,1,0,0
,0.0,0.6262,0.3515,replace_for_loops,0,0,0,0,0,1
,,,,,0,0,0,1,0,0
,0.0,0.629,0.3641,replace_for_loops,0,0,0,0,0,1
Canvas Fingerprinting|AudioContext Fingerprinting,0.0,1.1152,0.4335,replace_for_loops,0,0,0,0,0,1
Canvas Fingerprinting,,,,,0,0,0,0,0,0
,,,,,0,0,1,0,0,0
Canvas Fingerprinting|AudioContext Fingerprinting,,,,,0,0,0,0,0,0
WebRTC Fingerprinting|AudioContext Fingerprinting,,,,,0,0,0,0,0,0
Canvas Fingerprinting,0.0,0.6756,0.3666,replace_for_loops,0,0,0,0,0,1
,,,,,0,0,0,1,0,0
,,,,,0,0,0,1,0,0
AudioContext Fingerprinting,,,,,0,0,0,0,0,0
,,,,,0,0,0,1,0,0
WebRTC Fingerprinting|AudioContext Fingerprinting,,,,,0,0,0,0,0,0
Canvas Fingerprinting|AudioContext Fingerprinting,,,,,0,0,1,0,0,0
Canvas Fingerprinting,,,,,0,0,0,0,0,0
AudioContext Fingerprinting,,,,,0,0,0,0,0,0
Canvas Fingerprinting|AudioContext Fingerprinting,,,,,0,0,0,0,0,0
Canvas Fingerprinting|AudioContext Fingerprinting,,,,,0,0,1,0,0,0
,,,,,0,0,0,1,0,0
Canvas Fingerprinting|AudioContext Fingerprinting,0.0,1.1404,0.4198,replace_for_loops,0,0,0,0,0,1
,,,,,0,0,0,1,0,0
,,,,,0,0,0,1,0,0
,,,,,0,0,0,1,0,0
AudioContext Fingerprinting,,,,,0,0,0,0,0,0
,0.0,0.598,0.3668,replace_for_loops,0,0,0,0,0,1
Canvas Fingerprinting|AudioContext Fingerprinting,,,,,0,0,0,0,0,0
,,,,,0,0,1,0,0,0
,,,,,0,0,0,0,0,0
,,,,,0,0,0,1,0,0
Canvas Fingerprinting|AudioContext Fingerprinting,,,,,0,0,0,0,0,0
Canvas Fingerprinting,,,,,0,0,0,0,0,0
,0.0,0.613,0.3421,replace_for_loops,0,0,0,0,0,1
,,,,,0,0,1,0,0,0
,,,,,0,0,0,1,0,0
,,,,,0,0,0,1,0,0
Canvas Font Fingerprinting,,,,,0,0,0,0,0,0
AudioContext Fingerprinting,,,,,0,0,0,0,0,0
Canvas Fingerprinting|AudioContext Fingerprinting,,,,,0,0,1,0,0,0
,,,,,0,0,0,1,0,0
Canvas Fingerprinting,,,,,0,0,0,0,0,0
,,,,,0,0,0,0,0,0
,,,,,0,0,0,1,0,0
,,,,,0,0,0,1,0,0
Canvas Fingerprinting,,,,,0,0,0,0,0,0
,,,,,0,0,0,1,0,0
,,,,,0,0,0,1,0,0
,,,,,0,0,0,1,0,0
,,,,,0,0,0,1,0,0
AudioContext Fingerprinting,,,,,0,0,0,0,0,0
AudioContext Fingerprinting,,,,,0,0,0,0,0,0
,,,,,0,0,0,1,0,0
,,,,,0,0,0,0,0,0
,,,,,0,0,0,1,0,0
,,,,,0,0,0,1,0,0
,,,,,0,0,0,0,0,0
,,,,,0,0,0,1,0,0
,,,,,0,0,0,1,0,0
,,,,,0,0,0,0,0,0
WebRTC Fingerprinting,,,,,0,0,0,0,0,0
,0.0,0.6143,0.3563,replace_for_loops,0,0,0,0,0,1
Canvas Fingerprinting,,,,,0,0,1,0,0,0
Canvas Fingerprinting|AudioContext Fingerprinting,,,,,0,0,0,0,0,0
,,,,,0,0,0,1,0,0
AudioContext Fingerprinting,,,,,0,0,0,0,0,0
AudioContext Fingerprinting,,,,,0,0,0,0,0,0
,,,,,0,0,0,1,0,0
AudioContext Fingerprinting,,,,,0,0,0,0,0,0
,,,,,0,0,0,1,0,0
AudioContext Fingerprinting,,,,,0,0,0,0,0,0
AudioContext Fingerprinting,,,,,0,0,0,0,0,0
Canvas Fingerprinting,,,,,0,0,0,0,0,0
,,,,,0,0,0,1,0,0
Canvas Fingerprinting|AudioContext Fingerprinting,,,,,0,0,0,0,0,0
,0.0,0.6157,0.3306,replace_for_loops,0,0,0,0,0,1
,,,,,0,0,0,1,0,0
,,,,,0,0,0,0,0,0
Canvas Fingerprinting|AudioContext Fingerprinting,,,,,0,0,0,0,0,0
AudioContext Fingerprinting,,,,,0,0,0,0,0,0
AudioContext Fingerprinting,,,,,0,0,1,0,0,0
Canvas Fingerprinting|AudioContext Fingerprinting,,,,,0,0,0,0,0,0
,,,,,0,0,0,1,0,0
,,,,,0,0,0,1,0,0
,,,,,0,0,0,1,0,0
,,,,,0,0,0,0,0,0
,,,,,0,0,0,1,0,0
Canvas Fingerprinting|AudioContext Fingerprinting,,,,,0,0,0,0,0,0
AudioContext Fingerprinting,0.0,0.6695,0.3628,replace_for_loops,0,0,0,0,0,1
Canvas Fingerprinting|AudioContext Fingerprinting,,,,,0,0,0,0,0,0
Canvas Fingerprinting,,,,,0,0,0,0,0,0
WebRTC Fingerprinting,,,,,0,0,1,0,0,0
,,,,,0,0,0,0,0,0
,,,,,0,0,0,1,0,0
,,,,,0,0,0,1,0,0
,,,,,0,0,0,1,0,0
,,,,,0,0,0,1,0,0
WebRTC Fingerprinting,,,,,0,0,0,0,0,0
Canvas Fingerprinting|AudioContext Fingerprinting,,,,,0,0,0,0,0,0
,,,,,0,0,0,1,0,0
,,,,,0,0,0,1,0,0
Canvas Fingerprinting|AudioContext Fingerprinting,0.0,1.1013,0.43,replace_for_loops,0,0,0,0,0,1
,,,,,0,0,1,0,0,0
AudioContext Fingerprinting,,,,,0,0,0,0,0,0
AudioContext Fingerprinting,,,,,0,0,0,0,0,0
AudioContext Fingerprinting,,,,,0,0,0,0,0,0
,,,,,0,0,0,1,0,0
Canvas Fingerprinting|AudioContext Fingerprinting,0.0,1.1329,0.4184,replace_for_loops,0,0,0,0,0,1
AudioContext Fingerprinting,,,,,0,0,1,0,0,0
WebRTC Fingerprinting,,,,,0,0,0,0,0,0
,,,,,0,0,1,0,0,0
,,,,,0,0,0,1,0,0
,,,,,0,0,0,1,0,0
,,,,,0,0,0,0,0,0
Canvas Fingerprinting,0.0,0.7137,0.3515,replace_for_loops,0,0,0,0,0,1
AudioContext Fingerprinting,,,,,0,0,0,0,0,0
,,,,,0,0,0,0,0,0
,,,,,0,0,0,1,0,0
,,,,,0,0,0,1,0,0
,,,,,0,0,0,1,0,0
,,,,,0,0,0,1,0,0
,0.0,0.628,0.3561,replace_for_loops,0,0,0,0,0,1
AudioContext Fingerprinting,,,,,0,0,0,0,0,0
,,,,,0,0,0,1,0,0
,,,,,0,0,0,1,0,0
,0.0,0.618,0.3671,replace_for_loops,0,0,0,0,0,1
,,,,,0,0,0,1,0,0
,,,,,0,0,0,1,0,0
,,,,,0,0,0,0,0,0
Canvas Fingerprinting,,,,,0,0,0,0,0,0
,,,,,0,0,0,1,0,0
Canvas Fingerprinting|AudioContext Fingerprinting,0.0,1.075,0.3927,replace_for_loops,0,0,0,0,0,1
,,,,,0,0,0,1,0,0
,0.0,0.6235,0.3626,replace_for_loops,0,0,0,0,0,1
,,,,,0,0,0,1,0,0
,,,,,0,0,0,0,0,0
Canvas Font Fingerprinting,,,,,0,0,0,0,0,0
,,,,,0,0,0,1,0,0
,,,,,0,0,0,1,0,0
