categories,cnv_ptg,time_cnv,time_val,working_rules,abrupt_fail,time_fail,ast_fail,large_file_skip,validation_fail,success
,,,,,0,0,0,1,0,0
,,,,,0,0,0,0,0,0
Canvas Fingerprinting|AudioContext Fingerprinting,,,,,0,0,0,0,0,0
,0.0,0.6213,0.3605,replace_class_defs,0,0,0,0,0,1
,,,,,0,0,0,1,0,0
,0.0,0.6175,0.4031,replace_class_defs,0,0,0,0,0,1
,,,,,0,0,0,1,0,0
Canvas Fingerprinting|AudioContext Fingerprinting,,,,,0,0,0,0,0,0
Canvas Fingerprinting,0.0,0.7002,0.4785,replace_class_defs,0,0,0,0,0,1
,0.0,0.604,0.3626,replace_class_defs,0,0,0,0,0,1
,,,,,0,0,0,1,0,0
AudioContext Fingerprinting,,,,,0,0,0,0,0,0
,,,,,0,0,0,1,0,0
,,,,,0,0,1,0,0,0
,,,,,0,0,0,1,0,0
AudioContext Fingerprinting,,,,,0,0,1,0,0,0
AudioContext Fingerprinting,0.0,0.8123,0.9758,replace_class_defs,0,0,0,0,0,1
,,,,,0,0,0,1,0,0
Canvas Fingerprinting|AudioContext Fingerprinting,0.0,0.651,0.4256,replace_class_defs,0,0,0,0,0,1
AudioContext Fingerprinting,,,,,0,0,0,0,0,0
AudioContext Fingerprinting,,,,,0,0,0,0,0,0
AudioContext Fingerprinting,,,,,0,0,0,0,0,0
,,,,,0,0,0,1,0,0
Canvas Fingerprinting|AudioContext Fingerprinting,0.0,0.6913,0.4608,replace_class_defs,0,0,0,0,0,1
Canvas Fingerprinting|AudioContext Fingerprinting,0.0,0.6675,0.4044,replace_class_defs,0,0,0,0,0,1
AudioContext Fingerprinting,,,,,0,0,0,0,0,0
,,,,,0,0,0,1,0,0
,,,,,0,0,0,1,0,0
,,,,,0,0,0,1,0,0
WebRTC Fingerprinting,,,,,0,0,0,0,0,0
AudioContext Fingerprinting,,,,,0,0,1,0,0,0
,,,,,0,0,0,1,0,0
,,,,,0,0,0,1,0,0
,,,,,0,0,0,1,0,0
,0.0,0.6049,0.3731,replace_class_defs,0,0,0,0,0,1
,0.0,0.5936,0.3785,replace_class_defs,0,0,0,0,0,1
,,,,,0,0,0,1,0,0
,0.0,0.617,0.3625,replace_class_defs,0,0,0,0,0,1
,,,,,0,0,0,1,0,0
,,,,,0,0,0,0,0,0
WebRTC Fingerprinting,,,,,0,0,0,0,0,0
,,,,,0,0,0,1,0,0
,,,,,0,0,0,1,0,0
Canvas Fingerprinting,,,,,0,0,1,0,0,0
,,,,,0,0,0,1,0,0
,,,,,0,0,0,0,0,0
,,,,,0,0,0,1,0,0
,0.0,0.5799,0.3754,replace_class_defs,0,0,0,0,0,1
Canvas Fingerprinting,,,,,0,0,1,0,0,0
,,,,,0,0,0,1,0,0
,,,,,0,0,0,1,0,0
,,,,,0,0,0,1,0,0
Canvas Fingerprinting|AudioContext Fingerprinting,,,,,0,0,1,0,0,0
,,,,,0,0,0,1,0,0
,0.0,0.5787,0.3663,replace_class_defs,0,0,0,0,0,1
,0.0,0.7564,1.088,replace_class_defs,0,0,0,0,0,1
AudioContext Fingerprinting,,,,,0,0,1,0,0,0
Canvas Fingerprinting|AudioContext Fingerprinting,,,,,0,0,0,0,0,0
,,,,,0,0,0,1,0,0
Canvas Fingerprinting|AudioContext Fingerprinting,0.0,0.6814,0.4666,replace_class_defs,0,0,0,0,0,1
Canvas Fingerprinting,,,,,0,0,0,0,0,0
Canvas Fingerprinting|AudioContext Fingerprinting,,,,,0,0,1,0,0,0
,,,,,0,0,0,1,0,0
,,,,,0,0,0,1,0,0
Canvas Fingerprinting,,,,,0,0,0,0,0,0
WebRTC Fingerprinting|AudioContext Fingerprinting,0.0,0.6211,0.449,replace_class_defs,0,0,0,0,0,1
,,,,,0,0,0,1,0,0
,,,,,0,0,0,1,0,0
Canvas Font Fingerprinting,0.0,1.2362,2.5182,replace_class_defs,0,0,0,0,0,1
WebRTC Fingerprinting|AudioContext Fingerprinting,,,,,0,0,0,0,0,0
,,,,,0,0,0,1,0,0
,,,,,0,0,0,1,0,0
,0.0,0.7793,0.6563,replace_class_defs,0,0,0,0,0,1
,,,,,0,0,0,1,0,0
,,,,,0,0,0,1,0,0
,0.0,0.6066,0.349,replace_class_defs,0,0,0,0,0,1
Canvas Fingerprinting,,,,,0,0,0,0,0,0
,,,,,0,0,0,1,0,0
,,,,,0,0,0,1,0,0
AudioContext Fingerprinting,0.0,0.6377,0.4823,replace_class_defs,0,0,0,0,0,1
,0.0,0.6717,0.4531,replace_class_defs,0,0,0,0,0,1
,,,,,0,0,0,1,0,0
,,,,,0,0,0,1,0,0
,,,,,0,0,0,1,0,0
Canvas Font Fingerprinting,,,,,0,0,0,0,0,0
,,,,,0,0,0,1,0,0
AudioContext Fingerprinting,0.0,0.9895,1.2851,replace_class_defs,0,0,0,0,0,1
,,,,,0,0,0,1,0,0
,0.0,0.9636,1.2446,replace_class_defs,0,0,0,0,0,1
,,,,,0,0,0,1,0,0
WebRTC Fingerprinting|AudioContext Fingerprinting,,,,,0,0,0,0,0,0
Canvas Fingerprinting,0.0,0.6969,0.4753,replace_class_defs,0,0,0,0,0,1
,,,,,0,0,0,1,0,0
,0.0,0.5738,0.3696,replace_class_defs,0,0,0,0,0,1
WebRTC Fingerprinting|AudioContext Fingerprinting,0.0,0.8468,0.9046,replace_class_defs,0,0,0,0,0,1
Canvas Fingerprinting,0.0,0.6444,0.4454,replace_class_defs,0,0,0,0,0,1
,,,,,0,0,0,1,0,0
Canvas Fingerprinting,0.0,0.6907,0.6125,replace_class_defs,0,0,0,0,0,1
AudioContext Fingerprinting,0.0,0.8739,1.285,replace_class_defs,0,0,0,0,0,1
WebRTC Fingerprinting,,,,,0,0,1,0,0,0
Canvas Fingerprinting|AudioContext Fingerprinting,,,,,0,0,0,0,0,0
,,,,,0,0,0,1,0,0
Canvas Fingerprinting|AudioContext Fingerprinting,,,,,0,0,0,0,0,0
,,,,,0,0,0,1,0,0
WebRTC Fingerprinting,0.0,0.669,0.4618,replace_class_defs,0,0,0,0,0,1
,,,,,0,0,0,1,0,0
,,,,,0,0,0,1,0,0
WebRTC Fingerprinting|AudioContext Fingerprinting,0.0,0.7966,1.0957,replace_class_defs,0,0,0,0,0,1
,,,,,0,0,0,1,0,0
WebRTC Fingerprinting|AudioContext Fingerprinting,,,,,0,0,0,0,0,0
Canvas Fingerprinting|AudioContext Fingerprinting,0.026028871898203097,0.6272,0.5552,replace_class_defs,0,0,0,0,0,1
,,,,,0,0,0,0,0,0
Canvas Fingerprinting|AudioContext Fingerprinting,0.0,0.7007,0.4533,replace_class_defs,0,0,0,0,0,1
WebRTC Fingerprinting|AudioContext Fingerprinting,,,,,0,0,0,0,0,0
,,,,,0,0,0,0,0,0
,,,,,0,0,0,1,0,0
WebRTC Fingerprinting,,,,,0,0,0,0,0,0
WebRTC Fingerprinting|AudioContext Fingerprinting,0.0,0.8289,0.891,replace_class_defs,0,0,0,0,0,1
,,,,,0,0,0,1,0,0
,,,,,0,0,1,0,0,0
,,,,,0,0,0,1,0,0
,,,,,0,0,0,1,0,0
Canvas Fingerprinting|AudioContext Fingerprinting,,,,,0,0,1,0,0,0
,,,,,0,0,0,1,0,0
,,,,,0,0,0,1,0,0
Canvas Fingerprinting,0.0,0.6841,0.4395,replace_class_defs,0,0,0,0,0,1
,,,,,0,0,0,1,0,0
,0.0,0.6168,0.3717,replace_class_defs,0,0,0,0,0,1
AudioContext Fingerprinting,0.0,0.6743,0.4856,replace_class_defs,0,0,0,0,0,1
,,,,,0,0,0,1,0,0
,,,,,0,0,0,1,0,0
AudioContext Fingerprinting,0.0,0.6365,0.5042,replace_class_defs,0,0,0,0,0,1
,,,,,0,0,1,0,0,0
,,,,,0,0,0,1,0,0
,,,,,0,0,0,1,0,0
WebRTC Fingerprinting,0.0,0.765,0.6264,replace_class_defs,0,0,0,0,0,1
WebRTC Fingerprinting,0.0,0.734,0.6096,replace_class_defs,0,0,0,0,0,1
,,,,,0,0,0,1,0,0
WebRTC Fingerprinting,,,,,0,0,0,0,0,0
AudioContext Fingerprinting,0.0,0.6535,0.5022,replace_class_defs,0,0,0,0,0,1
WebRTC Fingerprinting|AudioContext Fingerprinting,0.0,0.7395,0.8862,replace_class_defs,0,0,0,0,0,1
,,,,,0,0,0,1,0,0
AudioContext Fingerprinting,,,,,0,0,0,0,0,0
Canvas Fingerprinting,0.0,0.6707,0.4403,replace_class_defs,0,0,0,0,0,1
,0.0,0.7344,0.4955,replace_class_defs,0,0,0,0,0,1
Canvas Fingerprinting,0.0,0.697,0.4498,replace_class_defs,0,0,0,0,0,1
,,,,,0,0,0,1,0,0
,,,,,0,0,0,0,0,0
,0.0,0.6238,0.4263,replace_class_defs,0,0,0,0,0,1
,,,,,0,0,0,1,0,0
Canvas Fingerprinting,0.0,0.6683,0.4451,replace_class_defs,0,0,0,0,0,1
,,,,,0,0,0,1,0,0
,,,,,0,0,0,1,0,0
,,,,,0,0,0,1,0,0
,0.0,0.5872,0.369,replace_class_defs,0,0,0,0,0,1
,,,,,0,0,0,1,0,0
,0.0,0.6146,0.3806,replace_class_defs,0,0,0,0,0,1
,0.0,0.6139,0.3787,replace_class_defs,0,0,0,0,0,1
Canvas Fingerprinting,0.0,0.6295,0.4361,replace_class_defs,0,0,0,0,1,0
,,,,,0,0,0,1,0,0
Canvas Fingerprinting,0.0,0.6423,0.4597,replace_class_defs,0,0,0,0,0,1
AudioContext Fingerprinting,,,,,0,0,0,0,0,0
,,,,,0,0,0,0,0,0
Canvas Fingerprinting|AudioContext Fingerprinting,0.0,0.6775,0.4646,replace_class_defs,0,0,0,0,0,1
,,,,,0,0,0,1,0,0
WebRTC Fingerprinting,,,,,0,0,0,0,0,0
WebRTC Fingerprinting,0.0,0.7453,0.6162,replace_class_defs,0,0,0,0,0,1
,,,,,0,0,0,1,0,0
,,,,,0,0,0,0,0,0
,,,,,0,0,1,0,0,0
,,,,,0,0,0,1,0,0
Canvas Fingerprinting,0.0,0.6641,0.4591,replace_class_defs,0,0,0,0,0,1
,,,,,0,0,0,1,0,0
,,,,,0,0,0,1,0,0
,,,,,0,0,0,1,0,0
,,,,,0,0,0,1,0,0
,,,,,0,0,0,1,0,0
WebRTC Fingerprinting|AudioContext Fingerprinting,,,,,0,0,0,0,0,0
Canvas Font Fingerprinting,0.0,1.2479,1.8926,replace_class_defs,0,0,0,0,0,1
WebRTC Fingerprinting,,,,,0,0,0,0,0,0
,,,,,0,0,0,1,0,0
Canvas Fingerprinting,0.0,0.6994,0.4807,replace_class_defs,0,0,0,0,0,1
,,,,,0,0,1,0,0,0
,,,,,0,0,0,1,0,0
Canvas Fingerprinting,,,,,0,0,0,0,0,0
,0.0,0.598,0.4012,replace_class_defs,0,0,0,0,0,1
Canvas Fingerprinting|AudioContext Fingerprinting,,,,,0,0,1,0,0,0
Canvas Fingerprinting,0.0,0.6703,0.5021,replace_class_defs,0,0,0,0,0,1
WebRTC Fingerprinting,0.0,0.6166,0.4093,replace_class_defs,0,0,0,0,0,1
Canvas Font Fingerprinting,0.0,1.3168,2.2464,replace_class_defs,0,0,0,0,0,1
,,,,,0,0,0,1,0,0
,,,,,0,0,0,1,0,0
AudioContext Fingerprinting,,,,,0,0,0,0,0,0
WebRTC Fingerprinting,0.0,0.7173,0.6092,replace_class_defs,0,0,0,0,0,1
,0.0,0.6922,0.4884,replace_class_defs,0,0,0,0,0,1
,0.0,0.6072,0.3727,replace_class_defs,0,0,0,0,0,1
,,,,,0,0,0,1,0,0
Canvas Fingerprinting,,,,,0,0,1,0,0,0
Canvas Fingerprinting,0.0,0.6423,0.4287,replace_class_defs,0,0,0,0,0,1
,,,,,0,0,0,1,0,0
,,,,,0,0,0,1,0,0
,,,,,0,0,0,1,0,0
,0.0,0.611,0.4369,replace_class_defs,0,0,0,0,0,1
,,,,,0,0,0,0,0,0
,0.0,0.6373,0.4125,replace_class_defs,0,0,0,0,0,1
,,,,,0,0,0,0,0,0
,,,,,0,0,0,1,0,0
,,,,,0,0,0,1,0,0
WebRTC Fingerprinting|AudioContext Fingerprinting,,,,,0,0,0,0,0,0
AudioContext Fingerprinting,,,,,0,0,0,0,0,0
Canvas Fingerprinting|AudioContext Fingerprinting,0.0,0.7001,0.459,replace_class_defs,0,0,0,0,0,1
,,,,,0,0,0,1,0,0
,,,,,0,0,0,1,0,0
Canvas Fingerprinting,0.0,0.6552,0.4321,replace_class_defs,0,0,0,0,0,1
,,,,,0,0,0,1,0,0
,,,,,0,0,0,1,0,0
,0.0,0.6131,0.3858,replace_class_defs,0,0,0,0,0,1
AudioContext Fingerprinting,,,,,0,0,0,0,0,0
WebRTC Fingerprinting|AudioContext Fingerprinting,,,,,0,0,0,0,0,0
,,,,,0,0,0,1,0,0
Canvas Fingerprinting|AudioContext Fingerprinting,0.0,0.6734,0.4851,replace_class_defs,0,0,0,0,0,1
,,,,,0,0,0,1,0,0
Canvas Fingerprinting|AudioContext Fingerprinting,0.0,0.6083,0.439,replace_class_defs,0,0,0,0,0,1
,,,,,0,0,0,0,0,0
Canvas Fingerprinting,,,,,0,0,0,0,0,0
,,,,,0,0,0,1,0,0
,,,,,0,0,0,0,0,0
,,,,,0,0,0,1,0,0
AudioContext Fingerprinting,,,,,0,0,1,0,0,0
,,,,,0,0,0,1,0,0
,0.0,0.6199,0.3525,replace_class_defs,0,0,0,0,0,1
WebRTC Fingerprinting,,,,,0,0,0,0,0,0
,0.0,0.5879,0.3754,replace_class_defs,0,0,0,0,0,1
Canvas Font Fingerprinting,0.0,1.1737,1.5903,replace_class_defs,0,0,0,0,0,1
Canvas Fingerprinting,,,,,0,0,0,0,0,0
,,,,,0,0,0,1,0,0
AudioContext Fingerprinting,0.0,0.678,0.5348,replace_class_defs,0,0,0,0,0,1
WebRTC Fingerprinting|AudioContext Fingerprinting,,,,,0,0,0,0,0,0
,,,,,0,0,0,1,0,0
,,,,,0,0,0,1,0,0
WebRTC Fingerprinting|AudioContext Fingerprinting,,,,,0,0,0,0,0,0
,,,,,0,0,0,0,0,0
Canvas Fingerprinting|AudioContext Fingerprinting,,,,,0,0,0,0,0,0
Canvas Fingerprinting,0.0,0.6573,0.42,replace_class_defs,0,0,0,0,0,1
,0.0,0.5666,0.3731,replace_class_defs,0,0,0,0,0,1
,,,,,0,0,0,1,0,0
,0.0,0.6021,0.3781,replace_class_defs,0,0,0,0,0,1
WebRTC Fingerprinting|AudioContext Fingerprinting,0.0,0.8416,0.8905,replace_class_defs,0,0,0,0,0,1
AudioContext Fingerprinting,,,,,0,0,1,0,0,0
,0.0,0.635,0.3808,replace_class_defs,0,0,0,0,0,1
AudioContext Fingerprinting,,,,,0,0,0,0,0,0
,,,,,0,0,0,1,0,0
Canvas Fingerprinting|AudioContext Fingerprinting,0.0,0.6972,0.489,replace_class_defs,0,0,0,0,0,1
AudioContext Fingerprinting,,,,,0,0,1,0,0,0
AudioContext Fingerprinting,0.0,0.9885,1.6648,replace_class_defs,0,0,0,0,0,1
,,,,,0,0,1,0,0,0
,,,,,0,0,0,1,0,0
,,,,,0,0,0,1,0,0
,,,,,0,0,0,1,0,0
WebRTC Fingerprinting|AudioContext Fingerprinting,,,,,0,0,0,0,0,0
AudioContext Fingerprinting,0.0,0.8117,0.6765,replace_class_defs,0,0,0,0,0,1
,,,,,0,0,0,1,0,0
AudioContext Fingerprinting,,,,,0,0,0,0,0,0
,,,,,0,0,0,1,0,0
,,,,,0,0,0,0,0,0
Canvas Fingerprinting,0.0,0.6491,0.459,replace_class_defs,0,0,0,0,0,1
,,,,,0,0,0,1,0,0
,,,,,0,0,1,0,0,0
,,,,,0,0,0,1,0,0
Canvas Fingerprinting|AudioContext Fingerprinting,,,,,0,0,1,0,0,0
,,,,,0,0,0,1,0,0
,0.0,0.6298,0.3909,replace_class_defs,0,0,0,0,0,1
,,,,,0,0,0,1,0,0
,,,,,0,0,0,0,0,0
WebRTC Fingerprinting|AudioContext Fingerprinting,,,,,0,0,0,0,0,0
AudioContext Fingerprinting,,,,,0,0,0,0,0,0
,0.0,0.6874,0.4315,replace_class_defs,0,0,0,0,0,1
Canvas Fingerprinting,,,,,0,0,0,0,0,0
Canvas Fingerprinting|AudioContext Fingerprinting,0.0,0.6949,0.4892,replace_class_defs,0,0,0,0,0,1
WebRTC Fingerprinting,0.0,0.7069,0.8172,replace_class_defs,0,0,0,0,0,1
,,,,,0,0,0,1,0,0
,,,,,0,0,0,0,0,0
,,,,,0,0,0,0,0,0
,0.0,0.5974,0.3708,replace_class_defs,0,0,0,0,0,1
AudioContext Fingerprinting,,,,,0,0,0,0,0,0
,,,,,0,0,0,1,0,0
Canvas Fingerprinting,,,,,0,0,0,0,0,0
,,,,,0,0,0,1,0,0
,,,,,0,0,0,1,0,0
AudioContext Fingerprinting,,,,,0,0,0,0,0,0
WebRTC Fingerprinting|AudioContext Fingerprinting,,,,,0,0,0,0,0,0
Canvas Fingerprinting|AudioContext Fingerprinting,,,,,0,0,1,0,0,0
,,,,,0,0,0,1,0,0
WebRTC Fingerprinting,0.0,0.7111,0.569,replace_class_defs,0,0,0,0,0,1
WebRTC Fingerprinting,,,,,0,0,0,0,0,0
Canvas Fingerprinting|AudioContext Fingerprinting,0.0,0.663,0.4769,replace_class_defs,0,0,0,0,0,1
,,,,,0,0,0,1,0,0
AudioContext Fingerprinting,0.0,1.0122,1.6643,replace_class_defs,0,0,0,0,0,1
Canvas Fingerprinting|AudioContext Fingerprinting,,,,,0,0,1,0,0,0
,,,,,0,0,0,1,0,0
AudioContext Fingerprinting,,,,,0,0,0,0,0,0
,,,,,0,0,0,1,0,0
WebRTC Fingerprinting,0.0,0.6442,0.4582,replace_class_defs,0,0,0,0,0,1
AudioContext Fingerprinting,,,,,0,0,0,0,0,0
Canvas Fingerprinting|AudioContext Fingerprinting,,,,,0,0,1,0,0,0
Canvas Fingerprinting|AudioContext Fingerprinting,,,,,0,0,0,0,0,0
,,,,,0,0,0,1,0,0
,0.0,0.5994,0.3749,replace_class_defs,0,0,0,0,0,1
WebRTC Fingerprinting,,,,,0,0,0,0,0,0
,0.0,0.6142,0.3659,replace_class_defs,0,0,0,0,0,1
,0.0,0.6352,0.3687,replace_class_defs,0,0,0,0,0,1
Canvas Fingerprinting|AudioContext Fingerprinting,0.0,0.6431,0.4542,replace_class_defs,0,0,0,0,0,1
Canvas Fingerprinting,,,,,0,0,0,0,0,0
WebRTC Fingerprinting|AudioContext Fingerprinting,0.0,0.8026,1.1022,replace_class_defs,0,0,0,0,0,1
,,,,,0,0,0,1,0,0
,,,,,0,0,0,1,0,0
,,,,,0,0,0,1,0,0
,,,,,0,0,0,1,0,0
AudioContext Fingerprinting,,,,,0,0,0,0,0,0
,,,,,0,0,0,1,0,0
,,,,,0,0,0,0,0,0
,,,,,0,0,0,1,0,0
,,,,,0,0,0,1,0,0
,,,,,0,0,0,1,0,0
,,,,,0,0,0,1,0,0
,,,,,0,0,0,1,0,0
,,,,,0,0,0,1,0,0
,,,,,0,0,0,0,0,0
,,,,,0,0,0,1,0,0
,,,,,0,0,1,0,0,0
Canvas Fingerprinting,0.0,0.682,0.6504,replace_class_defs,0,0,0,0,0,1
AudioContext Fingerprinting,,,,,0,0,0,0,0,0
AudioContext Fingerprinting,,,,,0,0,0,0,0,0
AudioContext Fingerprinting,,,,,0,0,0,0,0,0
,0.0,0.6073,0.4065,replace_class_defs,0,0,0,0,0,1
Canvas Fingerprinting|AudioContext Fingerprinting,0.0,0.6992,0.4762,replace_class_defs,0,0,0,0,0,1
Canvas Fingerprinting,,,,,0,0,0,0,0,0
,,,,,0,0,0,1,0,0
,,,,,0,0,1,0,0,0
Canvas Fingerprinting|AudioContext Fingerprinting,0.0,0.682,0.4618,replace_class_defs,0,0,0,0,0,1
,,,,,0,0,0,1,0,0
,,,,,0,0,0,0,0,0
,,,,,0,0,0,1,0,0
AudioContext Fingerprinting,,,,,0,0,0,0,0,0
Canvas Fingerprinting|AudioContext Fingerprinting,0.0,0.6909,0.4644,replace_class_defs,0,0,0,0,0,1
,,,,,0,0,0,0,0,0
,,,,,0,0,0,1,0,0
AudioContext Fingerprinting,0.0,1.0099,1.2534,replace_class_defs,0,0,0,0,0,1
WebRTC Fingerprinting,,,,,0,0,0,0,0,0
,,,,,0,0,0,1,0,0
,,,,,0,0,0,0,0,0
Canvas Fingerprinting|AudioContext Fingerprinting,0.0,0.6786,0.462,replace_class_defs,0,0,0,0,0,1
Canvas Fingerprinting,0.0,0.7175,0.5269,replace_class_defs,0,0,0,0,0,1
,0.0,0.6167,0.3895,replace_class_defs,0,0,0,0,0,1
Canvas Fingerprinting,,,,,0,0,0,0,0,0
Canvas Fingerprinting|AudioContext Fingerprinting,0.0,0.7071,0.4818,replace_class_defs,0,0,0,0,0,1
,,,,,0,0,0,1,0,0
,,,,,0,0,0,1,0,0
,,,,,0,0,0,0,0,0
Canvas Fingerprinting,,,,,0,0,1,0,0,0
,0.0,0.7428,0.629,replace_class_defs,0,0,0,0,0,1
,,,,,0,0,0,1,0,0
,0.0,0.6137,0.3662,replace_class_defs,0,0,0,0,0,1
,,,,,0,0,0,1,0,0
,0.0,0.5949,0.3999,replace_class_defs,0,0,0,0,0,1
Canvas Fingerprinting|AudioContext Fingerprinting,0.0,0.6931,0.4844,replace_class_defs,0,0,0,0,0,1
Canvas Fingerprinting,,,,,0,0,0,0,0,0
,,,,,0,0,1,0,0,0
Canvas Fingerprinting|AudioContext Fingerprinting,,,,,0,0,0,0,0,0
WebRTC Fingerprinting|AudioContext Fingerprinting,,,,,0,0,0,0,0,0
Canvas Fingerprinting,0.0,0.6341,0.419,replace_class_defs,0,0,0,0,0,1
,,,,,0,0,0,1,0,0
,,,,,0,0,0,1,0,0
AudioContext Fingerprinting,,,,,0,0,0,0,0,0
,,,,,0,0,0,1,0,0
WebRTC Fingerprinting|AudioContext Fingerprinting,,,,,0,0,0,0,0,0
Canvas Fingerprinting|AudioContext Fingerprinting,,,,,0,0,1,0,0,0
Canvas Fingerprinting,,,,,0,0,0,0,0,0
AudioContext Fingerprinting,0.0,0.681,0.5072,replace_class_defs,0,0,0,0,0,1
Canvas Fingerprinting|AudioContext Fingerprinting,0.0,0.7026,0.4782,replace_class_defs,0,0,0,0,0,1
Canvas Fingerprinting|AudioContext Fingerprinting,,,,,0,0,1,0,0,0
,,,,,0,0,0,1,0,0
Canvas Fingerprinting|AudioContext Fingerprinting,0.0,0.6769,0.463,replace_class_defs,0,0,0,0,0,1
,,,,,0,0,0,1,0,0
,,,,,0,0,0,1,0,0
,,,,,0,0,0,1,0,0
AudioContext Fingerprinting,,,,,0,0,0,0,0,0
,0.0,0.6201,0.3919,replace_class_defs,0,0,0,0,0,1
Canvas Fingerprinting|AudioContext Fingerprinting,0.0,0.6774,0.4808,replace_class_defs,0,0,0,0,0,1
,,,,,0,0,1,0,0,0
,,,,,0,0,0,0,0,0
,,,,,0,0,0,1,0,0
Canvas Fingerprinting|AudioContext Fingerprinting,,,,,0,0,0,0,0,0
Canvas Fingerprinting,,,,,0,0,0,0,0,0
,0.0,0.6154,0.3724,replace_class_defs,0,0,0,0,0,1
,,,,,0,0,1,0,0,0
,,,,,0,0,0,1,0,0
,,,,,0,0,0,1,0,0
Canvas Font Fingerprinting,,,,,0,0,0,0,0,0
AudioContext Fingerprinting,0.0,0.8466,0.8703,replace_class_defs,0,0,0,0,0,1
Canvas Fingerprinting|AudioContext Fingerprinting,,,,,0,0,1,0,0,0
,,,,,0,0,0,1,0,0
Canvas Fingerprinting,0.0,0.7118,0.4971,replace_class_defs,0,0,0,0,0,1
,,,,,0,0,0,0,0,0
,,,,,0,0,0,1,0,0
,,,,,0,0,0,1,0,0
Canvas Fingerprinting,,,,,0,0,0,0,0,0
,,,,,0,0,0,1,0,0
,,,,,0,0,0,1,0,0
,,,,,0,0,0,1,0,0
,,,,,0,0,0,1,0,0
AudioContext Fingerprinting,,,,,0,0,0,0,0,0
AudioContext Fingerprinting,0.0,0.8866,1.2278,replace_class_defs,0,0,0,0,0,1
,,,,,0,0,0,1,0,0
,,,,,0,0,0,0,0,0
,,,,,0,0,0,1,0,0
,,,,,0,0,0,1,0,0
,0.0,0.6586,0.4418,replace_class_defs,0,0,0,0,0,1
,,,,,0,0,0,1,0,0
,,,,,0,0,0,1,0,0
,,,,,0,0,0,0,0,0
WebRTC Fingerprinting,,,,,0,0,0,0,0,0
,0.0,0.6098,0.3788,replace_class_defs,0,0,0,0,0,1
Canvas Fingerprinting,,,,,0,0,1,0,0,0
Canvas Fingerprinting|AudioContext Fingerprinting,0.0,0.6966,0.4683,replace_class_defs,0,0,0,0,0,1
,,,,,0,0,0,1,0,0
AudioContext Fingerprinting,,,,,0,0,0,0,0,0
AudioContext Fingerprinting,0.0,0.8109,0.7837,replace_class_defs,0,0,0,0,0,1
,,,,,0,0,0,1,0,0
AudioContext Fingerprinting,,,,,0,0,0,0,0,0
,,,,,0,0,0,1,0,0
AudioContext Fingerprinting,,,,,0,0,0,0,0,0
AudioContext Fingerprinting,,,,,0,0,0,0,0,0
Canvas Fingerprinting,,,,,0,0,0,0,0,0
,,,,,0,0,0,1,0,0
Canvas Fingerprinting|AudioContext Fingerprinting,,,,,0,0,0,0,0,0
,0.0,0.6178,0.378,replace_class_defs,0,0,0,0,0,1
,,,,,0,0,0,1,0,0
,,,,,0,0,0,0,0,0
Canvas Fingerprinting|AudioContext Fingerprinting,,,,,0,0,0,0,0,0
AudioContext Fingerprinting,0.0,0.7961,0.7011,replace_class_defs,0,0,0,0,0,1
AudioContext Fingerprinting,,,,,0,0,1,0,0,0
Canvas Fingerprinting|AudioContext Fingerprinting,0.0,0.6697,0.4824,replace_class_defs,0,0,0,0,0,1
,,,,,0,0,0,1,0,0
,,,,,0,0,0,1,0,0
,,,,,0,0,0,1,0,0
,,,,,0,0,0,0,0,0
,,,,,0,0,0,1,0,0
Canvas Fingerprinting|AudioContext Fingerprinting,,,,,0,0,0,0,0,0
AudioContext Fingerprinting,0.0,0.6281,0.3807,replace_class_defs,0,0,0,0,0,1
Canvas Fingerprinting|AudioContext Fingerprinting,,,,,0,0,0,0,0,0
Canvas Fingerprinting,,,,,0,0,0,0,0,0
WebRTC Fingerprinting,,,,,0,0,1,0,0,0
,,,,,0,0,0,0,0,0
,,,,,0,0,0,1,0,0
,,,,,0,0,0,1,0,0
,,,,,0,0,0,1,0,0
,,,,,0,0,0,1,0,0
WebRTC Fingerprinting,,,,,0,0,0,0,0,0
Canvas Fingerprinting|AudioContext Fingerprinting,,,,,0,0,0,0,0,0
,,,,,0,0,0,1,0,0
,,,,,0,0,0,1,0,0
Canvas Fingerprinting|AudioContext Fingerprinting,0.0,0.6389,0.4492,replace_class_defs,0,0,0,0,0,1
,,,,,0,0,1,0,0,0
AudioContext Fingerprinting,,,,,0,0,0,0,0,0
AudioContext Fingerprinting,,,,,0,0,0,0,0,0
AudioContext Fingerprinting,0.0,1.0315,1.2744,replace_class_defs,0,0,0,0,0,1
,,,,,0,0,0,1,0,0
Canvas Fingerprinting|AudioContext Fingerprinting,0.0,0.6337,0.4361,replace_class_defs,0,0,0,0,0,1
AudioContext Fingerprinting,,,,,0,0,1,0,0,0
WebRTC Fingerprinting,,,,,0,0,0,0,0,0
,,,,,0,0,1,0,0,0
,,,,,0,0,0,1,0,0
,,,,,0,0,0,1,0,0
,,,,,0,0,0,0,0,0
Canvas Fingerprinting,0.0,0.6362,0.3992,replace_class_defs,0,0,0,0,0,1
AudioContext Fingerprinting,,,,,0,0,0,0,0,0
,,,,,0,0,0,0,0,0
,,,,,0,0,0,1,0,0
,,,,,0,0,0,1,0,0
,,,,,0,0,0,1,0,0
,,,,,0,0,0,1,0,0
,0.0,0.6154,0.3517,replace_class_defs,0,0,0,0,0,1
AudioContext Fingerprinting,0.0,1.0237,1.2441,replace_class_defs,0,0,0,0,0,1
,,,,,0,0,0,1,0,0
,,,,,0,0,0,1,0,0
,0.0,0.6102,0.3696,replace_class_defs,0,0,0,0,0,1
,,,,,0,0,0,1,0,0
,,,,,0,0,0,1,0,0
,0.0,0.6081,0.403,replace_class_defs,0,0,0,0,0,1
Canvas Fingerprinting,0.0,0.6467,0.4324,replace_class_defs,0,0,0,0,0,1
,,,,,0,0,0,1,0,0
Canvas Fingerprinting|AudioContext Fingerprinting,0.0,0.6875,0.456,replace_class_defs,0,0,0,0,0,1
,,,,,0,0,0,1,0,0
,0.0,0.6318,0.3821,replace_class_defs,0,0,0,0,0,1
,,,,,0,0,0,1,0,0
,,,,,0,0,0,0,0,0
Canvas Font Fingerprinting,0.0,1.2924,2.2594,replace_class_defs,0,0,0,0,0,1
,,,,,0,0,0,1,0,0
,,,,,0,0,0,1,0,0
